race_id,race_name,track_name,track_type,race_date,broadcaster,network_group,over_the_air,total_laps,car_number,driver,team_name,sponsor,is_ny_racing,avg_ps,lead_laps,top15_laps,finish,status,viewers_m,lead_frac,crashed,run_rank,share_p50,clear_sec_p10,clear_sec_p50,clear_sec_p90,value_p10,value_p50,value_p90,value_mean
5546,DAYTONA 500,Daytona International Speedway,superspeedway,2025-02-16,FOX,FOX,True,201,24,William Byron,Hendrick Motorsports,Axalta,False,11.23,10,149,1,Running,6.761,0.04975124378109453,0.0,4.0,0.036770776,95.49426,142.19037,205.46387,975483.7,1.4812932e+06,2.181519e+06,1.5372549e+06
5546,DAYTONA 500,Daytona International Speedway,superspeedway,2025-02-16,FOX,FOX,True,201,45,Tyler Reddick,23XI Racing,Nasty Beast,False,13.85,0,145,2,Running,6.761,0.0,0.0,6.0,0.02476332,63.576122,95.12274,139.15866,647091.9,994141.2,1.4694914e+06,1.0338248e+06
5546,DAYTONA 500,Daytona International Speedway,superspeedway,2025-02-16,FOX,FOX,True,201,84,Jimmie Johnson,Legacy Motor Club,Carvana,False,27.65,0,41,3,Running,6.761,0.0,0.0,31.0,0.010432681,26.499662,40.393944,59.814323,269596.66,419070.06,635375.1,440070.4
5546,DAYTONA 500,Daytona International Speedway,superspeedway,2025-02-16,FOX,FOX,True,201,19,Chase Briscoe,Joe Gibbs Racing,Bass Pro Shops,False,16.84,4,100,4,Running,6.761,0.01990049751243781,0.0,16.0,0.023506537,62.30752,90.614265,131.08508,627267.5,953539.6,1.3900418e+06,983132.9
5546,DAYTONA 500,Daytona International Speedway,superspeedway,2025-02-16,FOX,FOX,True,201,42,John H. Nemechek,Legacy Motor Club,Dollar Tree,False,20.24,0,75,5,Running,6.761,0.0,0.0,21.0,0.016574612,43.57732,63.741787,92.678116,443906.44,668005.1,981857.4,693010.1
5546,DAYTONA 500,Daytona International Speedway,superspeedway,2025-02-16,FOX,FOX,True,201,48,Alex Bowman,Hendrick Motorsports,Ally,False,14.79,11,121,6,Running,6.761,0.05472636815920398,0.0,9.0,0.031656228,83.19849,121.968956,175.07556,851066.2,1.2718908e+06,1.8777988e+06,1.3224045e+06
5546,DAYTONA 500,Daytona International Speedway,superspeedway,2025-02-16,FOX,FOX,True,201,12,Ryan Blaney,Team Penske,Menards\PEAK,False,9.11,22,147,7,Running,6.761,0.10945273631840796,0.0,2.0,0.0501286,129.9667,193.3403,280.66348,1.330861e+06,2.0098078e+06,2.9859138e+06,2.0940946e+06
5546,DAYTONA 500,Daytona International Speedway,superspeedway,2025-02-16,FOX,FOX,True,201,2,Austin Cindric,Team Penske,Discount Tire,False,5.73,59,178,8,Running,6.761,0.2935323383084577,0.0,1.0,0.08650707,225.74501,331.03778,485.49017,2.2805395e+06,3.451313e+06,5.194491e+06,3.6049842e+06
5546,DAYTONA 500,Daytona International Speedway,superspeedway,2025-02-16,FOX,FOX,True,201,40,Justin Allgaier,JR Motorsports,Traveller Whiskey,False,22.31,0,24,9,Running,6.761,0.0,0.0,28.0,0.014589483,38.09801,56.012318,81.68523,386046.4,584203.94,869556.56,609802.9
5546,DAYTONA 500,Daytona International Speedway,superspeedway,2025-02-16,FOX,FOX,True,201,17,Chris Buescher,RFK Racing,Fastenal,False,14.52,0,128,10,Running,6.761,0.0,0.0,8.0,0.023747457,61.26506,90.81793,133.27446,625299.4,953626.75,1.408072e+06,991006.1
5546,DAYTONA 500,Daytona International Speedway,superspeedway,2025-02-16,FOX,FOX,True,201,71,Michael McDowell,Spire Motorsports,Go Bowling,False,23.26,4,43,11,Running,6.761,0.01990049751243781,0.0,30.0,0.016787764,43.980213,64.56691,93.93012,443503.03,673881.6,1.0053513e+06,701784.0
5546,DAYTONA 500,Daytona International Speedway,superspeedway,2025-02-16,FOX,FOX,True,201,43,Erik Jones,Legacy Motor Club,AdventHealth,False,16.55,0,109,12,Running,6.761,0.0,0.0,14.0,0.020904873,54.66479,80.230865,116.8195,548720.2,840530.3,1.2366125e+06,872248.0
5546,DAYTONA 500,Daytona International Speedway,superspeedway,2025-02-16,FOX,FOX,True,201,99,Daniel Suárez,Trackhouse Racing,Freeway Insurance,False,20.5,0,83,13,Running,6.761,0.0,0.0,22.0,0.016310543,42.957314,62.686665,91.50195,436559.28,656200.0,969086.06,681934.75
5546,DAYTONA 500,Daytona International Speedway,superspeedway,2025-02-16,FOX,FOX,True,201,10,Ty Dillon,Kaulig Racing,Grizzly Nicotine Pouches,False,22.2,3,63,14,Running,6.761,0.014925373134328358,0.0,27.0,0.016983375,44.68984,65.299194,94.725555,450100.9,680730.6,1.0094592e+06,708893.4
5546,DAYTONA 500,Daytona International Speedway,superspeedway,2025-02-16,FOX,FOX,True,201,9,Chase Elliott,Hendrick Motorsports,NAPA Auto Parts,False,10.01,2,147,15,Running,6.761,0.009950248756218905,0.0,3.0,0.033019297,83.252975,127.23917,187.90892,852453.4,1.3302081e+06,1.9921285e+06,1.3828968e+06
5546,DAYTONA 500,Daytona International Speedway,superspeedway,2025-02-16,FOX,FOX,True,201,54,Ty Gibbs,Joe Gibbs Racing,Monster Energy,False,20.51,0,28,16,Running,6.761,0.0,0.0,23.0,0.016301226,42.929344,62.645195,91.46314,436168.97,655724.75,968577.6,681513.75
5546,DAYTONA 500,Daytona International Speedway,superspeedway,2025-02-16,FOX,FOX,True,201,35,Riley Herbst,23XI Racing,Monster Energy Zero Sugar,False,18.7,0,85,17,Running,6.761,0.0,0.0,19.0,0.018221423,48.022057,70.14102,101.72511,485468.47,736188.25,1.0793726e+06,762599.3
5546,DAYTONA 500,Daytona International Speedway,superspeedway,2025-02-16,FOX,FOX,True,201,47,Ricky Stenhouse Jr,HYAK Motorsports,SunnyD,False,17.82,0,83,18,Running,6.761,0.0,0.0,18.0,0.019267239,50.839737,74.13767,107.91136,512978.78,778314.5,1.1410198e+06,805621.7
5546,DAYTONA 500,Daytona International Speedway,superspeedway,2025-02-16,FOX,FOX,True,201,7,Justin Haley,Spire Motorsports,Chili's Ride the 'Dente,False,30.89,0,11,19,Running,6.761,0.0,0.0,35.0,0.008482106,21.057014,33.208622,50.405552,214815.03,341620.12,530753.8,362006.22
5546,DAYTONA 500,Daytona International Speedway,superspeedway,2025-02-16,FOX,FOX,True,201,5,Kyle Larson,Hendrick Motorsports,HendrickCars.com,False,17.51,0,85,20,Running,6.761,0.0,0.0,17.0,0.019665826,51.81258,75.65445,110.236664,521920.7,791409.5,1.1638246e+06,821376.5
5546,DAYTONA 500,Daytona International Speedway,superspeedway,2025-02-16,FOX,FOX,True,201,41,Cole Custer,Haas Factory Team,HaasTooling.com,False,21.28,0,53,21,Running,6.761,0.0,0.0,25.0,0.015541229,40.79671,59.748825,87.17703,414062.5,623641.1,923568.44,649810.6
5546,DAYTONA 500,Daytona International Speedway,superspeedway,2025-02-16,FOX,FOX,True,201,01,Corey LaJoie,Rick Ware Racing,Take 5 Oil Change/DuraMax,False,16.53,10,101,22,Running,6.761,0.04975124378109453,0.0,13.0,0.028527096,74.91011,109.81762,157.54193,766336.2,1.1422565e+06,1.701821e+06,1.1898196e+06
5546,DAYTONA 500,Daytona International Speedway,superspeedway,2025-02-16,FOX,FOX,True,201,3,Austin Dillon,Richard Childress Racing,Bass Pro Shops/Winchester,False,14.24,0,117,23,Running,6.761,0.0,0.0,7.0,0.024156533,62.4455,92.60092,135.86877,635140.6,970398.5,1.4322311e+06,1.00867094e+06
5546,DAYTONA 500,Daytona International Speedway,superspeedway,2025-02-16,FOX,FOX,True,201,11,Denny Hamlin,Joe Gibbs Racing,National Debt Relief,False,19.13,6,68,24,Running,6.761,0.029850746268656716,0.0,20.0,0.02233043,59.40626,85.79463,123.97834,597026.56,896135.75,1.3278775e+06,932346.3
5546,DAYTONA 500,Daytona International Speedway,superspeedway,2025-02-16,FOX,FOX,True,201,51,Cody Ware,Rick Ware Racing,Parts Plus-Jacob Construction,False,30.23,0,6,25,Accident,6.761,0.0,1.0,33.0,0.019840943,49.32638,75.28211,113.83668,498846.34,786529.94,1.1955125e+06,825216.3
5546,DAYTONA 500,Daytona International Speedway,superspeedway,2025-02-16,FOX,FOX,True,201,6,Brad Keselowski,RFK Racing,Kroger/Cottonelle,False,20.95,0,45,26,Running,6.761,0.0,0.0,24.0,0.015873149,41.67547,61.009514,89.105644,422306.3,637552.6,942659.1,663203.1
5546,DAYTONA 500,Daytona International Speedway,superspeedway,2025-02-16,FOX,FOX,True,201,34,Todd Gilliland,Front Row Motorsports,Love's Travel Stops,False,16.71,0,95,27,Running,6.761,0.0,0.0,15.0,0.020690845,54.11377,79.50754,115.961876,543987.4,832528.6,1.224946e+06,863545.8
5546,DAYTONA 500,Daytona International Speedway,superspeedway,2025-02-16,FOX,FOX,True,201,4,Noah Gragson,Front Row Motorsports,Rush Truck Centers,False,23.13,2,54,28,Running,6.761,0.009950248756218905,0.0,29.0,0.015381326,40.37033,59.165524,86.22412,407783.3,617862.3,919601.06,643101.56
5546,DAYTONA 500,Daytona International Speedway,superspeedway,2025-02-16,FOX,FOX,True,201,23,Bubba Wallace,23XI Racing,McDonald's,False,11.43,18,141,29,Accident,6.761,0.08955223880597014,1.0,5.0,0.053393185,140.57413,205.03073,297.34888,1.427487e+06,2.1410982e+06,3.1569912e+06,2.2235715e+06
5546,DAYTONA 500,Daytona International Speedway,superspeedway,2025-02-16,FOX,FOX,True,201,77,Carson Hocevar,Spire Motorsports,Zeigler Auto Group,False,33.21,1,3,30,Fuel Pressure,6.761,0.004975124378109453,0.0,37.0,0.00813264,19.91959,31.533741,48.808037,202624.81,325127.53,513282.25,346802.12
5546,DAYTONA 500,Daytona International Speedway,superspeedway,2025-02-16,FOX,FOX,True,201,20,Christopher Bell,Joe Gibbs Racing,DEWALT - Interstate Batteries,False,15.6,0,101,31,Accident,6.761,0.0,1.0,11.0,0.032997917,85.07498,126.596436,184.43211,868494.25,1.3100424e+06,1.9695658e+06,1.3744329e+06
5546,DAYTONA 500,Daytona International Speedway,superspeedway,2025-02-16,FOX,FOX,True,201,60,Ryan Preece,RFK Racing,BuildSubmarines.com,False,21.67,6,49,32,Accident,6.761,0.029850746268656716,1.0,26.0,0.030539531,79.35941,117.122795,169.91788,809249.0,1.2232252e+06,1.8085465e+06,1.2728126e+06
5546,DAYTONA 500,Daytona International Speedway,superspeedway,2025-02-16,FOX,FOX,True,201,88,Shane Van Gisbergen,Trackhouse Racing,WeatherTech,False,29.16,0,30,33,Running,6.761,0.0,0.0,32.0,0.009474341,23.812279,36.785236,55.228043,243841.44,380280.97,584302.2,401689.6
5546,DAYTONA 500,Daytona International Speedway,superspeedway,2025-02-16,FOX,FOX,True,201,8,Kyle Busch,Richard Childress Racing,Zone,False,14.87,0,118,34,Accident,6.761,0.0,1.0,10.0,0.034156248,88.01149,131.06842,190.92882,893708.25,1.3527174e+06,2.032815e+06,1.4179606e+06
5546,DAYTONA 500,Daytona International Speedway,superspeedway,2025-02-16,FOX,FOX,True,201,22,Joey Logano,Team Penske,Shell Pennzoil,False,15.69,43,106,35,Accident,6.761,0.21393034825870647,1.0,12.0,0.06538281,169.77946,249.65512,366.38367,1.7167226e+06,2.6142442e+06,3.9166792e+06,2.7300582e+06
5546,DAYTONA 500,Daytona International Speedway,superspeedway,2025-02-16,FOX,FOX,True,201,38,Zane Smith,Front Row Motorsports,Speedy Cash,False,33.92,0,7,36,Accident,6.761,0.0,1.0,38.0,0.01808023,44.080345,68.16041,104.48994,449185.7,710321.9,1.0983404e+06,750710.3
5546,DAYTONA 500,Daytona International Speedway,superspeedway,2025-02-16,FOX,FOX,True,201,21,Josh Berry,Wood Brothers Racing,Motorcraft \ Quick Lane,False,32.92,0,1,37,Accident,6.761,0.0,1.0,36.0,0.018509146,45.428356,69.96928,106.80162,462716.5,730449.5,1.122474e+06,769226.0
5546,DAYTONA 500,Daytona International Speedway,superspeedway,2025-02-16,FOX,FOX,True,201,56,Martin Truex Jr,TRICON Garage,Bass Pro Shops/Tracker Boats,False,34.38,0,0,38,Accident,6.761,0.0,1.0,39.0,0.017883305,43.411682,67.32299,103.49406,442333.2,702098.9,1.088954e+06,742574.0
5546,DAYTONA 500,Daytona International Speedway,superspeedway,2025-02-16,FOX,FOX,True,201,91,Helio Castroneves,Trackhouse Racing,Wendy's,False,35.45,0,3,39,Accident,6.761,0.0,1.0,41.0,0.017458865,42.009,65.542755,101.384674,430133.62,684064.0,1.0652368e+06,724530.4
5546,DAYTONA 500,Daytona International Speedway,superspeedway,2025-02-16,FOX,FOX,True,201,1,Ross Chastain,Trackhouse Racing,Busch Light,False,30.85,0,38,40,Accident,6.761,0.0,1.0,34.0,0.019517869,48.285667,74.003815,112.07132,490545.44,772945.44,1.176701e+06,811456.8
5546,DAYTONA 500,Daytona International Speedway,superspeedway,2025-02-16,FOX,FOX,True,201,16,AJ Allmendinger,Kaulig Racing,Celsius,False,35.22,0,34,41,Engine,6.761,0.0,0.0,40.0,0.0064738267,15.469772,25.111378,40.071537,157201.48,260047.62,422597.1,279726.7
5547,Ambetter Health 400,Atlanta Motor Speedway,superspeedway,2025-02-23,FOX,FOX,True,266,20,Christopher Bell,Joe Gibbs Racing,DEWALT,False,15.97,1,117,1,Running,4.586,0.0037593984962406013,0.0,14.0,0.021649305,57.293236,83.60015,121.11904,210161.17,345493.9,554626.9,367035.53
5547,Ambetter Health 400,Atlanta Motor Speedway,superspeedway,2025-02-23,FOX,FOX,True,266,77,Carson Hocevar,Spire Motorsports,Delaware Life,False,9.59,0,241,2,Running,4.586,0.0,0.0,7.0,0.03150454,80.03757,120.92071,178.44128,298797.22,501128.0,821003.1,534108.25
5547,Ambetter Health 400,Atlanta Motor Speedway,superspeedway,2025-02-23,FOX,FOX,True,266,5,Kyle Larson,Hendrick Motorsports,HendrickCars.com,False,9.1,12,229,3,Running,4.586,0.045112781954887216,0.0,5.0,0.039574713,102.49751,152.84601,221.92438,383215.6,635423.44,1.0131258e+06,669607.75
5547,Ambetter Health 400,Atlanta Motor Speedway,superspeedway,2025-02-23,FOX,FOX,True,266,12,Ryan Blaney,Team Penske,BodyArmor Zero Sugar,False,9.81,1,232,4,Running,4.586,0.0037593984962406013,0.0,8.0,0.031689264,81.23102,121.45831,179.42987,301281.9,504939.56,821700.8,536561.7
5547,Ambetter Health 400,Atlanta Motor Speedway,superspeedway,2025-02-23,FOX,FOX,True,266,47,Ricky Stenhouse Jr,HYAK Motorsports,Martin's Famous Potato Rolls,False,18.36,0,131,5,Running,4.586,0.0,0.0,18.0,0.018179499,47.838894,69.86917,101.69855,175974.72,288887.75,465902.78,307781.38
5547,Ambetter Health 400,Atlanta Motor Speedway,superspeedway,2025-02-23,FOX,FOX,True,266,11,Denny Hamlin,Joe Gibbs Racing,Yahoo!,False,18.19,0,116,6,Running,4.586,0.0,0.0,17.0,0.018365722,48.367702,70.653854,102.642204,178012.47,291634.8,469807.44,311044.53
5547,Ambetter Health 400,Atlanta Motor Speedway,superspeedway,2025-02-23,FOX,FOX,True,266,8,Kyle Busch,Richard Childress Racing,Cheddar's Scratch Kitchen,False,12.25,13,188,7,Running,4.586,0.04887218045112782,0.0,10.0,0.034249693,90.01785,132.33142,190.61371,335694.62,546070.8,872218.6,579630.3
5547,Ambetter Health 400,Atlanta Motor Speedway,superspeedway,2025-02-23,FOX,FOX,True,266,1,Ross Chastain,Trackhouse Racing,Moose Fraternity,False,15.25,25,121,8,Running,4.586,0.09398496240601503,0.0,13.0,0.03674028,96.23276,141.40108,201.28995,358291.3,583209.7,937384.1,620607.44
5547,Ambetter Health 400,Atlanta Motor Speedway,superspeedway,2025-02-23,FOX,FOX,True,266,23,Bubba Wallace,23XI Racing,Columbia Sportswear Company,False,9.45,0,219,9,Running,4.586,0.0,0.0,6.0,0.031769976,80.45681,121.85997,180.00577,300495.8,504918.56,828632.5,538891.5
5547,Ambetter Health 400,Atlanta Motor Speedway,superspeedway,2025-02-23,FOX,FOX,True,266,42,John H. Nemechek,Legacy Motor Club,Dollar Tree,False,17.15,0,104,10,Running,4.586,0.0,0.0,15.0,0.019560903,51.697227,75.40923,109.20719,189593.19,310819.44,500051.28,331815.53
5547,Ambetter Health 400,Atlanta Motor Speedway,superspeedway,2025-02-23,FOX,FOX,True,266,38,Zane Smith,Front Row Motorsports,City of Refuge,False,21.61,0,37,11,Running,4.586,0.0,0.0,22.0,0.0148817515,38.633846,57.302124,83.118355,142596.03,235662.27,384849.6,251842.3
5547,Ambetter Health 400,Atlanta Motor Speedway,superspeedway,2025-02-23,FOX,FOX,True,266,22,Joey Logano,Team Penske,Shell Pennzoil,False,7.03,83,234,12,Running,4.586,0.31203007518796994,0.0,3.0,0.08551517,222.05832,327.6223,480.18854,837858.44,1.3527335e+06,2.2131645e+06,1.4490918e+06
5547,Ambetter Health 400,Atlanta Motor Speedway,superspeedway,2025-02-23,FOX,FOX,True,266,71,Michael McDowell,Spire Motorsports,Group 1001,False,30.66,0,7,13,Running,4.586,0.0,0.0,33.0,0.008404602,20.573566,32.66959,50.628387,77753.75,133424.47,230819.16,145589.25
5547,Ambetter Health 400,Atlanta Motor Speedway,superspeedway,2025-02-23,FOX,FOX,True,266,16,AJ Allmendinger,Kaulig Racing,Action Industries,False,22.59,0,30,14,Running,4.586,0.0,0.0,25.0,0.0140106715,36.34292,53.921104,78.50837,134215.16,221566.66,361828.5,237154.31
5547,Ambetter Health 400,Atlanta Motor Speedway,superspeedway,2025-02-23,FOX,FOX,True,266,34,Todd Gilliland,Front Row Motorsports,Aaron's Rent to Own,False,12.94,7,160,15,Running,4.586,0.02631578947368421,0.0,11.0,0.029639076,77.80717,114.03594,164.88765,288884.88,473161.06,760451.0,501123.8
5547,Ambetter Health 400,Atlanta Motor Speedway,superspeedway,2025-02-23,FOX,FOX,True,266,3,Austin Dillon,Richard Childress Racing,Get Bioethanol,False,24.49,0,36,16,Running,4.586,0.0,0.0,26.0,0.012410363,31.95306,48.041718,70.51489,118024.7,196415.16,323077.56,211182.66
5547,Ambetter Health 400,Atlanta Motor Speedway,superspeedway,2025-02-23,FOX,FOX,True,266,35,Riley Herbst,23XI Racing,Monster Energy,False,22.45,0,52,17,Running,4.586,0.0,0.0,23.0,0.014129489,36.744293,54.421432,79.02638,135238.97,223433.81,364480.56,239196.27
5547,Ambetter Health 400,Atlanta Motor Speedway,superspeedway,2025-02-23,FOX,FOX,True,266,60,Ryan Preece,RFK Racing,Kroger / Gevalia / Entenmann's,False,18.95,0,64,18,Running,4.586,0.0,0.0,19.0,0.017523527,46.075127,67.26488,98.32366,169724.03,278603.8,449307.4,296731.28
5547,Ambetter Health 400,Atlanta Motor Speedway,superspeedway,2025-02-23,FOX,FOX,True,266,45,Tyler Reddick,23XI Racing,Xfinity Mobile,False,10.39,0,252,19,Running,4.586,0.0,0.0,9.0,0.030007888,76.86656,115.010025,169.38483,285079.53,478729.44,778268.1,507614.12
5547,Ambetter Health 400,Atlanta Motor Speedway,superspeedway,2025-02-23,FOX,FOX,True,266,9,Chase Elliott,Hendrick Motorsports,NAPA Auto Parts,False,19.15,0,130,20,Running,4.586,0.0,0.0,20.0,0.017307809,45.592346,66.334854,97.18942,167765.02,274516.56,444046.28,293080.78
5547,Ambetter Health 400,Atlanta Motor Speedway,superspeedway,2025-02-23,FOX,FOX,True,266,19,Chase Briscoe,Joe Gibbs Racing,Bass Pro Shops,False,18.15,5,75,21,Running,4.586,0.018796992481203006,0.0,16.0,0.02135272,56.65395,81.81221,118.76236,209917.55,342520.38,544516.9,361218.2
5547,Ambetter Health 400,Atlanta Motor Speedway,superspeedway,2025-02-23,FOX,FOX,True,266,78,BJ McLeod,Live Fast Motorsports,Live Fast Motorsports,False,31.01,1,2,22,Running,4.586,0.0037593984962406013,0.0,34.0,0.00883708,21.625568,34.23049,52.93469,81901.125,139986.12,240942.27,152460.66
5547,Ambetter Health 400,Atlanta Motor Speedway,superspeedway,2025-02-23,FOX,FOX,True,266,88,Shane Van Gisbergen,Trackhouse Racing,WeatherTech,False,19.21,2,85,23,Running,4.586,0.007518796992481203,0.0,21.0,0.018434446,48.618492,70.608696,102.54548,179469.42,293683.3,472050.8,311754.72
5547,Ambetter Health 400,Atlanta Motor Speedway,superspeedway,2025-02-23,FOX,FOX,True,266,7,Justin Haley,Spire Motorsports,Gainbridge,False,26.16,0,10,24,Running,4.586,0.0,0.0,30.0,0.011157166,28.224186,43.277565,64.04288,105322.02,177601.9,294194.88,190822.38
5547,Ambetter Health 400,Atlanta Motor Speedway,superspeedway,2025-02-23,FOX,FOX,True,266,21,Josh Berry,Wood Brothers Racing,Motorcraft \ Quick Lane,False,5.55,56,255,25,Accident,4.586,0.21052631578947367,1.0,2.0,0.084652916,222.66553,324.29523,470.41577,825167.0,1.3521656e+06,2.1738778e+06,1.430964e+06
5547,Ambetter Health 400,Atlanta Motor Speedway,superspeedway,2025-02-23,FOX,FOX,True,266,48,Alex Bowman,Hendrick Motorsports,Ally,False,14.48,6,137,26,Running,4.586,0.022556390977443608,0.0,12.0,0.026660474,70.5578,102.5929,148.29602,260659.05,426480.25,685164.3,451362.4
5547,Ambetter Health 400,Atlanta Motor Speedway,superspeedway,2025-02-23,FOX,FOX,True,266,24,William Byron,Hendrick Motorsports,Liberty University,False,8.29,6,242,27,Running,4.586,0.022556390977443608,0.0,4.0,0.03774163,96.79298,145.84178,213.02908,360118.22,604634.06,974893.9,639573.1
5547,Ambetter Health 400,Atlanta Motor Speedway,superspeedway,2025-02-23,FOX,FOX,True,266,2,Austin Cindric,Team Penske,Menards\Delta,False,5.04,47,243,28,Running,4.586,0.17669172932330826,0.0,1.0,0.06965725,180.7813,267.925,390.27182,680214.8,1.1103982e+06,1.7792975e+06,1.1793271e+06
5547,Ambetter Health 400,Atlanta Motor Speedway,superspeedway,2025-02-23,FOX,FOX,True,266,10,Ty Dillon,Kaulig Racing,Sea Best,False,33.49,0,0,29,Running,4.586,0.0,0.0,37.0,0.0070504164,16.742914,27.286312,43.555103,63147.93,112236.22,198253.06,123051.84
5547,Ambetter Health 400,Atlanta Motor Speedway,superspeedway,2025-02-23,FOX,FOX,True,266,17,Chris Buescher,RFK Racing,Fastenal,False,22.45,0,58,30,Running,4.586,0.0,0.0,24.0,0.014129489,36.744293,54.421432,79.02638,135238.97,223433.81,364480.56,239196.27
5547,Ambetter Health 400,Atlanta Motor Speedway,superspeedway,2025-02-23,FOX,FOX,True,266,43,Erik Jones,Legacy Motor Club,AdventHealth,False,29.32,0,13,31,Running,4.586,0.0,0.0,31.0,0.009129899,22.561295,35.594147,54.27536,85170.69,144961.28,246250.06,157740.89
5547,Ambetter Health 400,Atlanta Motor Speedway,superspeedway,2025-02-23,FOX,FOX,True,266,54,Ty Gibbs,Joe Gibbs Racing,SAIA LTL Freight,False,25.68,0,27,32,Accident,4.586,0.0,1.0,28.0,0.022664923,56.9679,86.47368,129.66461,212027.03,357031.56,583420.75,382297.6
5547,Ambetter Health 400,Atlanta Motor Speedway,superspeedway,2025-02-23,FOX,FOX,True,266,99,Daniel Suárez,Trackhouse Racing,Freeway Insurance,False,29.73,0,12,33,Accident,4.586,0.0,1.0,32.0,0.020123273,49.667896,76.489845,116.17982,186357.39,314929.8,520557.44,339756.88
5547,Ambetter Health 400,Atlanta Motor Speedway,superspeedway,2025-02-23,FOX,FOX,True,266,4,Noah Gragson,Front Row Motorsports,Ford,False,25.72,0,30,34,Accident,4.586,0.0,1.0,29.0,0.022641223,56.868256,86.32956,129.51947,211736.3,356620.3,582592.1,381820.7
5547,Ambetter Health 400,Atlanta Motor Speedway,superspeedway,2025-02-23,FOX,FOX,True,266,51,Cody Ware,Rick Ware Racing,Arby's,False,33.89,1,1,35,Accident,4.586,0.0037593984962406013,1.0,38.0,0.018850584,45.244614,70.817314,109.150925,171284.89,292445.4,490169.1,315899.47
5547,Ambetter Health 400,Atlanta Motor Speedway,superspeedway,2025-02-23,FOX,FOX,True,266,41,Cole Custer,Haas Factory Team,3D Systems,False,33.19,0,0,36,Accident,4.586,0.0,1.0,36.0,0.018491313,44.656143,69.527725,107.45375,168835.77,288208.97,482270.4,311099.78
5547,Ambetter Health 400,Atlanta Motor Speedway,superspeedway,2025-02-23,FOX,FOX,True,266,44,JJ Yeley,NY Racing Team,Green River Whiskey,True,35.43,0,2,37,Accident,4.586,0.0,1.0,39.0,0.01762314,41.93365,66.04602,102.84582,157400.48,272506.38,461496.1,295591.6
5547,Ambetter Health 400,Atlanta Motor Speedway,superspeedway,2025-02-23,FOX,FOX,True,266,01,Corey LaJoie,Rick Ware Racing,AirMedCare Network,False,32.3,0,1,38,Accident,4.586,0.0,1.0,35.0,0.018870879,45.95413,71.112724,109.40532,172771.72,294840.44,490186.22,317887.97
5547,Ambetter Health 400,Atlanta Motor Speedway,superspeedway,2025-02-23,FOX,FOX,True,266,6,Brad Keselowski,RFK Racing,BuildSubmarines.com,False,25.35,0,97,39,Accident,4.586,0.0,1.0,27.0,0.022904914,57.648224,87.31285,130.86488,214514.75,360519.12,588376.1,386270.4
5551,EchoPark Automotive Grand Prix,Circuit of The Americas,road,2025-03-02,FOX,FOX,True,95,20,Christopher Bell,Joe Gibbs Racing,DEWALT,False,6.73,8,93,1,Running,4.132,0.08421052631578947,0.0,6.0,0.054544404,142.06244,210.43134,304.3858,475201.25,783392.0,1.2525552e+06,830111.94
5551,EchoPark Automotive Grand Prix,Circuit of The Americas,road,2025-03-02,FOX,FOX,True,95,24,William Byron,Hendrick Motorsports,Raptor,False,4.92,1,95,2,Running,4.132,0.010526315789473684,0.0,3.0,0.046932258,116.14909,180.30801,270.88123,392010.9,673245.4,1.1170721e+06,719457.44
5551,EchoPark Automotive Grand Prix,Circuit of The Americas,road,2025-03-02,FOX,FOX,True,95,45,Tyler Reddick,23XI Racing,The Beast,False,5.9,9,92,3,Running,4.132,0.09473684210526316,0.0,4.0,0.05847072,152.25366,225.56392,326.54324,508587.1,839039.1,1.348651e+06,890523.06
5551,EchoPark Automotive Grand Prix,Circuit of The Americas,road,2025-03-02,FOX,FOX,True,95,9,Chase Elliott,Hendrick Motorsports,NAPA Auto Parts,False,23.37,0,25,4,Running,4.132,0.0,0.0,26.0,0.014263112,36.5496,55.106617,80.883286,122823.57,203020.69,332620.6,217861.11
5551,EchoPark Automotive Grand Prix,Circuit of The Americas,road,2025-03-02,FOX,FOX,True,95,8,Kyle Busch,Richard Childress Racing,Rebel Bourbon,False,2.1,42,95,5,Running,4.132,0.4421052631578947,0.0,1.0,0.1283401,331.5655,487.67938,718.43646,1.1168658e+06,1.8257021e+06,2.9780722e+06,1.9517454e+06
5551,EchoPark Automotive Grand Prix,Circuit of The Americas,road,2025-03-02,FOX,FOX,True,95,88,Shane Van Gisbergen,Trackhouse Racing,WeatherTech,False,3.91,23,95,6,Running,4.132,0.24210526315789474,0.0,2.0,0.08889012,231.9888,340.9067,496.98782,777030.44,1.2781248e+06,2.0493736e+06,1.3529462e+06
5551,EchoPark Automotive Grand Prix,Circuit of The Americas,road,2025-03-02,FOX,FOX,True,95,17,Chris Buescher,RFK Racing,Fastenal,False,15.58,0,45,7,Running,4.132,0.0,0.0,12.0,0.023130905,61.13329,89.166916,129.14754,201372.86,330139.94,532876.56,352307.94
5551,EchoPark Automotive Grand Prix,Circuit of The Americas,road,2025-03-02,FOX,FOX,True,95,4,Noah Gragson,Front Row Motorsports,Rush Truck Centers,False,20.83,0,36,8,Running,4.132,0.0,0.0,22.0,0.016717106,43.565918,64.166214,93.518585,144730.83,237066.88,387388.25,254504.12
5551,EchoPark Automotive Grand Prix,Circuit of The Americas,road,2025-03-02,FOX,FOX,True,95,48,Alex Bowman,Hendrick Motorsports,Ally,False,15.54,0,64,9,Running,4.132,0.0,0.0,11.0,0.023186099,61.215153,89.38077,129.44717,201754.81,331119.16,534405.4,353188.75
5551,EchoPark Automotive Grand Prix,Circuit of The Americas,road,2025-03-02,FOX,FOX,True,95,34,Todd Gilliland,Front Row Motorsports,Love's Travel Stops,False,21.73,0,25,10,Running,4.132,0.0,0.0,23.0,0.015814189,40.899635,60.885284,88.68638,136622.25,224829.58,365995.97,240830.45
5551,EchoPark Automotive Grand Prix,Circuit of The Americas,road,2025-03-02,FOX,FOX,True,95,71,Michael McDowell,Spire Motorsports,Gainbridge,False,19.5,3,36,11,Running,4.132,0.031578947368421054,0.0,17.0,0.023474041,61.58318,90.16845,129.44885,205934.16,334339.94,535282.4,356245.3
5551,EchoPark Automotive Grand Prix,Circuit of The Americas,road,2025-03-02,FOX,FOX,True,95,1,Ross Chastain,Trackhouse Racing,Busch Light For the Love of Texas,False,12.43,0,70,12,Running,4.132,0.0,0.0,8.0,0.028236814,72.99567,108.31658,158.19629,243922.52,406365.12,648859.1,429281.44
5551,EchoPark Automotive Grand Prix,Circuit of The Americas,road,2025-03-02,FOX,FOX,True,95,77,Carson Hocevar,Spire Motorsports,Delaware Life,False,13.15,0,70,13,Running,4.132,0.0,0.0,9.0,0.026997173,70.31268,103.6595,151.33301,233509.6,387859.53,619699.7,410256.0
5551,EchoPark Automotive Grand Prix,Circuit of The Americas,road,2025-03-02,FOX,FOX,True,95,19,Chase Briscoe,Joe Gibbs Racing,Bass Pro Shops,False,10.54,0,80,14,Running,4.132,0.0,0.0,7.0,0.031809937,81.67428,121.64015,178.56541,273531.72,455440.75,734040.4,483750.9
5551,EchoPark Automotive Grand Prix,Circuit of The Americas,road,2025-03-02,FOX,FOX,True,95,6,Brad Keselowski,RFK Racing,Castrol,False,19.52,0,23,15,Running,4.132,0.0,0.0,18.0,0.018143289,47.456985,69.5167,100.65348,157470.38,257843.84,417823.38,275881.56
5551,EchoPark Automotive Grand Prix,Circuit of The Americas,road,2025-03-02,FOX,FOX,True,95,7,Justin Haley,Spire Motorsports,Group 1001,False,18.07,0,40,16,Running,4.132,0.0,0.0,15.0,0.019813875,52.184685,76.01609,110.39512,173160.92,283196.12,455269.0,301757.56
5551,EchoPark Automotive Grand Prix,Circuit of The Americas,road,2025-03-02,FOX,FOX,True,95,35,Riley Herbst,23XI Racing,Chumba Casino,False,22.1,0,2,17,Running,4.132,0.0,0.0,24.0,0.015457192,39.829376,59.53769,86.963554,133758.9,218980.38,358508.84,235435.17
5551,EchoPark Automotive Grand Prix,Circuit of The Americas,road,2025-03-02,FOX,FOX,True,95,47,Ricky Stenhouse Jr,HYAK Motorsports,Rate,False,25.16,0,8,18,Running,4.132,0.0,0.0,29.0,0.012758191,32.274075,49.21723,72.74104,108540.64,181580.69,299800.84,195397.9
5551,EchoPark Automotive Grand Prix,Circuit of The Americas,road,2025-03-02,FOX,FOX,True,95,12,Ryan Blaney,Team Penske,Menards\Duracell,False,14.78,0,57,19,Running,4.132,0.0,0.0,10.0,0.024344038,63.9671,93.54115,136.52612,212482.38,347694.3,559871.3,370374.75
5551,EchoPark Automotive Grand Prix,Circuit of The Americas,road,2025-03-02,FOX,FOX,True,95,23,Bubba Wallace,23XI Racing,Mobil 1,False,18.08,4,32,20,Running,4.132,0.042105263157894736,0.0,16.0,0.026878962,70.58385,103.05811,147.86963,236509.7,384310.5,612667.8,408268.72
5551,EchoPark Automotive Grand Prix,Circuit of The Americas,road,2025-03-02,FOX,FOX,True,95,11,Denny Hamlin,Joe Gibbs Racing,National Debt Relief,False,20.56,0,10,21,Running,4.132,0.0,0.0,20.0,0.017005004,44.365013,65.358185,94.879944,147561.73,241598.47,393046.7,258763.25
5551,EchoPark Automotive Grand Prix,Circuit of The Americas,road,2025-03-02,FOX,FOX,True,95,42,John H. Nemechek,Legacy Motor Club,Pye Barker Fire & Safety,False,26.56,0,3,22,Running,4.132,0.0,0.0,30.0,0.011687313,29.19746,45.10138,67.431,98597.266,166489.66,276283.12,179531.17
5551,EchoPark Automotive Grand Prix,Circuit of The Americas,road,2025-03-02,FOX,FOX,True,95,41,Cole Custer,Haas Factory Team,Haas/Bonanza,False,27.48,0,5,23,Running,4.132,0.0,0.0,31.0,0.011027144,27.489796,42.66942,64.54334,92825.734,156774.56,263355.16,169847.11
5551,EchoPark Automotive Grand Prix,Circuit of The Americas,road,2025-03-02,FOX,FOX,True,95,22,Joey Logano,Team Penske,Shell Pennzoil,False,16.71,0,39,24,Running,4.132,0.0,0.0,13.0,0.02152856,56.847607,82.964676,120.411064,188824.6,308420.38,495650.56,328347.72
5551,EchoPark Automotive Grand Prix,Circuit of The Americas,road,2025-03-02,FOX,FOX,True,95,2,Austin Cindric,Team Penske,Discount Tire,False,25.02,0,14,25,Running,4.132,0.0,0.0,28.0,0.012869294,32.613323,49.69569,73.366875,109605.65,182918.1,302365.9,197063.72
5551,EchoPark Automotive Grand Prix,Circuit of The Americas,road,2025-03-02,FOX,FOX,True,95,21,Josh Berry,Wood Brothers Racing,Freightliner,False,28.36,0,5,26,Running,4.132,0.0,0.0,33.0,0.01044194,25.94409,40.41073,61.67041,87616.92,148583.47,251221.48,161097.45
5551,EchoPark Automotive Grand Prix,Circuit of The Americas,road,2025-03-02,FOX,FOX,True,95,43,Erik Jones,Legacy Motor Club,Dollar Tree,False,29.04,0,3,27,Running,4.132,0.0,0.0,34.0,0.010011364,24.76129,38.806866,59.02352,83676.41,142079.33,242145.67,154661.69
5551,EchoPark Automotive Grand Prix,Circuit of The Americas,road,2025-03-02,FOX,FOX,True,95,10,Ty Dillon,Kaulig Racing,Sea Best,False,32.91,0,0,28,Running,4.132,0.0,0.0,37.0,0.007873159,18.540085,30.306229,48.224976,63337.793,112034.65,198167.42,122839.78
5551,EchoPark Automotive Grand Prix,Circuit of The Americas,road,2025-03-02,FOX,FOX,True,95,38,Zane Smith,Front Row Motorsports,TitleMax,False,27.95,0,2,29,Running,4.132,0.0,0.0,32.0,0.010712132,26.62683,41.439888,63.11692,90098.31,152332.53,257083.7,165113.28
5551,EchoPark Automotive Grand Prix,Circuit of The Americas,road,2025-03-02,FOX,FOX,True,95,16,AJ Allmendinger,Kaulig Racing,Celsius,False,6.21,2,91,30,Running,4.132,0.021052631578947368,0.0,5.0,0.04520013,114.466866,173.56502,256.41382,384598.88,648493.25,1.0630692e+06,690980.9
5551,EchoPark Automotive Grand Prix,Circuit of The Americas,road,2025-03-02,FOX,FOX,True,95,51,Cody Ware,Rick Ware Racing,Arby's,False,31.64,0,0,31,Running,4.132,0.0,0.0,35.0,0.008522408,20.358204,32.841488,51.521767,69986.36,121519.766,211962.75,132444.77
5551,EchoPark Automotive Grand Prix,Circuit of The Americas,road,2025-03-02,FOX,FOX,True,95,5,Kyle Larson,Hendrick Motorsports,HendrickCars.com,False,23.0,0,33,32,Running,4.132,0.0,0.0,25.0,0.014612036,37.563995,56.341866,82.99845,126166.984,207513.5,339853.72,222834.11
5551,EchoPark Automotive Grand Prix,Circuit of The Americas,road,2025-03-02,FOX,FOX,True,95,60,Ryan Preece,RFK Racing,BuildSubmarines.com,False,17.05,3,38,33,Running,4.132,0.031578947368421054,0.0,14.0,0.026459001,69.54135,101.52139,145.74808,233693.22,378064.44,601076.75,401500.97
5551,EchoPark Automotive Grand Prix,Circuit of The Americas,road,2025-03-02,FOX,FOX,True,95,54,Ty Gibbs,Joe Gibbs Racing,Monster Energy,False,19.62,0,39,34,Running,4.132,0.0,0.0,19.0,0.018033693,47.240562,69.12943,100.10648,156692.52,256255.16,415409.38,274184.97
5551,EchoPark Automotive Grand Prix,Circuit of The Americas,road,2025-03-02,FOX,FOX,True,95,3,Austin Dillon,Richard Childress Racing,BREZTRI,False,24.45,0,4,35,Accident,4.132,0.0,1.0,27.0,0.025300968,62.991493,96.273346,145.59406,210776.8,357763.44,589319.5,384692.94
5551,EchoPark Automotive Grand Prix,Circuit of The Americas,road,2025-03-02,FOX,FOX,True,95,99,Daniel Suárez,Trackhouse Racing,Freeway Insurance,False,20.66,0,48,36,Accident,4.132,0.0,1.0,21.0,0.028731296,72.86839,109.95086,164.66016,242992.83,409256.9,666568.44,437868.62
5551,EchoPark Automotive Grand Prix,Circuit of The Americas,road,2025-03-02,FOX,FOX,True,95,87,Connor Zilisch,Trackhouse Racing,Red Bull,False,31.65,0,8,37,Accident,4.132,0.0,1.0,36.0,0.020575238,49.211834,77.398094,121.2529,167140.3,288479.62,487522.84,313057.12
5549,Shriners Children's 500,Phoenix Raceway,short,2025-03-09,FS1,FOX,False,312,20,Christopher Bell,Joe Gibbs Racing,Reser's Fine Foods,False,2.63,105,312,1,Running,2.82,0.33653846153846156,0.0,1.0,0.09999115,260.77008,381.85837,562.26636,596454.6,974490.75,1.5802229e+06,1.0375897e+06
5549,Shriners Children's 500,Phoenix Raceway,short,2025-03-09,FS1,FOX,False,312,11,Denny Hamlin,Joe Gibbs Racing,SportClips Haircuts,False,7.33,3,312,2,Running,2.82,0.009615384615384616,0.0,4.0,0.03694191,93.3457,141.79346,209.48141,215271.6,360045.4,592063.2,384635.3
5549,Shriners Children's 500,Phoenix Raceway,short,2025-03-09,FS1,FOX,False,312,5,Kyle Larson,Hendrick Motorsports,HendrickCars.com,False,8.38,0,312,3,Running,2.82,0.0,0.0,5.0,0.0331885,84.06328,127.10542,187.67097,192720.56,323457.62,530204.4,345347.88
5549,Shriners Children's 500,Phoenix Raceway,short,2025-03-09,FS1,FOX,False,312,21,Josh Berry,Wood Brothers Racing,eero,False,9.1,0,292,4,Running,2.82,0.0,0.0,6.0,0.031710587,81.14726,121.60985,178.64412,184877.34,310654.5,505781.7,329889.56
5549,Shriners Children's 500,Phoenix Raceway,short,2025-03-09,FS1,FOX,False,312,17,Chris Buescher,RFK Racing,Fry's / Thomas' / Philadelphia,False,12.83,0,247,5,Running,2.82,0.0,0.0,12.0,0.025062034,65.39342,96.2668,140.50587,148593.72,245941.34,395923.62,260621.14
5549,Shriners Children's 500,Phoenix Raceway,short,2025-03-09,FS1,FOX,False,312,24,William Byron,Hendrick Motorsports,Z by HP,False,3.76,83,301,6,Running,2.82,0.266025641025641,0.0,2.0,0.085772485,223.57872,328.5364,480.44916,513352.2,837070.6,1.3474212e+06,889675.5
5549,Shriners Children's 500,Phoenix Raceway,short,2025-03-09,FS1,FOX,False,312,48,Alex Bowman,Hendrick Motorsports,Ally Best Friends,False,16.03,0,104,7,Running,2.82,0.0,0.0,16.0,0.020448105,54.058838,78.712326,114.21944,121826.89,200139.27,322387.84,213353.19
5549,Shriners Children's 500,Phoenix Raceway,short,2025-03-09,FS1,FOX,False,312,8,Kyle Busch,Richard Childress Racing,Zone / QuikTrip,False,11.15,0,306,8,Running,2.82,0.0,0.0,9.0,0.027869098,71.732834,106.82937,156.61043,163970.62,273881.84,439279.25,289715.66
5549,Shriners Children's 500,Phoenix Raceway,short,2025-03-09,FS1,FOX,False,312,38,Zane Smith,Front Row Motorsports,Aaron's Rent to Own,False,17.97,0,75,9,Running,2.82,0.0,0.0,18.0,0.018161695,47.790154,69.77232,102.035065,108268.055,177549.61,286856.56,189155.08
5549,Shriners Children's 500,Phoenix Raceway,short,2025-03-09,FS1,FOX,False,312,9,Chase Elliott,Hendrick Motorsports,NAPA Auto Parts,False,12.97,0,270,10,Running,2.82,0.0,0.0,14.0,0.02484566,64.80041,95.335526,139.3485,147429.25,243709.53,391814.12,258339.05
5549,Shriners Children's 500,Phoenix Raceway,short,2025-03-09,FS1,FOX,False,312,1,Ross Chastain,Trackhouse Racing,Kubota Orange Days Sales Event,False,12.86,0,254,11,Running,2.82,0.0,0.0,13.0,0.025015246,65.256805,96.05519,140.1607,148343.4,245448.9,395039.38,260130.36
5549,Shriners Children's 500,Phoenix Raceway,short,2025-03-09,FS1,FOX,False,312,3,Austin Dillon,Richard Childress Racing,Bass Pro Shops/Winchester,False,20.31,0,36,12,Running,2.82,0.0,0.0,20.0,0.015722556,40.796368,60.613697,87.99081,92719.39,153587.5,250091.19,163744.8
5549,Shriners Children's 500,Phoenix Raceway,short,2025-03-09,FS1,FOX,False,312,22,Joey Logano,Team Penske,Hunt Brothers Pizza,False,11.92,81,214,13,Running,2.82,0.25961538461538464,0.0,11.0,0.06641559,169.30983,253.0968,374.6972,394200.84,644380.5,1.0597571e+06,691032.8
5549,Shriners Children's 500,Phoenix Raceway,short,2025-03-09,FS1,FOX,False,312,42,John H. Nemechek,Legacy Motor Club,Pye Barker Fire & Safety,False,22.82,0,43,14,Running,2.82,0.0,0.0,21.0,0.013456546,34.632164,51.88951,76.29096,78606.2,131067.67,215114.03,140432.19
5549,Shriners Children's 500,Phoenix Raceway,short,2025-03-09,FS1,FOX,False,312,60,Ryan Preece,RFK Racing,Solomon Plumbing,False,10.68,34,238,15,Running,2.82,0.10897435897435898,0.0,8.0,0.04541257,118.818665,175.04218,250.23677,274929.62,447603.7,711983.56,472670.25
5549,Shriners Children's 500,Phoenix Raceway,short,2025-03-09,FS1,FOX,False,312,10,Ty Dillon,Kaulig Racing,Hybrid Light,False,23.01,0,72,16,Running,2.82,0.0,0.0,22.0,0.013283316,34.184067,51.30735,75.3669,77597.11,129421.78,212346.73,138815.7
5549,Shriners Children's 500,Phoenix Raceway,short,2025-03-09,FS1,FOX,False,312,34,Todd Gilliland,Front Row Motorsports,Frontline Enterprises INC.,False,23.41,0,0,17,Running,2.82,0.0,0.0,24.0,0.012950846,33.231956,50.117188,73.64636,75492.05,125982.11,207575.73,135476.36
5549,Shriners Children's 500,Phoenix Raceway,short,2025-03-09,FS1,FOX,False,312,43,Erik Jones,Legacy Motor Club,Family Dollar,False,15.78,0,126,18,Running,2.82,0.0,0.0,15.0,0.020755854,54.85999,79.8635,115.98477,123729.85,203330.75,327285.1,216699.88
5549,Shriners Children's 500,Phoenix Raceway,short,2025-03-09,FS1,FOX,False,312,2,Austin Cindric,Team Penske,Menards \ Monster,False,11.65,6,211,19,Running,2.82,0.019230769230769232,0.0,10.0,0.02997997,78.33866,115.2739,166.35527,178904.05,295037.38,470611.28,311461.66
5549,Shriners Children's 500,Phoenix Raceway,short,2025-03-09,FS1,FOX,False,312,45,Tyler Reddick,23XI Racing,Mobil 1,False,5.96,0,271,20,Running,2.82,0.0,0.0,3.0,0.03854073,95.460365,148.15854,220.86325,219988.75,375573.62,629228.25,403097.53
5549,Shriners Children's 500,Phoenix Raceway,short,2025-03-09,FS1,FOX,False,312,47,Ricky Stenhouse Jr,HYAK Motorsports,Ram Self Storage,False,26.1,0,0,21,Running,2.82,0.0,0.0,27.0,0.010902826,27.365349,42.326042,63.50542,62934.387,106934.02,177575.25,115102.64
5549,Shriners Children's 500,Phoenix Raceway,short,2025-03-09,FS1,FOX,False,312,16,AJ Allmendinger,Kaulig Racing,Celsius,False,23.46,0,0,22,Running,2.82,0.0,0.0,25.0,0.0129121225,33.105618,49.935658,73.47407,75247.6,125612.28,207143.28,135064.81
5549,Shriners Children's 500,Phoenix Raceway,short,2025-03-09,FS1,FOX,False,312,99,Daniel Suárez,Trackhouse Racing,Freeway Insurance,False,17.3,0,137,23,Running,2.82,0.0,0.0,17.0,0.018924478,49.866753,72.74231,106.1808,112634.92,185157.53,298048.62,197169.36
5549,Shriners Children's 500,Phoenix Raceway,short,2025-03-09,FS1,FOX,False,312,51,Cody Ware,Rick Ware Racing,Mighty Fire Breaker,False,28.92,0,0,24,Running,2.82,0.0,0.0,32.0,0.009126509,22.415325,35.543037,54.95801,52106.023,89114.39,153259.88,97168.4
5549,Shriners Children's 500,Phoenix Raceway,short,2025-03-09,FS1,FOX,False,312,54,Ty Gibbs,Joe Gibbs Racing,Monster Energy,False,23.06,0,46,25,Accident,2.82,0.0,1.0,23.0,0.024204586,61.245304,92.68329,137.4519,140021.12,235280.97,382619.47,251301.23
5549,Shriners Children's 500,Phoenix Raceway,short,2025-03-09,FS1,FOX,False,312,4,Noah Gragson,Front Row Motorsports,Long John Silver's,False,25.59,0,5,26,Running,2.82,0.0,0.0,26.0,0.011269955,28.392845,43.675476,65.32387,65188.434,110261.875,182974.97,118702.13
5549,Shriners Children's 500,Phoenix Raceway,short,2025-03-09,FS1,FOX,False,312,71,Michael McDowell,Spire Motorsports,Workforce,False,28.19,0,13,27,Running,2.82,0.0,0.0,30.0,0.009542638,23.561607,37.27626,56.920048,54693.28,93385.97,158862.19,101509.05
5549,Shriners Children's 500,Phoenix Raceway,short,2025-03-09,FS1,FOX,False,312,12,Ryan Blaney,Team Penske,Wurth,False,9.51,0,289,28,Engine,2.82,0.0,0.0,7.0,0.03092003,79.24552,118.49909,173.91185,180623.12,303718.84,491836.06,321411.8
5549,Shriners Children's 500,Phoenix Raceway,short,2025-03-09,FS1,FOX,False,312,23,Bubba Wallace,23XI Racing,Leidos,False,18.97,0,68,29,Accident,2.82,0.0,1.0,19.0,0.028011914,71.73049,107.6646,157.54158,163203.66,272857.88,443183.34,290731.38
5549,Shriners Children's 500,Phoenix Raceway,short,2025-03-09,FS1,FOX,False,312,78,Katherine Legge,Live Fast Motorsports,Droplight,False,31.35,0,0,30,Accident,2.82,0.0,1.0,36.0,0.019078823,46.45117,71.82072,110.250755,107333.125,183041.81,304600.97,196981.73
5549,Shriners Children's 500,Phoenix Raceway,short,2025-03-09,FS1,FOX,False,312,88,Shane Van Gisbergen,Trackhouse Racing,WeatherTech,False,30.22,0,0,31,Accident,2.82,0.0,1.0,33.0,0.0196088,48.16217,74.08017,113.089836,110801.91,188634.31,312899.88,202823.56
5549,Shriners Children's 500,Phoenix Raceway,short,2025-03-09,FS1,FOX,False,312,41,Cole Custer,Haas Factory Team,Haas/Andy's,False,30.76,0,0,32,Accident,2.82,0.0,1.0,35.0,0.019349145,47.32149,72.96585,111.56677,109370.69,186148.53,308850.7,199980.38
5549,Shriners Children's 500,Phoenix Raceway,short,2025-03-09,FS1,FOX,False,312,6,Brad Keselowski,RFK Racing,Consumer Cellular,False,28.51,0,2,33,Accident,2.82,0.0,1.0,31.0,0.020513091,50.801765,77.645645,117.73399,116879.734,197773.92,325308.47,212489.56
5549,Shriners Children's 500,Phoenix Raceway,short,2025-03-09,FS1,FOX,False,312,7,Justin Haley,Spire Motorsports,Gainbridge,False,28.16,0,42,34,Accident,2.82,0.0,1.0,29.0,0.020705327,51.388824,78.61603,118.67866,118119.66,199723.44,328964.4,214599.27
5549,Shriners Children's 500,Phoenix Raceway,short,2025-03-09,FS1,FOX,False,312,19,Chase Briscoe,Joe Gibbs Racing,Bass Pro Shops,False,30.63,0,7,35,Accident,2.82,0.0,1.0,34.0,0.01940809,47.516754,73.216354,111.92551,109684.61,186705.66,309836.72,200655.8
5549,Shriners Children's 500,Phoenix Raceway,short,2025-03-09,FS1,FOX,False,312,77,Carson Hocevar,Spire Motorsports,MINER DOCKS DOORS AND MORE.,False,27.62,0,75,36,Accident,2.82,0.0,1.0,28.0,0.021017592,52.381508,80.0946,120.21644,119929.59,202735.38,333208.06,217947.33
5549,Shriners Children's 500,Phoenix Raceway,short,2025-03-09,FS1,FOX,False,312,35,Riley Herbst,23XI Racing,Monster Energy,False,33.91,0,0,37,Accident,2.82,0.0,1.0,37.0,0.017969947,43.01142,67.369156,104.177315,99800.95,171202.77,287904.94,185178.39
5548,Pennzoil 400 presented by Jiffy Lube,Las Vegas Motor Speedway,intermediate,2025-03-16,FS1,FOX,False,267,21,Josh Berry,Wood Brothers Racing,Motorcraft \ Quick Lane,False,7.87,18,240,1,Running,3.011,0.06741573033707865,0.0,3.0,0.0496106,129.23355,192.04898,277.0733,313181.8,519601.3,834149.9,551345.7
5548,Pennzoil 400 presented by Jiffy Lube,Las Vegas Motor Speedway,intermediate,2025-03-16,FS1,FOX,False,267,99,Daniel Suárez,Trackhouse Racing,Freeway Insurance,False,8.64,12,227,2,Running,3.011,0.0449438202247191,0.0,4.0,0.044083156,114.421036,170.35951,246.73694,278615.22,462993.0,744157.8,489752.7
5548,Pennzoil 400 presented by Jiffy Lube,Las Vegas Motor Speedway,intermediate,2025-03-16,FS1,FOX,False,267,60,Ryan Preece,RFK Racing,Consumer Cellular,False,15.26,0,113,3,Running,3.011,0.0,0.0,13.0,0.024167258,63.584694,93.01943,136.06406,153553.89,251965.05,404310.06,268222.06
5548,Pennzoil 400 presented by Jiffy Lube,Las Vegas Motor Speedway,intermediate,2025-03-16,FS1,FOX,False,267,24,William Byron,Hendrick Motorsports,Raptor,False,7.51,10,248,4,Running,3.011,0.03745318352059925,0.0,1.0,0.04550438,117.18262,175.63882,256.4368,284657.0,477069.44,769620.94,506652.88
5548,Pennzoil 400 presented by Jiffy Lube,Las Vegas Motor Speedway,intermediate,2025-03-16,FS1,FOX,False,267,1,Ross Chastain,Trackhouse Racing,Kubota Orange Days Sales Event,False,11.42,14,205,5,Running,3.011,0.052434456928838954,0.0,9.0,0.039472524,103.49911,151.97763,219.05939,251419.22,413265.56,664658.3,437329.16
5548,Pennzoil 400 presented by Jiffy Lube,Las Vegas Motor Speedway,intermediate,2025-03-16,FS1,FOX,False,267,2,Austin Cindric,Team Penske,Discount Tire,False,10.67,47,182,6,Running,3.011,0.1760299625468165,0.0,7.0,0.06110391,160.06201,235.10645,337.15558,392588.3,637231.7,1.0266604e+06,679548.7
5548,Pennzoil 400 presented by Jiffy Lube,Las Vegas Motor Speedway,intermediate,2025-03-16,FS1,FOX,False,267,48,Alex Bowman,Hendrick Motorsports,Ally,False,13.41,2,161,7,Running,3.011,0.00749063670411985,0.0,11.0,0.028392583,74.36705,109.01346,158.74384,180752.86,298390.8,473968.03,314944.12
5548,Pennzoil 400 presented by Jiffy Lube,Las Vegas Motor Speedway,intermediate,2025-03-16,FS1,FOX,False,267,16,AJ Allmendinger,Kaulig Racing,Action Industries,False,10.75,0,198,8,Running,3.011,0.0,0.0,8.0,0.03205373,82.11733,123.00339,180.37857,201399.7,334891.5,540902.9,356460.28
5548,Pennzoil 400 presented by Jiffy Lube,Las Vegas Motor Speedway,intermediate,2025-03-16,FS1,FOX,False,267,5,Kyle Larson,Hendrick Motorsports,HendrickCars.com,False,7.56,61,229,9,Running,3.011,0.22846441947565543,0.0,2.0,0.0768519,200.97101,294.45148,426.78183,493672.94,804782.75,1.2943572e+06,853866.4
5548,Pennzoil 400 presented by Jiffy Lube,Las Vegas Motor Speedway,intermediate,2025-03-16,FS1,FOX,False,267,9,Chase Elliott,Hendrick Motorsports,NAPA Auto Parts,False,14.32,0,140,10,Running,3.011,0.0,0.0,12.0,0.02564671,67.30218,98.57565,144.20386,163024.31,269035.6,428729.4,284512.78
5548,Pennzoil 400 presented by Jiffy Lube,Las Vegas Motor Speedway,intermediate,2025-03-16,FS1,FOX,False,267,6,Brad Keselowski,RFK Racing,Castrol,False,21.04,0,63,11,Running,3.011,0.0,0.0,21.0,0.016889736,44.302227,64.70929,94.25338,106766.18,174850.06,284347.62,187341.2
5548,Pennzoil 400 presented by Jiffy Lube,Las Vegas Motor Speedway,intermediate,2025-03-16,FS1,FOX,False,267,20,Christopher Bell,Joe Gibbs Racing,Interstate Batteries,False,18.09,0,128,12,Running,3.011,0.0,0.0,18.0,0.020237505,53.41134,77.70561,113.12649,129147.26,211286.03,339508.12,224821.64
5548,Pennzoil 400 presented by Jiffy Lube,Las Vegas Motor Speedway,intermediate,2025-03-16,FS1,FOX,False,267,17,Chris Buescher,RFK Racing,Smith's / Dasani,False,19.32,0,95,13,Running,3.011,0.0,0.0,20.0,0.018776834,49.388958,71.94158,104.90659,119259.37,195298.47,314715.72,208317.97
5548,Pennzoil 400 presented by Jiffy Lube,Las Vegas Motor Speedway,intermediate,2025-03-16,FS1,FOX,False,267,7,Justin Haley,Spire Motorsports,Gainbridge,False,23.59,0,28,14,Running,3.011,0.0,0.0,26.0,0.0143888295,37.035362,55.549225,81.50384,90738.54,149094.89,243510.3,160230.64
5548,Pennzoil 400 presented by Jiffy Lube,Las Vegas Motor Speedway,intermediate,2025-03-16,FS1,FOX,False,267,22,Joey Logano,Team Penske,Pennzoil Ultra Platinum,False,9.05,40,211,15,Running,3.011,0.149812734082397,0.0,5.0,0.060497504,158.70381,232.6448,334.379,386990.22,632537.0,1.01216344e+06,670615.2
5548,Pennzoil 400 presented by Jiffy Lube,Las Vegas Motor Speedway,intermediate,2025-03-16,FS1,FOX,False,267,71,Michael McDowell,Spire Motorsports,Group 1001,False,15.41,5,128,16,Running,3.011,0.018726591760299626,0.0,14.0,0.027010567,71.38579,104.17849,149.73041,173465.16,283553.56,449400.97,299892.8
5548,Pennzoil 400 presented by Jiffy Lube,Las Vegas Motor Speedway,intermediate,2025-03-16,FS1,FOX,False,267,19,Chase Briscoe,Joe Gibbs Racing,Bass Pro Shops Spring Fishing Classic,False,28.64,0,21,17,Running,3.011,0.0,0.0,33.0,0.0104809115,26.079178,40.585266,61.62288,64270.168,108962.234,183144.7,118000.58
5548,Pennzoil 400 presented by Jiffy Lube,Las Vegas Motor Speedway,intermediate,2025-03-16,FS1,FOX,False,267,47,Ricky Stenhouse Jr,HYAK Motorsports,Real American Beer,False,18.37,0,96,18,Running,3.011,0.0,0.0,19.0,0.01990927,52.451614,76.382614,111.19912,126835.73,207459.88,333435.5,220948.03
5548,Pennzoil 400 presented by Jiffy Lube,Las Vegas Motor Speedway,intermediate,2025-03-16,FS1,FOX,False,267,35,Riley Herbst,23XI Racing,SunnyD,False,24.11,0,8,19,Running,3.011,0.0,0.0,29.0,0.013928693,35.762596,53.89348,78.999535,87618.055,144604.72,236283.6,155227.06
5548,Pennzoil 400 presented by Jiffy Lube,Las Vegas Motor Speedway,intermediate,2025-03-16,FS1,FOX,False,267,42,John H. Nemechek,Legacy Motor Club,Backstreet Boys,False,24.07,0,12,20,Running,3.011,0.0,0.0,28.0,0.013963763,35.848667,54.0282,79.19058,87864.51,144964.22,236735.81,155605.97
5548,Pennzoil 400 presented by Jiffy Lube,Las Vegas Motor Speedway,intermediate,2025-03-16,FS1,FOX,False,267,10,Ty Dillon,Kaulig Racing,Sea Best,False,23.6,0,34,21,Running,3.011,0.0,0.0,27.0,0.01437963,37.00784,55.524635,81.44382,90679.6,149011.7,243336.77,160132.72
5548,Pennzoil 400 presented by Jiffy Lube,Las Vegas Motor Speedway,intermediate,2025-03-16,FS1,FOX,False,267,54,Ty Gibbs,Joe Gibbs Racing,Monster Energy,False,28.97,0,5,22,Running,3.011,0.0,0.0,34.0,0.010251965,25.53752,39.835342,60.511566,63012.168,106632.36,179812.61,115684.73
5548,Pennzoil 400 presented by Jiffy Lube,Las Vegas Motor Speedway,intermediate,2025-03-16,FS1,FOX,False,267,38,Zane Smith,Front Row Motorsports,TitleMax,False,21.33,0,53,23,Running,3.011,0.0,0.0,22.0,0.0165761,43.326912,63.5727,92.555885,104835.35,171674.94,279856.6,184028.69
5548,Pennzoil 400 presented by Jiffy Lube,Las Vegas Motor Speedway,intermediate,2025-03-16,FS1,FOX,False,267,45,Tyler Reddick,23XI Racing,The Beast,False,9.18,34,232,24,Running,3.011,0.12734082397003746,0.0,6.0,0.056455597,148.84116,217.62566,314.37772,364006.16,593499.6,942253.25,626321.44
5548,Pennzoil 400 presented by Jiffy Lube,Las Vegas Motor Speedway,intermediate,2025-03-16,FS1,FOX,False,267,11,Denny Hamlin,Joe Gibbs Racing,Yahoo!,False,21.81,0,92,25,Running,3.011,0.0,0.0,23.0,0.01608244,41.89422,61.879303,89.93498,101617.86,166664.45,271762.75,178680.45
5548,Pennzoil 400 presented by Jiffy Lube,Las Vegas Motor Speedway,intermediate,2025-03-16,FS1,FOX,False,267,41,Cole Custer,Haas Factory Team,HaasTooling.com,False,23.55,0,13,26,Running,3.011,0.0,0.0,25.0,0.014425326,37.14746,55.674835,81.74437,90974.68,149437.05,244189.94,160622.44
5548,Pennzoil 400 presented by Jiffy Lube,Las Vegas Motor Speedway,intermediate,2025-03-16,FS1,FOX,False,267,43,Erik Jones,Legacy Motor Club,Dollar Tree,False,17.32,1,133,27,Running,3.011,0.003745318352059925,0.0,17.0,0.021847202,57.966694,84.18708,121.82085,139198.36,228014.95,364711.16,242682.73
5548,Pennzoil 400 presented by Jiffy Lube,Las Vegas Motor Speedway,intermediate,2025-03-16,FS1,FOX,False,267,23,Bubba Wallace,23XI Racing,U.S. Air Force,False,11.47,20,195,28,Running,3.011,0.0749063670411985,0.0,10.0,0.04303337,113.349365,166.10434,237.68126,276180.62,452590.22,719556.25,477262.1
5548,Pennzoil 400 presented by Jiffy Lube,Las Vegas Motor Speedway,intermediate,2025-03-16,FS1,FOX,False,267,34,Todd Gilliland,Front Row Motorsports,Love's Travel Stops,False,24.8,0,26,29,Running,3.011,0.0,0.0,30.0,0.013333073,34.21392,51.579453,75.6112,83555.22,138446.53,227584.36,148839.97
5548,Pennzoil 400 presented by Jiffy Lube,Las Vegas Motor Speedway,intermediate,2025-03-16,FS1,FOX,False,267,77,Carson Hocevar,Spire Motorsports,Delaware Life,False,16.11,0,161,30,Running,3.011,0.0,0.0,15.0,0.022925157,60.315918,88.23172,128.2121,145349.94,238774.0,384030.88,254332.62
5548,Pennzoil 400 presented by Jiffy Lube,Las Vegas Motor Speedway,intermediate,2025-03-16,FS1,FOX,False,267,4,Noah Gragson,Front Row Motorsports,Beef a Roo,False,16.72,0,159,31,Accident,3.011,0.0,1.0,16.0,0.033772327,86.54372,129.48174,190.95505,209163.6,350798.06,571433.9,374778.28
5548,Pennzoil 400 presented by Jiffy Lube,Las Vegas Motor Speedway,intermediate,2025-03-16,FS1,FOX,False,267,3,Austin Dillon,Richard Childress Racing,Dow Mobility Science,False,22.85,0,63,32,Running,3.011,0.0,0.0,24.0,0.015078016,38.986248,58.144848,84.97315,94994.64,156140.4,254349.22,167645.11
5548,Pennzoil 400 presented by Jiffy Lube,Las Vegas Motor Speedway,intermediate,2025-03-16,FS1,FOX,False,267,8,Kyle Busch,Richard Childress Racing,BetMGM,False,26.81,3,59,33,Running,3.011,0.011235955056179775,0.0,32.0,0.013622187,34.788895,52.585426,78.291145,85101.25,142576.89,235211.64,152267.89
5548,Pennzoil 400 presented by Jiffy Lube,Las Vegas Motor Speedway,intermediate,2025-03-16,FS1,FOX,False,267,88,Shane Van Gisbergen,Trackhouse Racing,Red Bull,False,31.81,0,0,34,Accident,3.011,0.0,1.0,35.0,0.020546542,49.477264,77.47441,120.38446,122317.0,210308.53,354072.3,227572.56
5548,Pennzoil 400 presented by Jiffy Lube,Las Vegas Motor Speedway,intermediate,2025-03-16,FS1,FOX,False,267,12,Ryan Blaney,Team Penske,Menards\Pennzoil,False,26.64,0,46,35,Accident,3.011,0.0,1.0,31.0,0.023751933,59.06913,90.170166,136.9241,143427.12,244299.3,403592.3,263070.5
5548,Pennzoil 400 presented by Jiffy Lube,Las Vegas Motor Speedway,intermediate,2025-03-16,FS1,FOX,False,267,51,Cody Ware,Rick Ware Racing,Evel Knievel/Parts Plus,False,33.76,0,1,36,Accident,3.011,0.0,1.0,36.0,0.019593226,46.645657,73.59027,115.43469,115063.78,199804.0,339250.94,216909.72
5583,Straight Talk Wireless 400,Homestead-Miami Speedway,intermediate,2025-03-23,FS1,FOX,False,267,5,Kyle Larson,Hendrick Motorsports,HendrickCars.com,False,7.3,19,223,1,Running,2.464,0.07116104868913857,0.0,3.0,0.052885637,137.69104,204.21223,294.43213,274625.1,453315.8,729733.94,480100.84
5583,Straight Talk Wireless 400,Homestead-Miami Speedway,intermediate,2025-03-23,FS1,FOX,False,267,48,Alex Bowman,Hendrick Motorsports,Ally Unrivaled League,False,3.68,43,261,2,Running,2.464,0.16104868913857678,0.0,1.0,0.07890721,205.03203,304.02502,441.35556,409622.8,677052.0,1.0920235e+06,717703.5
5583,Straight Talk Wireless 400,Homestead-Miami Speedway,intermediate,2025-03-23,FS1,FOX,False,267,23,Bubba Wallace,23XI Racing,Columbia Sportswear Company,False,5.89,56,251,3,Running,2.464,0.20973782771535582,0.0,2.0,0.08063854,211.59903,308.58105,448.35196,418702.12,689188.9,1.1090446e+06,732139.3
5583,Straight Talk Wireless 400,Homestead-Miami Speedway,intermediate,2025-03-23,FS1,FOX,False,267,19,Chase Briscoe,Joe Gibbs Racing,Bass Pro Shops Spring Fishing Classic,False,8.76,0,246,4,Running,2.464,0.0,0.0,5.0,0.0369651,92.80685,141.57588,207.37933,186218.81,314106.66,513682.47,335762.2
5583,Straight Talk Wireless 400,Homestead-Miami Speedway,intermediate,2025-03-23,FS1,FOX,False,267,11,Denny Hamlin,Joe Gibbs Racing,Progressive,False,9.73,15,197,5,Running,2.464,0.056179775280898875,0.0,6.0,0.044561133,116.40999,171.63516,247.83849,230603.2,381849.5,607043.6,403665.44
5583,Straight Talk Wireless 400,Homestead-Miami Speedway,intermediate,2025-03-23,FS1,FOX,False,267,17,Chris Buescher,RFK Racing,Kroger / Farm Rich,False,11.57,0,224,6,Running,2.464,0.0,0.0,11.0,0.030983124,79.582535,118.606674,173.4401,158689.3,264673.3,425991.75,280870.56
5583,Straight Talk Wireless 400,Homestead-Miami Speedway,intermediate,2025-03-23,FS1,FOX,False,267,16,AJ Allmendinger,Kaulig Racing,Action Industries,False,9.82,0,248,7,Running,2.464,0.0,0.0,7.0,0.034565702,87.80739,132.30797,193.71045,175394.52,294413.75,478985.38,313842.66
5583,Straight Talk Wireless 400,Homestead-Miami Speedway,intermediate,2025-03-23,FS1,FOX,False,267,45,Tyler Reddick,23XI Racing,Jordan Brand,False,11.61,0,223,8,Running,2.464,0.0,0.0,12.0,0.03090411,79.36049,118.30817,173.03958,158335.16,264043.7,424701.84,280160.62
5583,Straight Talk Wireless 400,Homestead-Miami Speedway,intermediate,2025-03-23,FS1,FOX,False,267,60,Ryan Preece,RFK Racing,BuildSubmarines.com,False,16.96,0,134,9,Running,2.464,0.0,0.0,16.0,0.022027941,58.27229,84.71496,122.77045,115043.91,188083.12,303527.94,200262.84
5583,Straight Talk Wireless 400,Homestead-Miami Speedway,intermediate,2025-03-23,FS1,FOX,False,267,7,Justin Haley,Spire Motorsports,Gainbridge,False,17.71,0,88,10,Running,2.464,0.0,0.0,17.0,0.020990422,55.490967,80.97396,117.18932,109490.13,179817.1,290198.44,191138.42
5583,Straight Talk Wireless 400,Homestead-Miami Speedway,intermediate,2025-03-23,FS1,FOX,False,267,38,Zane Smith,Front Row Motorsports,Aaron's Rent to Own,False,18.8,3,99,11,Running,2.464,0.011235955056179775,0.0,18.0,0.021672428,57.231056,82.890114,119.8218,113211.07,183904.1,295664.56,196251.39
5583,Straight Talk Wireless 400,Homestead-Miami Speedway,intermediate,2025-03-23,FS1,FOX,False,267,24,William Byron,Hendrick Motorsports,Valvoline,False,7.93,1,220,12,Running,2.464,0.003745318352059925,0.0,4.0,0.039597433,99.41464,151.22815,223.55777,198476.94,336607.75,549819.0,359909.16
5583,Straight Talk Wireless 400,Homestead-Miami Speedway,intermediate,2025-03-23,FS1,FOX,False,267,3,Austin Dillon,Richard Childress Racing,Bass Pro Shops/Winchester,False,16.14,0,131,13,Running,2.464,0.0,0.0,15.0,0.02321848,61.191017,89.38489,129.65683,120813.52,198127.94,319193.97,210764.34
5583,Straight Talk Wireless 400,Homestead-Miami Speedway,intermediate,2025-03-23,FS1,FOX,False,267,22,Joey Logano,Team Penske,Shell Pennzoil,False,19.16,0,137,14,Running,2.464,0.0,0.0,19.0,0.019243252,50.53174,73.70111,106.91282,100097.2,163779.0,263634.06,174712.25
5583,Straight Talk Wireless 400,Homestead-Miami Speedway,intermediate,2025-03-23,FS1,FOX,False,267,43,Erik Jones,Legacy Motor Club,Family Dollar,False,22.95,0,29,15,Running,2.464,0.0,0.0,25.0,0.015226577,39.14231,58.80599,85.72901,78563.01,128875.92,210612.08,138400.6
5583,Straight Talk Wireless 400,Homestead-Miami Speedway,intermediate,2025-03-23,FS1,FOX,False,267,4,Noah Gragson,Front Row Motorsports,Beef a Roo,False,11.24,0,204,16,Running,2.464,0.0,0.0,10.0,0.031632308,81.03505,121.08652,177.09373,162526.39,269607.56,436178.03,286798.72
5583,Straight Talk Wireless 400,Homestead-Miami Speedway,intermediate,2025-03-23,FS1,FOX,False,267,21,Josh Berry,Wood Brothers Racing,DEX Imaging,False,14.68,2,124,17,Running,2.464,0.00749063670411985,0.0,13.0,0.026781287,70.16713,102.79472,149.18898,139590.64,228514.44,365046.03,242651.97
5583,Straight Talk Wireless 400,Homestead-Miami Speedway,intermediate,2025-03-23,FS1,FOX,False,267,9,Chase Elliott,Hendrick Motorsports,UniFirst,False,15.24,0,129,18,Running,2.464,0.0,0.0,14.0,0.024606127,64.581505,94.624405,137.4039,127754.82,209643.88,337044.8,222957.28
5583,Straight Talk Wireless 400,Homestead-Miami Speedway,intermediate,2025-03-23,FS1,FOX,False,267,2,Austin Cindric,Team Penske,Menards\Duracell,False,11.18,0,201,19,Running,2.464,0.0,0.0,9.0,0.03175823,81.323944,121.55293,177.7424,163005.16,270809.72,437924.56,287890.44
5583,Straight Talk Wireless 400,Homestead-Miami Speedway,intermediate,2025-03-23,FS1,FOX,False,267,71,Michael McDowell,Spire Motorsports,Delaware Life,False,19.88,0,47,20,Running,2.464,0.0,0.0,20.0,0.018428339,48.33401,70.77097,102.15086,95389.5,156605.78,252086.17,167112.86
5583,Straight Talk Wireless 400,Homestead-Miami Speedway,intermediate,2025-03-23,FS1,FOX,False,267,8,Kyle Busch,Richard Childress Racing,Bank OZK,False,27.67,0,1,21,Running,2.464,0.0,0.0,31.0,0.011359353,28.185148,43.83364,66.177795,57130.785,95934.91,160349.31,103938.61
5583,Straight Talk Wireless 400,Homestead-Miami Speedway,intermediate,2025-03-23,FS1,FOX,False,267,99,Daniel Suárez,Trackhouse Racing,Freeway Insurance,False,20.39,0,36,22,Running,2.464,0.0,0.0,21.0,0.01784962,46.7392,68.67871,99.365234,92311.87,151147.44,245264.42,161940.23
5583,Straight Talk Wireless 400,Homestead-Miami Speedway,intermediate,2025-03-23,FS1,FOX,False,267,42,John H. Nemechek,Legacy Motor Club,Pye Barker Fire & Safety,False,21.86,0,25,23,Running,2.464,0.0,0.0,24.0,0.016301587,42.36305,62.675842,91.269775,83975.09,137484.5,224925.94,147950.78
5583,Straight Talk Wireless 400,Homestead-Miami Speedway,intermediate,2025-03-23,FS1,FOX,False,267,47,Ricky Stenhouse Jr,HYAK Motorsports,betr March Madness,False,25.74,0,18,24,Running,2.464,0.0,0.0,28.0,0.012792626,32.36665,49.321392,73.16883,64957.035,108256.81,180231.39,116790.086
5583,Straight Talk Wireless 400,Homestead-Miami Speedway,intermediate,2025-03-23,FS1,FOX,False,267,54,Ty Gibbs,Joe Gibbs Racing,Monster Energy,False,21.39,0,17,25,Running,2.464,0.0,0.0,23.0,0.016767725,43.68739,64.56232,93.71328,86684.81,141849.78,231005.72,152280.28
5583,Straight Talk Wireless 400,Homestead-Miami Speedway,intermediate,2025-03-23,FS1,FOX,False,267,6,Brad Keselowski,RFK Racing,Nexlizet,False,24.8,0,16,26,Running,2.464,0.0,0.0,26.0,0.013566365,34.5525,52.373466,77.14084,69314.11,114918.766,189884.97,123644.85
5583,Straight Talk Wireless 400,Homestead-Miami Speedway,intermediate,2025-03-23,FS1,FOX,False,267,10,Ty Dillon,Kaulig Racing,Sea Best,False,25.84,0,16,27,Running,2.464,0.0,0.0,29.0,0.012712359,32.163185,49.038902,72.74793,64509.79,107649.234,179039.73,116084.74
5583,Straight Talk Wireless 400,Homestead-Miami Speedway,intermediate,2025-03-23,FS1,FOX,False,267,41,Cole Custer,Haas Factory Team,Autodesk/HaasTooling,False,28.98,0,0,28,Running,2.464,0.0,0.0,32.0,0.010450357,25.860718,40.33734,61.409863,52128.375,88756.3,149841.1,96069.734
5583,Straight Talk Wireless 400,Homestead-Miami Speedway,intermediate,2025-03-23,FS1,FOX,False,267,20,Christopher Bell,Joe Gibbs Racing,Rheem,False,27.01,0,69,29,Running,2.464,0.0,0.0,30.0,0.011837316,29.560669,45.611435,68.285515,59365.188,100444.31,166991.84,108157.266
5583,Straight Talk Wireless 400,Homestead-Miami Speedway,intermediate,2025-03-23,FS1,FOX,False,267,34,Todd Gilliland,Front Row Motorsports,Love's Travel Stops,False,29.43,0,13,30,Running,2.464,0.0,0.0,33.0,0.01015632,25.013838,39.261528,59.776028,50656.27,86255.76,146373.08,93513.51
5583,Straight Talk Wireless 400,Homestead-Miami Speedway,intermediate,2025-03-23,FS1,FOX,False,267,1,Ross Chastain,Trackhouse Racing,Kubota,False,25.21,0,24,31,Running,2.464,0.0,0.0,27.0,0.013213641,33.583366,50.99919,75.4134,67404.86,111940.125,185573.75,120604.33
5583,Straight Talk Wireless 400,Homestead-Miami Speedway,intermediate,2025-03-23,FS1,FOX,False,267,88,Shane Van Gisbergen,Trackhouse Racing,Jockey,False,31.99,0,8,32,Running,2.464,0.0,0.0,35.0,0.008655671,20.698973,33.251587,52.338146,42220.438,73887.42,127929.45,80271.65
5583,Straight Talk Wireless 400,Homestead-Miami Speedway,intermediate,2025-03-23,FS1,FOX,False,267,35,Riley Herbst,23XI Racing,Chumba Casino,False,30.35,0,3,33,Running,2.464,0.0,0.0,34.0,0.009591941,23.407621,37.054977,56.97026,47590.703,81500.78,139245.28,88507.72
5583,Straight Talk Wireless 400,Homestead-Miami Speedway,intermediate,2025-03-23,FS1,FOX,False,267,51,Cody Ware,Rick Ware Racing,Jacob Construction,False,35.17,0,2,34,Running,2.464,0.0,0.0,36.0,0.0070887185,16.33432,27.371246,44.46966,33244.68,60743.312,108908.14,66517.95
5583,Straight Talk Wireless 400,Homestead-Miami Speedway,intermediate,2025-03-23,FS1,FOX,False,267,44,JJ Yeley,NY Racing Team,PCNY,True,35.96,0,0,35,Running,2.464,0.0,0.0,37.0,0.0067625693,15.402208,26.063889,42.730675,31372.984,57879.406,104231.57,63502.31
5583,Straight Talk Wireless 400,Homestead-Miami Speedway,intermediate,2025-03-23,FS1,FOX,False,267,12,Ryan Blaney,Team Penske,Dent Wizard,False,10.34,124,201,36,Engine,2.464,0.46441947565543074,0.0,8.0,0.113358036,284.48495,431.03723,647.6312,580711.2,956371.4,1.5774361e+06,1.0312833e+06
5583,Straight Talk Wireless 400,Homestead-Miami Speedway,intermediate,2025-03-23,FS1,FOX,False,267,77,Carson Hocevar,Spire Motorsports,Zeigler Auto Group,False,20.45,4,140,37,Engine,2.464,0.0149812734082397,0.0,22.0,0.020399705,53.735706,78.206436,113.11018,106715.336,172534.86,278512.97,184815.28
5553,Cook Out 400,Martinsville Speedway,short,2025-03-30,FS1,FOX,False,400,11,Denny Hamlin,Joe Gibbs Racing,Progressive,False,2.39,274,400,1,Running,2.422,0.685,0.0,1.0,0.1717925,439.85226,656.95166,976.91815,875966.0,1.422778e+06,2.3576705e+06,1.5391535e+06
5553,Cook Out 400,Martinsville Speedway,short,2025-03-30,FS1,FOX,False,400,20,Christopher Bell,Joe Gibbs Racing,DEWALT Outdoors,False,5.11,25,400,2,Running,2.422,0.0625,0.0,4.0,0.056104038,144.31558,217.07567,315.63434,281366.72,472563.97,769213.44,502404.5
5553,Cook Out 400,Martinsville Speedway,short,2025-03-30,FS1,FOX,False,400,23,Bubba Wallace,23XI Racing,McDonald's,False,4.45,0,400,3,Running,2.422,0.0,0.0,3.0,0.047166124,114.9248,179.75665,273.54037,227678.56,395306.06,662676.5,423796.0
5553,Cook Out 400,Martinsville Speedway,short,2025-03-30,FS1,FOX,False,400,9,Chase Elliott,Hendrick Motorsports,NAPA Auto Parts,False,3.89,42,396,4,Running,2.422,0.105,0.0,2.0,0.067173585,174.20064,259.37976,378.15558,340210.44,567130.7,920472.8,601103.4
5553,Cook Out 400,Martinsville Speedway,short,2025-03-30,FS1,FOX,False,400,5,Kyle Larson,Hendrick Motorsports,HendrickCars.com,False,6.45,0,400,5,Running,2.422,0.0,0.0,5.0,0.041640878,102.95392,159.03937,237.87529,203661.9,348741.38,577024.1,372643.25
5553,Cook Out 400,Martinsville Speedway,short,2025-03-30,FS1,FOX,False,400,1,Ross Chastain,Trackhouse Racing,Choice Privileges,False,9.92,0,312,6,Running,2.422,0.0,0.0,7.0,0.033498324,85.54711,128.2581,187.64366,168004.0,280470.75,456276.94,298630.47
5553,Cook Out 400,Martinsville Speedway,short,2025-03-30,FS1,FOX,False,400,60,Ryan Preece,RFK Racing,Fastenal,False,20.42,0,119,7,Running,2.422,0.0,0.0,20.0,0.017379172,45.245403,66.9132,96.784164,88383.48,144595.55,234575.88,154927.61
5553,Cook Out 400,Martinsville Speedway,short,2025-03-30,FS1,FOX,False,400,22,Joey Logano,Team Penske,Shell Pennzoil,False,11.49,13,315,8,Running,2.422,0.0325,0.0,10.0,0.036060825,94.64793,138.70848,199.85782,182343.61,303183.75,481746.22,320415.66
5553,Cook Out 400,Martinsville Speedway,short,2025-03-30,FS1,FOX,False,400,19,Chase Briscoe,Joe Gibbs Racing,Bass Pro Shops,False,9.06,0,344,9,Running,2.422,0.0,0.0,6.0,0.035355307,89.198944,135.19116,197.99998,175791.72,295836.8,482366.28,315410.03
5553,Cook Out 400,Martinsville Speedway,short,2025-03-30,FS1,FOX,False,400,34,Todd Gilliland,Front Row Motorsports,Colortech,False,16.61,0,135,10,Running,2.422,0.0,0.0,13.0,0.021924209,58.05625,84.47591,122.306435,112753.195,184189.5,297081.2,196111.55
5553,Cook Out 400,Martinsville Speedway,short,2025-03-30,FS1,FOX,False,400,12,Ryan Blaney,Team Penske,Advance Auto Parts,False,10.47,0,352,11,Running,2.422,0.0,0.0,9.0,0.032378763,82.470245,123.870056,181.19849,162834.78,271254.06,439062.72,288391.2
5553,Cook Out 400,Martinsville Speedway,short,2025-03-30,FS1,FOX,False,400,71,Michael McDowell,Spire Motorsports,Rockingham Speedway,False,13.94,0,296,12,Running,2.422,0.0,0.0,12.0,0.026019037,68.168045,100.08638,145.59999,132237.84,218286.73,351062.5,231715.38
5553,Cook Out 400,Martinsville Speedway,short,2025-03-30,FS1,FOX,False,400,54,Ty Gibbs,Joe Gibbs Racing,Monster Energy,False,10.44,0,359,13,Running,2.422,0.0,0.0,8.0,0.0324363,82.648544,124.14224,181.49223,163058.78,271752.62,439890.75,288940.34
5553,Cook Out 400,Martinsville Speedway,short,2025-03-30,FS1,FOX,False,400,45,Tyler Reddick,23XI Racing,Mobil 1/O'Reilly Auto Parts,False,12.4,0,378,14,Running,2.422,0.0,0.0,11.0,0.028663537,73.95004,109.74372,160.44029,144893.03,240735.5,387077.12,255274.34
5553,Cook Out 400,Martinsville Speedway,short,2025-03-30,FS1,FOX,False,400,10,Ty Dillon,Kaulig Racing,Mark III Employee Benefits,False,18.59,0,107,15,Running,2.422,0.0,0.0,18.0,0.019421436,51.093845,74.4467,108.0237,99452.53,162843.97,261785.5,173440.86
5553,Cook Out 400,Martinsville Speedway,short,2025-03-30,FS1,FOX,False,400,38,Zane Smith,Front Row Motorsports,Long John Silver's,False,17.96,0,162,16,Running,2.422,0.0,0.0,16.0,0.020161878,53.26988,77.54961,112.5415,103544.14,169338.28,273144.88,180340.17
5553,Cook Out 400,Martinsville Speedway,short,2025-03-30,FS1,FOX,False,400,8,Kyle Busch,Richard Childress Racing,Lucas Oil,False,20.11,0,101,17,Running,2.422,0.0,0.0,19.0,0.017712165,46.214382,68.152504,98.45122,90109.26,147461.56,239547.44,157911.62
5553,Cook Out 400,Martinsville Speedway,short,2025-03-30,FS1,FOX,False,400,3,Austin Dillon,Richard Childress Racing,Bass Pro Shops/Winchester,False,17.55,0,107,18,Running,2.422,0.0,0.0,15.0,0.020679876,54.712414,79.5864,115.52827,106135.91,174193.56,281670.28,184984.2
5553,Cook Out 400,Martinsville Speedway,short,2025-03-30,FS1,FOX,False,400,77,Carson Hocevar,Spire Motorsports,Delaware Life,False,21.7,0,28,19,Running,2.422,0.0,0.0,22.0,0.016054165,41.55432,61.69594,90.118744,81464.14,133095.53,217734.14,143219.72
5553,Cook Out 400,Martinsville Speedway,short,2025-03-30,FS1,FOX,False,400,47,Ricky Stenhouse Jr,HYAK Motorsports,SunnyD,False,29.09,0,1,20,Running,2.422,0.0,0.0,32.0,0.010125508,24.838951,39.082596,59.630325,49534.863,84450.81,143439.11,91539.88
5553,Cook Out 400,Martinsville Speedway,short,2025-03-30,FS1,FOX,False,400,99,Daniel Suárez,Trackhouse Racing,Freeway Insurance,False,16.88,0,163,21,Running,2.422,0.0,0.0,14.0,0.021559216,57.05162,83.02089,120.36001,110786.9,181311.1,291462.78,192844.94
5553,Cook Out 400,Martinsville Speedway,short,2025-03-30,FS1,FOX,False,400,24,William Byron,Hendrick Motorsports,Liberty University,False,18.12,0,170,22,Running,2.422,0.0,0.0,17.0,0.019975543,52.643494,76.799774,111.473366,102482.875,167682.84,269971.0,178561.02
5553,Cook Out 400,Martinsville Speedway,short,2025-03-30,FS1,FOX,False,400,16,AJ Allmendinger,Kaulig Racing,Black's Tire,False,22.32,0,14,23,Running,2.422,0.0,0.0,23.0,0.0154556,39.675343,59.541992,86.90849,78344.55,128282.72,210099.02,137886.23
5553,Cook Out 400,Martinsville Speedway,short,2025-03-30,FS1,FOX,False,400,17,Chris Buescher,RFK Racing,Kroger/Old El Paso,False,26.75,0,33,24,Running,2.422,0.0,0.0,31.0,0.011747453,29.229734,45.283783,67.67145,57930.03,97667.0,162725.69,105360.54
5553,Cook Out 400,Martinsville Speedway,short,2025-03-30,FS1,FOX,False,400,42,John H. Nemechek,Legacy Motor Club,Family Dollar,False,26.67,0,32,25,Running,2.422,0.0,0.0,30.0,0.011806691,29.37665,45.438118,68.02821,58171.516,98210.58,163488.31,105870.2
5553,Cook Out 400,Martinsville Speedway,short,2025-03-30,FS1,FOX,False,400,6,Brad Keselowski,RFK Racing,BuildSubmarines.com,False,23.64,0,30,26,Running,2.422,0.0,0.0,24.0,0.01423707,36.22708,54.96505,80.60826,71863.625,118502.55,194768.62,127214.53
5553,Cook Out 400,Martinsville Speedway,short,2025-03-30,FS1,FOX,False,400,48,Alex Bowman,Hendrick Motorsports,Ally,False,20.91,6,126,27,Running,2.422,0.015,0.0,21.0,0.01950713,51.220753,74.64613,108.12281,99419.31,161830.38,261115.69,173432.19
5553,Cook Out 400,Martinsville Speedway,short,2025-03-30,FS1,FOX,False,400,7,Justin Haley,Spire Motorsports,Gainbridge,False,24.62,0,2,28,Running,2.422,0.0,0.0,28.0,0.01338817,33.99928,51.584404,76.24208,67062.97,111445.67,184160.81,119854.95
5553,Cook Out 400,Martinsville Speedway,short,2025-03-30,FS1,FOX,False,400,4,Noah Gragson,Front Row Motorsports,A&W Root Beer,False,24.55,0,75,29,Running,2.422,0.0,0.0,27.0,0.013445195,34.164894,51.85992,76.526115,67443.11,111991.29,184796.14,120365.53
5553,Cook Out 400,Martinsville Speedway,short,2025-03-30,FS1,FOX,False,400,51,Cody Ware,Rick Ware Racing,Arby's,False,32.52,0,0,30,Running,2.422,0.0,0.0,35.0,0.008173951,19.291077,31.378801,49.75299,38706.53,68462.62,119588.31,74629.13
5553,Cook Out 400,Martinsville Speedway,short,2025-03-30,FS1,FOX,False,400,35,Riley Herbst,23XI Racing,Lucy,False,30.52,0,7,31,Running,2.422,0.0,0.0,34.0,0.009265556,22.319246,35.71067,55.126663,44823.57,77573.73,132989.38,84045.11
5553,Cook Out 400,Martinsville Speedway,short,2025-03-30,FS1,FOX,False,400,21,Josh Berry,Wood Brothers Racing,Motorcraft \ Quick Lane,False,30.03,40,74,32,Running,2.422,0.1,0.0,33.0,0.026985472,66.02874,102.14717,157.98695,130323.74,222377.95,371948.6,240544.7
5553,Cook Out 400,Martinsville Speedway,short,2025-03-30,FS1,FOX,False,400,41,Cole Custer,Haas Factory Team,HaasTooling.com,False,24.51,0,102,33,Running,2.422,0.0,0.0,26.0,0.013475597,34.26149,51.976616,76.70702,67627.82,112258.11,185077.83,120658.27
5553,Cook Out 400,Martinsville Speedway,short,2025-03-30,FS1,FOX,False,400,88,Shane Van Gisbergen,Trackhouse Racing,WeatherTech,False,33.13,0,0,34,Running,2.422,0.0,0.0,36.0,0.007863898,18.467554,30.275858,48.300735,37091.617,65633.875,116074.49,71983.72
5553,Cook Out 400,Martinsville Speedway,short,2025-03-30,FS1,FOX,False,400,66,Casey Mears,Garage 66,Canter Power Systems,False,36.39,0,0,35,Running,2.422,0.0,0.0,37.0,0.006428474,14.413365,24.752174,41.018757,29040.348,53797.03,98715.09,59426.91
5553,Cook Out 400,Martinsville Speedway,short,2025-03-30,FS1,FOX,False,400,50,Burt Myers,Team AmeriVet,C3,False,37.18,0,0,36,Running,2.422,0.0,0.0,38.0,0.006120491,13.571512,23.568937,39.381783,27293.646,51499.926,94519.12,56746.492
5553,Cook Out 400,Martinsville Speedway,short,2025-03-30,FS1,FOX,False,400,2,Austin Cindric,Team Penske,Menards \ Jack Links,False,25.76,0,47,37,Electrical,2.422,0.0,0.0,29.0,0.012482676,31.347153,48.118885,71.605965,61807.69,103924.64,172506.52,111853.375
5553,Cook Out 400,Martinsville Speedway,short,2025-03-30,FS1,FOX,False,400,43,Erik Jones,Legacy Motor Club,Dollar Tree,False,24.25,0,13,38,Running,2.422,0.0,0.0,25.0,0.013704831,34.8104,52.880684,77.8493,68841.48,113991.8,187559.6,122579.57
5558,Goodyear 400,Darlington Raceway,intermediate,2025-04-06,FS1,FOX,False,297,11,Denny Hamlin,Joe Gibbs Racing,SportClips Haircuts,False,8.19,10,242,1,Running,2.517,0.03367003367003367,0.0,4.0,0.04356487,112.00336,168.04433,245.35536,228133.66,380907.06,612482.5,404633.38
5558,Goodyear 400,Darlington Raceway,intermediate,2025-04-06,FS1,FOX,False,297,24,William Byron,Hendrick Motorsports,Axalta,False,1.51,243,297,2,Running,2.517,0.8181818181818182,0.0,1.0,0.19708085,504.6559,752.8806,1122.1931,1.0391342e+06,1.695498e+06,2.8070392e+06,1.8344551e+06
5558,Goodyear 400,Darlington Raceway,intermediate,2025-04-06,FS1,FOX,False,297,20,Christopher Bell,Joe Gibbs Racing,DEWALT Outdoors,False,13.67,0,162,3,Running,2.517,0.0,0.0,11.0,0.026807394,69.694336,102.818306,150.15207,140834.66,234376.77,375434.16,248212.52
5558,Goodyear 400,Darlington Raceway,intermediate,2025-04-06,FS1,FOX,False,297,45,Tyler Reddick,23XI Racing,McDonald's,False,6.95,42,280,4,Running,2.517,0.1414141414141414,0.0,2.0,0.06513385,171.07237,250.35641,363.3489,349625.56,572342.1,915199.2,604032.2
5558,Goodyear 400,Darlington Raceway,intermediate,2025-04-06,FS1,FOX,False,297,12,Ryan Blaney,Team Penske,Menards \ Dutch Boy,False,8.79,2,261,5,Running,2.517,0.006734006734006734,0.0,6.0,0.037536755,94.838844,143.9827,210.75528,194461.22,327028.94,532552.25,348830.62
5558,Goodyear 400,Darlington Raceway,intermediate,2025-04-06,FS1,FOX,False,297,17,Chris Buescher,RFK Racing,Fifth Third Bank,False,8.1,0,276,6,Running,2.517,0.0,0.0,3.0,0.03799876,94.929375,145.31467,215.69728,195336.56,330608.3,543903.75,353429.28
5558,Goodyear 400,Darlington Raceway,intermediate,2025-04-06,FS1,FOX,False,297,1,Ross Chastain,Trackhouse Racing,Busch Light Fishing,False,14.21,0,192,7,Running,2.517,0.0,0.0,12.0,0.025917197,67.83287,99.60861,145.3723,136898.66,226495.53,362797.62,239926.89
5558,Goodyear 400,Darlington Raceway,intermediate,2025-04-06,FS1,FOX,False,297,9,Chase Elliott,Hendrick Motorsports,UniFirst,False,14.31,0,192,8,Running,2.517,0.0,0.0,14.0,0.025765097,67.48556,99.01856,144.56708,136049.45,224880.5,361023.4,238424.48
5558,Goodyear 400,Darlington Raceway,intermediate,2025-04-06,FS1,FOX,False,297,54,Ty Gibbs,Joe Gibbs Racing,Monster Energy,False,12.92,0,226,9,Running,2.517,0.0,0.0,8.0,0.028095659,72.36781,107.63612,157.70325,147886.36,246003.6,393302.6,260221.14
5558,Goodyear 400,Darlington Raceway,intermediate,2025-04-06,FS1,FOX,False,297,8,Kyle Busch,Richard Childress Racing,Cheddar's Scratch Kitchen,False,14.79,0,160,10,Running,2.517,0.0,0.0,15.0,0.025007937,65.51764,96.26741,139.96478,132840.02,217963.98,350271.5,231348.81
5558,Goodyear 400,Darlington Raceway,intermediate,2025-04-06,FS1,FOX,False,297,2,Austin Cindric,Team Penske,Freightliner,False,13.09,0,200,11,Running,2.517,0.0,0.0,9.0,0.027803713,71.76499,106.519485,155.91061,146303.33,243411.53,388966.25,257447.17
5558,Goodyear 400,Darlington Raceway,intermediate,2025-04-06,FS1,FOX,False,297,38,Zane Smith,Front Row Motorsports,Long John Silver's,False,14.25,0,185,12,Running,2.517,0.0,0.0,13.0,0.025853716,67.69373,99.37834,145.0659,136573.22,225866.34,362086.88,239324.67
5558,Goodyear 400,Darlington Raceway,intermediate,2025-04-06,FS1,FOX,False,297,22,Joey Logano,Team Penske,Shell Pennzoil,False,8.74,0,248,13,Running,2.517,0.0,0.0,5.0,0.036528252,91.68767,139.76585,205.61823,187648.72,317361.97,519723.66,339265.38
5558,Goodyear 400,Darlington Raceway,intermediate,2025-04-06,FS1,FOX,False,297,34,Todd Gilliland,Front Row Motorsports,Ruedebusch,False,17.44,0,132,14,Running,2.517,0.0,0.0,17.0,0.021093212,55.79679,81.35593,117.87146,112608.38,184363.4,296652.8,196055.06
5558,Goodyear 400,Darlington Raceway,intermediate,2025-04-06,FS1,FOX,False,297,99,Daniel Suárez,Trackhouse Racing,Quaker State,False,23.22,0,18,15,Running,2.517,0.0,0.0,26.0,0.014768753,37.992477,56.949997,83.14333,77974.62,127645.19,208735.73,137270.53
5558,Goodyear 400,Darlington Raceway,intermediate,2025-04-06,FS1,FOX,False,297,10,Ty Dillon,Kaulig Racing,Beaver Street Fisheries,False,19.14,0,112,16,Running,2.517,0.0,0.0,21.0,0.01901258,50.073036,72.89946,105.83811,101178.305,165810.97,266774.75,176426.44
5558,Goodyear 400,Darlington Raceway,intermediate,2025-04-06,FS1,FOX,False,297,43,Erik Jones,Legacy Motor Club,AdventHealth,False,17.66,0,141,17,Running,2.517,0.0,0.0,18.0,0.020802042,54.969913,80.261856,116.13923,110738.06,181947.69,292877.5,193390.8
5558,Goodyear 400,Darlington Raceway,intermediate,2025-04-06,FS1,FOX,False,297,16,AJ Allmendinger,Kaulig Racing,Action Industries,False,16.58,0,88,18,Running,2.517,0.0,0.0,16.0,0.022304708,58.664288,85.81799,124.326805,118963.766,194229.62,313095.06,206845.03
5558,Goodyear 400,Darlington Raceway,intermediate,2025-04-06,FS1,FOX,False,297,4,Noah Gragson,Front Row Motorsports,Beef-a-Roo,False,18.57,0,96,19,Running,2.517,0.0,0.0,19.0,0.01968439,51.900036,75.72116,109.73597,105063.59,171920.6,277665.06,182767.16
5558,Goodyear 400,Darlington Raceway,intermediate,2025-04-06,FS1,FOX,False,297,88,Shane Van Gisbergen,Trackhouse Racing,WeatherTech,False,27.44,0,1,20,Running,2.517,0.0,0.0,31.0,0.01135736,28.354832,43.93569,65.835236,58336.598,98472.88,163561.81,106241.13
5558,Goodyear 400,Darlington Raceway,intermediate,2025-04-06,FS1,FOX,False,297,23,Bubba Wallace,23XI Racing,Columbia Sportswear Company,False,13.65,0,156,21,Running,2.517,0.0,0.0,10.0,0.026842218,69.76498,102.93851,150.33891,141020.33,234775.34,375916.28,248525.06
5558,Goodyear 400,Darlington Raceway,intermediate,2025-04-06,FS1,FOX,False,297,41,Cole Custer,Haas Factory Team,Haas Automation,False,27.89,0,5,22,Running,2.517,0.0,0.0,32.0,0.011044443,27.438805,42.687046,64.42079,56822.91,95656.55,159583.17,103398.18
5558,Goodyear 400,Darlington Raceway,intermediate,2025-04-06,FS1,FOX,False,297,3,Austin Dillon,Richard Childress Racing,BREZTRI,False,21.98,0,55,23,Running,2.517,0.0,0.0,23.0,0.01596517,41.45779,61.391876,89.41564,84005.86,137849.72,225571.88,148100.23
5558,Goodyear 400,Darlington Raceway,intermediate,2025-04-06,FS1,FOX,False,297,7,Justin Haley,Spire Motorsports,Gainbridge,False,24.61,0,9,24,Running,2.517,0.0,0.0,29.0,0.013553706,34.520496,52.3692,76.89527,70917.6,117551.03,192966.2,126112.99
5558,Goodyear 400,Darlington Raceway,intermediate,2025-04-06,FS1,FOX,False,297,47,Ricky Stenhouse Jr,HYAK Motorsports,SunnyD,False,30.22,0,0,25,Running,2.517,0.0,0.0,33.0,0.009549957,23.43222,36.938755,56.30927,48406.08,82756.92,141189.12,89904.9
5558,Goodyear 400,Darlington Raceway,intermediate,2025-04-06,FS1,FOX,False,297,60,Ryan Preece,RFK Racing,Kroger/Country Crock,False,10.63,0,199,26,Running,2.517,0.0,0.0,7.0,0.03245765,82.78629,124.36986,182.12033,169522.73,282302.3,459092.1,300799.53
5558,Goodyear 400,Darlington Raceway,intermediate,2025-04-06,FS1,FOX,False,297,51,Cody Ware,Rick Ware Racing,Jacob Construction,False,31.46,0,6,27,Running,2.517,0.0,0.0,34.0,0.008835284,21.355669,34.105522,52.835037,44572.555,76920.05,132438.47,83492.14
5558,Goodyear 400,Darlington Raceway,intermediate,2025-04-06,FS1,FOX,False,297,19,Chase Briscoe,Joe Gibbs Racing,Bass Pro Shops,False,19.1,0,118,28,Running,2.517,0.0,0.0,20.0,0.019055577,50.146587,73.09666,106.15634,101479.99,166238.12,267574.03,176863.75
5558,Goodyear 400,Darlington Raceway,intermediate,2025-04-06,FS1,FOX,False,297,71,Michael McDowell,Spire Motorsports,Delaware Life,False,22.06,0,48,29,Running,2.517,0.0,0.0,24.0,0.015885476,41.24004,61.063377,89.07489,83596.65,137094.53,224343.06,147375.14
5558,Goodyear 400,Darlington Raceway,intermediate,2025-04-06,FS1,FOX,False,297,42,John H. Nemechek,Legacy Motor Club,Dollar Tree,False,23.99,0,48,30,Running,2.517,0.0,0.0,28.0,0.014076434,36.057545,54.400696,79.67221,74325.64,121995.28,200389.9,130967.33
5558,Goodyear 400,Darlington Raceway,intermediate,2025-04-06,FS1,FOX,False,297,33,Austin Hill,Richard Childress Racing,United Rentals,False,27.29,0,20,31,Running,2.517,0.0,0.0,30.0,0.011463853,28.657894,44.297707,66.28267,58837.453,99435.914,164908.4,107207.125
5558,Goodyear 400,Darlington Raceway,intermediate,2025-04-06,FS1,FOX,False,297,77,Carson Hocevar,Spire Motorsports,Zeigler Auto Group,False,33.55,0,11,32,Running,2.517,0.0,0.0,36.0,0.007752219,18.270515,29.85822,47.48877,38172.71,67429.24,118686.99,73750.35
5558,Goodyear 400,Darlington Raceway,intermediate,2025-04-06,FS1,FOX,False,297,6,Brad Keselowski,RFK Racing,Castrol Seven Critical Areas,False,23.78,0,108,33,Running,2.517,0.0,0.0,27.0,0.014260629,36.621178,55.125046,80.62192,75218.4,123483.97,202625.61,132655.62
5558,Goodyear 400,Darlington Raceway,intermediate,2025-04-06,FS1,FOX,False,297,35,Riley Herbst,23XI Racing,Monster Energy,False,32.57,0,0,34,Running,2.517,0.0,0.0,35.0,0.008241618,19.694054,31.705212,49.99668,40987.777,71794.99,124894.234,78159.95
5558,Goodyear 400,Darlington Raceway,intermediate,2025-04-06,FS1,FOX,False,297,48,Alex Bowman,Hendrick Motorsports,Ally,False,21.82,0,88,35,Running,2.517,0.0,0.0,22.0,0.016125415,41.912724,62.030907,90.3096,84886.91,139363.42,227448.61,149561.52
5558,Goodyear 400,Darlington Raceway,intermediate,2025-04-06,FS1,FOX,False,297,21,Josh Berry,Wood Brothers Racing,Motorcraft \ Quick Lane,False,22.06,0,74,36,Accident,2.517,0.0,1.0,25.0,0.028046079,70.382835,107.07649,161.87556,143813.28,242292.12,398216.6,260449.81
5558,Goodyear 400,Darlington Raceway,intermediate,2025-04-06,FS1,FOX,False,297,5,Kyle Larson,Hendrick Motorsports,HendrickCars.com,False,37.45,0,0,37,Suspension,2.517,0.0,0.0,38.0,0.00608302,13.61006,23.475206,38.89488,28520.367,53064.742,97594.47,58637.605
5558,Goodyear 400,Darlington Raceway,intermediate,2025-04-06,FS1,FOX,False,297,44,JJ Yeley,NY Racing Team,Wawa,True,37.13,0,1,38,Brakes,2.517,0.0,0.0,37.0,0.0061994414,13.965572,23.913837,39.644928,29215.953,54162.547,99058.07,59744.93
5550,Food City 500,Bristol Motor Speedway,short,2025-04-13,FS1,FOX,False,500,5,Kyle Larson,Hendrick Motorsports,HendrickCars.com,False,1.63,411,500,1,Running,2.054,0.822,0.0,1.0,0.19650894,500.21283,750.1084,1120.8033,845372.2,1.3810905e+06,2.2858495e+06,1.492988e+06
5550,Food City 500,Bristol Motor Speedway,short,2025-04-13,FS1,FOX,False,500,11,Denny Hamlin,Joe Gibbs Racing,Progressive,False,3.0,0,496,2,Running,2.054,0.0,0.0,2.0,0.050290003,121.20448,192.68774,293.78387,203245.27,356004.25,601248.94,383754.25
5550,Food City 500,Bristol Motor Speedway,short,2025-04-13,FS1,FOX,False,500,54,Ty Gibbs,Joe Gibbs Racing,Monster Energy,False,6.6,0,495,3,Running,2.054,0.0,0.0,4.0,0.04022153,99.5685,153.18115,228.194,167276.86,284834.88,468289.38,304376.62
5550,Food City 500,Bristol Motor Speedway,short,2025-04-13,FS1,FOX,False,500,19,Chase Briscoe,Joe Gibbs Racing,Bass Pro Shops,False,8.61,0,498,4,Running,2.054,0.0,0.0,8.0,0.035398364,89.11558,135.37672,198.13692,148980.77,251056.66,409608.53,267715.03
5550,Food City 500,Bristol Motor Speedway,short,2025-04-13,FS1,FOX,False,500,12,Ryan Blaney,Team Penske,Menards\Richmond Water Heaters,False,6.37,48,500,5,Running,2.054,0.096,0.0,3.0,0.05748564,149.98953,220.57135,319.8003,248946.1,410262.5,656011.6,434276.97
5550,Food City 500,Bristol Motor Speedway,short,2025-04-13,FS1,FOX,False,500,24,William Byron,Hendrick Motorsports,Axalta,False,12.23,0,316,6,Running,2.054,0.0,0.0,10.0,0.028188288,72.884254,107.91896,157.59598,120556.77,200688.25,322369.56,212868.55
5550,Food City 500,Bristol Motor Speedway,short,2025-04-13,FS1,FOX,False,500,1,Ross Chastain,Trackhouse Racing,Busch Light Flannel,False,16.16,0,247,7,Running,2.054,0.0,0.0,17.0,0.021933623,58.092865,84.556274,122.40787,95758.914,156242.77,252050.75,166430.34
5550,Food City 500,Bristol Motor Speedway,short,2025-04-13,FS1,FOX,False,500,20,Christopher Bell,Joe Gibbs Racing,Rheem,False,7.24,0,488,8,Running,2.054,0.0,0.0,6.0,0.03862284,96.39027,147.23874,217.45241,160840.6,272765.7,448172.53,292165.1
5550,Food City 500,Bristol Motor Speedway,short,2025-04-13,FS1,FOX,False,500,16,AJ Allmendinger,Kaulig Racing,Grizzly Nicotine Pouches,False,10.91,0,491,9,Running,2.054,0.0,0.0,9.0,0.030655593,78.649506,117.25254,171.52492,130917.336,218347.52,350014.3,231362.14
5550,Food City 500,Bristol Motor Speedway,short,2025-04-13,FS1,FOX,False,500,3,Austin Dillon,Richard Childress Racing,Get Bioethanol,False,16.05,0,195,10,Running,2.054,0.0,0.0,16.0,0.022104263,58.431526,85.12226,123.30483,96446.445,157296.5,253196.55,167573.9
5550,Food City 500,Bristol Motor Speedway,short,2025-04-13,FS1,FOX,False,500,77,Carson Hocevar,Spire Motorsports,Chili's Ride the 'Dente,False,6.77,2,476,11,Running,2.054,0.004,0.0,5.0,0.04041964,101.114395,154.51059,228.8479,168643.47,287228.8,469462.03,306306.06
5550,Food City 500,Bristol Motor Speedway,short,2025-04-13,FS1,FOX,False,500,21,Josh Berry,Wood Brothers Racing,Motorcraft \ Quick Lane,False,14.06,0,444,12,Running,2.054,0.0,0.0,12.0,0.025134094,65.98494,96.60501,140.55685,108707.41,178555.56,288105.12,189752.14
5550,Food City 500,Bristol Motor Speedway,short,2025-04-13,FS1,FOX,False,500,7,Justin Haley,Spire Motorsports,Nations Guard,False,7.49,0,487,13,Running,2.054,0.0,0.0,7.0,0.03804987,94.93971,145.01938,213.85266,158542.56,269045.94,440676.8,287535.44
5550,Food City 500,Bristol Motor Speedway,short,2025-04-13,FS1,FOX,False,500,8,Kyle Busch,Richard Childress Racing,Cheddar's Scratch Kitchen,False,18.55,0,161,14,Running,2.054,0.0,0.0,20.0,0.01896384,49.858223,72.66724,105.375275,82207.3,134410.36,216744.52,143500.17
5550,Food City 500,Bristol Motor Speedway,short,2025-04-13,FS1,FOX,False,500,9,Chase Elliott,Hendrick Motorsports,NAPA Auto Parts,False,16.42,0,148,15,Running,2.054,0.0,0.0,19.0,0.021595504,57.14772,83.15372,120.53126,94025.336,153945.03,247605.69,163759.28
5550,Food City 500,Bristol Motor Speedway,short,2025-04-13,FS1,FOX,False,500,6,Brad Keselowski,RFK Racing,Kroger/Oscar Mayer/Rustik Oven,False,15.7,0,196,16,Running,2.054,0.0,0.0,15.0,0.02260261,59.609974,86.91684,126.25841,98565.305,160776.6,258761.27,171268.61
5550,Food City 500,Bristol Motor Speedway,short,2025-04-13,FS1,FOX,False,500,2,Austin Cindric,Team Penske,Snap On,False,19.38,0,0,17,Running,2.054,0.0,0.0,21.0,0.018051459,47.09659,69.300415,100.03993,77734.805,127453.4,205862.36,136333.95
5550,Food City 500,Bristol Motor Speedway,short,2025-04-13,FS1,FOX,False,500,45,Tyler Reddick,23XI Racing,The Beast,False,13.22,0,298,18,Running,2.054,0.0,0.0,11.0,0.026484907,69.22658,101.87787,148.24472,113688.8,188435.19,302817.25,200018.39
5550,Food City 500,Bristol Motor Speedway,short,2025-04-13,FS1,FOX,False,500,23,Bubba Wallace,23XI Racing,U.S. Air Force,False,14.83,0,283,19,Running,2.054,0.0,0.0,14.0,0.023895774,62.88775,91.857155,133.43196,103721.6,169991.83,273970.88,180826.56
5550,Food City 500,Bristol Motor Speedway,short,2025-04-13,FS1,FOX,False,500,60,Ryan Preece,RFK Racing,Boost by Kroger,False,22.17,0,30,20,Running,2.054,0.0,0.0,24.0,0.015181083,38.90321,58.527336,85.42938,65249.047,106917.59,175109.5,114876.35
5550,Food City 500,Bristol Motor Speedway,short,2025-04-13,FS1,FOX,False,500,42,John H. Nemechek,Legacy Motor Club,Dollar Tree,False,27.21,0,0,21,Running,2.054,0.0,0.0,25.0,0.011102553,27.496222,42.74147,64.71956,46403.652,78224.195,130969.28,84625.195
5550,Food City 500,Bristol Motor Speedway,short,2025-04-13,FS1,FOX,False,500,47,Ricky Stenhouse Jr,HYAK Motorsports,SunnyD,False,14.5,0,231,22,Running,2.054,0.0,0.0,13.0,0.024429183,64.223495,93.9395,136.37003,105787.75,173475.1,279098.5,184596.69
5550,Food City 500,Bristol Motor Speedway,short,2025-04-13,FS1,FOX,False,500,4,Noah Gragson,Front Row Motorsports,Rural King,False,27.51,0,0,23,Running,2.054,0.0,0.0,26.0,0.010894763,26.969982,41.890556,63.711727,45460.305,76770.66,128752.07,83112.32
5550,Food City 500,Bristol Motor Speedway,short,2025-04-13,FS1,FOX,False,500,22,Joey Logano,Team Penske,Shell Pennzoil,False,27.61,0,0,24,Running,2.054,0.0,0.0,27.0,0.01082611,26.791636,41.60102,63.4406,45157.758,76256.125,128102.88,82614.31
5550,Food City 500,Bristol Motor Speedway,short,2025-04-13,FS1,FOX,False,500,17,Chris Buescher,RFK Racing,BuildSubmarines.com,False,28.53,0,0,25,Running,2.054,0.0,0.0,29.0,0.010210671,25.107712,39.39387,60.028023,42371.91,72118.38,122325.28,78177.56
5550,Food City 500,Bristol Motor Speedway,short,2025-04-13,FS1,FOX,False,500,43,Erik Jones,Legacy Motor Club,AdventHealth,False,28.58,0,0,26,Running,2.054,0.0,0.0,30.0,0.010178679,25.010527,39.27408,59.862106,42237.266,71915.78,122072.67,77943.65
5550,Food City 500,Bristol Motor Speedway,short,2025-04-13,FS1,FOX,False,500,38,Zane Smith,Front Row Motorsports,Aaron's Lucky Dog,False,20.8,0,29,27,Running,2.054,0.0,0.0,23.0,0.01653215,42.989033,63.52338,92.339424,70854.3,116228.37,189820.31,124931.2
5550,Food City 500,Bristol Motor Speedway,short,2025-04-13,FS1,FOX,False,500,35,Riley Herbst,23XI Racing,Lucy,False,28.42,0,0,28,Running,2.054,0.0,0.0,28.0,0.010282109,25.319597,39.641758,60.39466,42701.438,72620.05,122870.29,78694.555
5550,Food City 500,Bristol Motor Speedway,short,2025-04-13,FS1,FOX,False,500,41,Cole Custer,Haas Factory Team,HaasTooling.com,False,33.25,0,0,29,Running,2.054,0.0,0.0,35.0,0.0075961202,17.717804,29.25543,46.844498,30167.086,53863.367,95722.37,59044.43
5550,Food City 500,Bristol Motor Speedway,short,2025-04-13,FS1,FOX,False,500,71,Michael McDowell,Spire Motorsports,Delaware Life,False,30.86,0,48,30,Running,2.054,0.0,0.0,31.0,0.008826661,21.121609,33.939888,53.01188,35970.355,62728.57,108126.0,68026.34
5550,Food City 500,Bristol Motor Speedway,short,2025-04-13,FS1,FOX,False,500,33,Jesse Love,Richard Childress Racing,C4 Energy,False,33.4,0,0,31,Running,2.054,0.0,0.0,36.0,0.0075271633,17.51236,28.98367,46.501064,29802.188,53434.164,95020.45,58524.117
5550,Food City 500,Bristol Motor Speedway,short,2025-04-13,FS1,FOX,False,500,10,Ty Dillon,Kaulig Racing,Okuma,False,19.84,0,146,32,Running,2.054,0.0,0.0,22.0,0.017542984,45.7158,67.457375,97.52444,75634.766,123687.4,200938.61,132524.94
5550,Food City 500,Bristol Motor Speedway,short,2025-04-13,FS1,FOX,False,500,99,Daniel Suárez,Trackhouse Racing,Choice Privileges,False,30.98,0,0,33,Running,2.054,0.0,0.0,33.0,0.00876048,20.968124,33.66166,52.735893,35633.58,62283.094,107337.79,67542.664
5550,Food City 500,Bristol Motor Speedway,short,2025-04-13,FS1,FOX,False,500,01,Corey LaJoie,Rick Ware Racing,Schluter Systems,False,30.86,0,0,34,Running,2.054,0.0,0.0,32.0,0.008826661,21.121609,33.939888,53.01188,35970.355,62728.57,108126.0,68026.34
5550,Food City 500,Bristol Motor Speedway,short,2025-04-13,FS1,FOX,False,500,34,Todd Gilliland,Front Row Motorsports,Love's Travel Stops,False,31.03,0,0,35,Running,2.054,0.0,0.0,34.0,0.008733121,20.895824,33.557922,52.585182,35493.777,62094.785,107082.77,67342.17
5550,Food City 500,Bristol Motor Speedway,short,2025-04-13,FS1,FOX,False,500,51,Cody Ware,Rick Ware Racing,Arby's,False,36.23,0,0,36,Running,2.054,0.0,0.0,37.0,0.0063197436,14.114436,24.354519,40.422733,24152.78,44930.445,82511.98,49562.395
5550,Food City 500,Bristol Motor Speedway,short,2025-04-13,FS1,FOX,False,500,48,Alex Bowman,Hendrick Motorsports,Ally,False,16.27,39,297,37,Engine,2.054,0.078,0.0,18.0,0.035396658,92.55596,135.62115,193.83487,155274.5,250715.8,401720.03,267168.5
5550,Food City 500,Bristol Motor Speedway,short,2025-04-13,FS1,FOX,False,500,88,Shane Van Gisbergen,Trackhouse Racing,Safety Culture,False,37.83,0,0,38,Suspension,2.054,0.0,0.0,38.0,0.005726908,12.518515,21.93423,37.181908,21434.35,40821.137,75719.77,45147.227
5550,Food City 500,Bristol Motor Speedway,short,2025-04-13,FS1,FOX,False,500,66,Josh Bilicki,Garage 66,Manscaped,False,38.68,0,0,39,Electrical,2.054,0.0,0.0,39.0,0.005432261,11.737018,20.781519,35.606277,20165.004,38832.523,72709.484,42972.273
5555,Jack Link's 500,Talladega Superspeedway,superspeedway,2025-04-27,FOX,FOX,True,188,2,Austin Cindric,Team Penske,Menards \ Quaker State,False,12.59,7,124,1,Running,4.041,0.03723404255319149,0.0,5.0,0.03578978,93.86945,138.15326,200.68823,304623.97,505579.8,806445.75,533577.7
5555,Jack Link's 500,Talladega Superspeedway,superspeedway,2025-04-27,FOX,FOX,True,188,5,Kyle Larson,Hendrick Motorsports,HendrickCars.com,False,14.78,3,119,2,Running,4.041,0.015957446808510637,0.0,8.0,0.028482642,74.820724,109.636246,159.277,242758.75,403118.75,639862.44,424156.16
5555,Jack Link's 500,Talladega Superspeedway,superspeedway,2025-04-27,FOX,FOX,True,188,24,William Byron,Hendrick Motorsports,Valvoline,False,15.53,10,72,3,Running,4.041,0.05319148936170213,0.0,9.0,0.03340261,88.08665,129.09607,184.66183,288267.1,472299.1,745750.3,497567.44
5555,Jack Link's 500,Talladega Superspeedway,superspeedway,2025-04-27,FOX,FOX,True,188,4,Noah Gragson,Front Row Motorsports,Rural King,False,15.8,0,105,4,Running,4.041,0.0,0.0,12.0,0.024256341,63.132923,93.274315,136.07239,205133.83,341988.12,545161.9,361086.2
5555,Jack Link's 500,Talladega Superspeedway,superspeedway,2025-04-27,FOX,FOX,True,188,9,Chase Elliott,Hendrick Motorsports,Amazon Prime Video,False,15.54,1,108,5,Running,4.041,0.005319148936170213,0.0,10.0,0.025512066,66.78369,97.997185,142.90527,217417.78,360384.38,571399.3,380075.47
5555,Jack Link's 500,Talladega Superspeedway,superspeedway,2025-04-27,FOX,FOX,True,188,77,Carson Hocevar,Spire Motorsports,Chili's Ride the 'Dente,False,20.87,3,69,6,Running,4.041,0.015957446808510637,0.0,28.0,0.02030892,53.85399,77.93622,112.5723,175050.52,284814.34,452848.9,302147.03
5555,Jack Link's 500,Talladega Superspeedway,superspeedway,2025-04-27,FOX,FOX,True,188,48,Alex Bowman,Hendrick Motorsports,Ally,False,17.11,0,87,7,Running,4.041,0.0,0.0,16.0,0.022306638,58.683525,85.99203,125.80857,190556.16,314152.12,501166.28,332557.62
5555,Jack Link's 500,Talladega Superspeedway,superspeedway,2025-04-27,FOX,FOX,True,188,23,Bubba Wallace,23XI Racing,Leidos,False,11.11,5,132,8,Running,4.041,0.026595744680851064,0.0,2.0,0.036875032,95.95356,142.37738,207.72453,312454.06,520246.06,831851.5,551249.25
5555,Jack Link's 500,Talladega Superspeedway,superspeedway,2025-04-27,FOX,FOX,True,188,99,Daniel Suárez,Trackhouse Racing,Wendy's Frosty,False,19.81,2,73,9,Running,4.041,0.010638297872340425,0.0,21.0,0.020604927,54.744896,79.18039,113.75182,177279.25,290248.28,462654.1,307014.75
5555,Jack Link's 500,Talladega Superspeedway,superspeedway,2025-04-27,FOX,FOX,True,188,3,Austin Dillon,Richard Childress Racing,Bass Pro Shops/Winchester,False,20.33,0,56,10,Running,4.041,0.0,0.0,23.0,0.018257491,48.194534,70.00532,101.9768,156135.33,255679.81,410612.62,272023.03
5555,Jack Link's 500,Talladega Superspeedway,superspeedway,2025-04-27,FOX,FOX,True,188,71,Michael McDowell,Spire Motorsports,Gunk,False,20.62,10,64,11,Running,4.041,0.05319148936170213,0.0,24.0,0.026687985,70.26632,102.56508,147.77525,230696.36,374341.62,599138.4,397459.7
5555,Jack Link's 500,Talladega Superspeedway,superspeedway,2025-04-27,FOX,FOX,True,188,47,Ricky Stenhouse Jr,HYAK Motorsports,NOS Energy,False,17.24,0,99,12,Running,4.041,0.0,0.0,18.0,0.022136442,58.190628,85.22041,124.85498,189108.28,310804.12,497072.62,329857.78
5555,Jack Link's 500,Talladega Superspeedway,superspeedway,2025-04-27,FOX,FOX,True,188,41,Cole Custer,Haas Factory Team,Haas/Andy's,False,14.63,2,104,13,Running,4.041,0.010638297872340425,0.0,7.0,0.027833689,72.712074,107.03273,156.12044,237617.05,394148.5,625871.7,414792.97
5555,Jack Link's 500,Talladega Superspeedway,superspeedway,2025-04-27,FOX,FOX,True,188,45,Tyler Reddick,23XI Racing,Xfinity Mobile,False,17.11,0,75,14,Running,4.041,0.0,0.0,17.0,0.022306638,58.683525,85.99203,125.80857,190556.16,314152.12,501166.28,332557.62
5555,Jack Link's 500,Talladega Superspeedway,superspeedway,2025-04-27,FOX,FOX,True,188,19,Chase Briscoe,Joe Gibbs Racing,Bass Pro Shops,False,17.01,20,83,15,Running,4.041,0.10638297872340426,0.0,15.0,0.039995536,104.46992,153.38428,218.15158,345185.56,558761.44,897645.4,595228.1
5555,Jack Link's 500,Talladega Superspeedway,superspeedway,2025-04-27,FOX,FOX,True,188,34,Todd Gilliland,Front Row Motorsports,Love's Travel Stops,False,15.69,0,99,16,Running,4.041,0.0,0.0,11.0,0.024427384,63.463852,93.84573,136.86917,206553.7,344626.62,549424.7,363595.53
5555,Jack Link's 500,Talladega Superspeedway,superspeedway,2025-04-27,FOX,FOX,True,188,54,Ty Gibbs,Joe Gibbs Racing,SAIA LTL Freight,False,18.44,32,72,17,Running,4.041,0.1702127659574468,0.0,19.0,0.048632413,124.28949,184.5799,272.95398,411584.28,675178.5,1.0981099e+06,722925.0
5555,Jack Link's 500,Talladega Superspeedway,superspeedway,2025-04-27,FOX,FOX,True,188,43,Erik Jones,Legacy Motor Club,Massey Motor Freight,False,21.72,0,44,18,Running,4.041,0.0,0.0,29.0,0.016759656,44.02881,64.25401,93.495,142721.34,234371.78,376855.9,249574.88
5555,Jack Link's 500,Talladega Superspeedway,superspeedway,2025-04-27,FOX,FOX,True,188,38,Zane Smith,Front Row Motorsports,TitleMax,False,12.53,5,127,19,Running,4.041,0.026595744680851064,0.0,4.0,0.034114204,89.180145,131.47829,191.59908,291154.03,482486.8,768673.25,509210.2
5555,Jack Link's 500,Talladega Superspeedway,superspeedway,2025-04-27,FOX,FOX,True,188,1,Ross Chastain,Trackhouse Racing,Jockey,False,18.94,11,63,20,Running,4.041,0.05851063829787234,0.0,20.0,0.02955901,77.53861,113.85762,163.072,255636.81,413664.16,661556.44,439916.6
5555,Jack Link's 500,Talladega Superspeedway,superspeedway,2025-04-27,FOX,FOX,True,188,11,Denny Hamlin,Joe Gibbs Racing,Progressive,False,16.65,7,79,21,Running,4.041,0.03723404255319149,0.0,14.0,0.029104382,77.14791,112.200386,160.97536,251175.44,410428.06,650850.94,433498.25
5555,Jack Link's 500,Talladega Superspeedway,superspeedway,2025-04-27,FOX,FOX,True,188,35,Riley Herbst,23XI Racing,Monster Energy,False,16.32,0,81,22,Running,4.041,0.0,0.0,13.0,0.023453135,61.46424,90.24413,131.91206,200003.72,330412.25,526399.5,349465.94
5555,Jack Link's 500,Talladega Superspeedway,superspeedway,2025-04-27,FOX,FOX,True,188,10,Ty Dillon,Kaulig Racing,Sea Best,False,19.85,1,53,23,Running,4.041,0.005319148936170213,0.0,22.0,0.01967643,52.151646,75.71274,109.309944,168933.62,276082.94,440654.38,293287.88
5555,Jack Link's 500,Talladega Superspeedway,superspeedway,2025-04-27,FOX,FOX,True,188,16,AJ Allmendinger,Kaulig Racing,Grizzly Nicotine Pouches,False,27.55,0,26,24,Running,4.041,0.0,0.0,33.0,0.011622491,29.797861,45.066048,66.14627,97504.94,162375.88,266885.62,174603.06
5555,Jack Link's 500,Talladega Superspeedway,superspeedway,2025-04-27,FOX,FOX,True,188,7,Justin Haley,Spire Motorsports,Gainbridge,False,23.96,0,33,25,Running,4.041,0.0,0.0,30.0,0.014569294,38.035637,56.06892,81.60759,123680.47,202630.72,331115.03,217398.98
5555,Jack Link's 500,Talladega Superspeedway,superspeedway,2025-04-27,FOX,FOX,True,188,21,Josh Berry,Wood Brothers Racing,Motorcraft \ Quick Lane,False,13.63,12,113,26,Running,4.041,0.06382978723404255,0.0,6.0,0.038303815,101.06868,147.76321,212.23827,330391.97,540109.6,862828.8,570469.9
5555,Jack Link's 500,Talladega Superspeedway,superspeedway,2025-04-27,FOX,FOX,True,188,8,Kyle Busch,Richard Childress Racing,Nicokick,False,20.63,3,65,27,Running,4.041,0.015957446808510637,0.0,25.0,0.020572208,54.645355,78.86904,113.88926,177268.14,288976.62,459585.5,306091.47
5555,Jack Link's 500,Talladega Superspeedway,superspeedway,2025-04-27,FOX,FOX,True,188,62,Anthony Alfredo,Beard Motorsports,Fortify Building Solutions,False,20.86,19,46,28,Running,4.041,0.10106382978723404,0.0,27.0,0.034395672,88.543,130.74289,191.10976,293165.2,478786.0,775824.3,510773.5
5555,Jack Link's 500,Talladega Superspeedway,superspeedway,2025-04-27,FOX,FOX,True,188,88,Shane Van Gisbergen,Trackhouse Racing,Safety Culture,False,27.28,0,36,29,Running,4.041,0.0,0.0,32.0,0.011822009,30.364658,45.81437,67.15128,99343.16,165243.88,271259.16,177490.52
5555,Jack Link's 500,Talladega Superspeedway,superspeedway,2025-04-27,FOX,FOX,True,188,42,John H. Nemechek,Legacy Motor Club,Jack Link's,False,25.85,1,38,30,Running,4.041,0.005319148936170213,0.0,31.0,0.013786622,35.703056,53.3339,78.05217,117410.16,192861.38,315762.62,206672.22
5555,Jack Link's 500,Talladega Superspeedway,superspeedway,2025-04-27,FOX,FOX,True,188,51,Cody Ware,Rick Ware Racing,Arby's x AC Barbecue Sauce,False,20.64,0,65,31,Running,4.041,0.0,0.0,26.0,0.017921545,47.19174,68.68367,100.07432,153034.64,250651.81,402394.38,266839.16
5555,Jack Link's 500,Talladega Superspeedway,superspeedway,2025-04-27,FOX,FOX,True,188,44,JJ Yeley,NY Racing Team,Barnett Southern Corporation,True,30.01,2,3,32,Running,4.041,0.010638297872340425,0.0,35.0,0.011765962,29.843699,45.296318,68.09286,98183.0,164645.22,273209.06,176520.66
5555,Jack Link's 500,Talladega Superspeedway,superspeedway,2025-04-27,FOX,FOX,True,188,78,BJ McLeod,Live Fast Motorsports,Pigeon Forge Racing Coaster,False,33.71,0,2,33,Overheating,4.041,0.0,0.0,38.0,0.007922193,19.26825,30.662926,47.575188,64170.902,110395.19,191683.58,120551.35
5555,Jack Link's 500,Talladega Superspeedway,superspeedway,2025-04-27,FOX,FOX,True,188,17,Chris Buescher,RFK Racing,Travel Centers of America,False,28.85,2,44,34,Accident,4.041,0.010638297872340425,1.0,34.0,0.02432451,60.75578,92.60328,139.58066,199824.67,336190.94,553097.8,361834.8
5555,Jack Link's 500,Talladega Superspeedway,superspeedway,2025-04-27,FOX,FOX,True,188,20,Christopher Bell,Joe Gibbs Racing,SportClips Haircuts,False,30.24,0,33,35,Accident,4.041,0.0,1.0,36.0,0.02173956,53.219223,82.15582,126.27355,174458.22,299651.75,497726.53,322793.28
5555,Jack Link's 500,Talladega Superspeedway,superspeedway,2025-04-27,FOX,FOX,True,188,6,Brad Keselowski,RFK Racing,BuildSubmarines.com,False,32.32,0,24,36,Accident,4.041,0.0,1.0,37.0,0.020620499,49.71416,77.51059,120.67047,163859.3,283184.8,472731.8,305379.0
5555,Jack Link's 500,Talladega Superspeedway,superspeedway,2025-04-27,FOX,FOX,True,188,12,Ryan Blaney,Team Penske,Advance Auto Parts,False,35.51,0,6,37,Accident,4.041,0.0,1.0,39.0,0.019091658,45.020607,71.659,112.71141,149086.36,260551.33,442109.75,282731.8
5555,Jack Link's 500,Talladega Superspeedway,superspeedway,2025-04-27,FOX,FOX,True,188,60,Ryan Preece,RFK Racing,Kroger / CELSIUS,False,11.61,6,125,38,Running,4.041,0.031914893617021274,0.0,3.0,0.03680619,95.91157,142.12465,206.4461,312176.47,519386.2,830477.56,549019.5
5555,Jack Link's 500,Talladega Superspeedway,superspeedway,2025-04-27,FOX,FOX,True,188,22,Joey Logano,Team Penske,Shell Pennzoil,False,6.95,24,173,39,Running,4.041,0.1276595744680851,0.0,1.0,0.063427985,165.3642,244.94904,354.69696,544230.5,895031.9,1.4461211e+06,947660.56
5554,Würth 400 presented by LIQUI MOLY,Texas Motor Speedway,intermediate,2025-05-04,FS1,FOX,False,271,22,Joey Logano,Team Penske,AAA Insurance,False,12.93,7,181,1,Running,2.56,0.025830258302583026,0.0,8.0,0.030086076,78.68458,115.77057,167.43643,163333.88,269027.72,430583.8,284161.75
5554,Würth 400 presented by LIQUI MOLY,Texas Motor Speedway,intermediate,2025-05-04,FS1,FOX,False,271,1,Ross Chastain,Trackhouse Racing,Tootsies Orchid Lounge,False,17.42,0,71,2,Running,2.56,0.0,0.0,14.0,0.019645829,51.83406,75.61546,109.66083,106337.625,174637.03,281405.84,186126.02
5554,Würth 400 presented by LIQUI MOLY,Texas Motor Speedway,intermediate,2025-05-04,FS1,FOX,False,271,12,Ryan Blaney,Team Penske,Menards \ Knauf,False,13.24,2,170,3,Running,2.56,0.007380073800738007,0.0,10.0,0.026791178,69.91934,102.5876,149.41287,143919.86,239624.84,382109.28,252604.88
5554,Würth 400 presented by LIQUI MOLY,Texas Motor Speedway,intermediate,2025-05-04,FS1,FOX,False,271,5,Kyle Larson,Hendrick Motorsports,Valvoline,False,3.13,90,268,4,Running,2.56,0.33210332103321033,0.0,1.0,0.10024942,260.60498,382.63,563.7887,541230.9,890243.0,1.4419284e+06,944134.06
5554,Würth 400 presented by LIQUI MOLY,Texas Motor Speedway,intermediate,2025-05-04,FS1,FOX,False,271,43,Erik Jones,Legacy Motor Club,AdventHealth,False,14.57,0,186,5,Running,2.56,0.0,0.0,11.0,0.023550473,61.56457,90.497185,132.2596,126648.29,209872.42,337839.38,222461.45
5554,Würth 400 presented by LIQUI MOLY,Texas Motor Speedway,intermediate,2025-05-04,FS1,FOX,False,271,47,Ricky Stenhouse Jr,HYAK Motorsports,SunnyD,False,22.19,0,55,6,Running,2.56,0.0,0.0,26.0,0.014657151,38.015175,56.53766,81.8719,78592.125,129819.86,211235.48,138571.83
5554,Würth 400 presented by LIQUI MOLY,Texas Motor Speedway,intermediate,2025-05-04,FS1,FOX,False,271,3,Austin Dillon,Richard Childress Racing,Bass Pro/Winchester,False,19.01,0,67,7,Running,2.56,0.0,0.0,20.0,0.017827041,46.966686,68.53409,99.96041,96447.91,158359.6,255437.28,168611.97
5554,Würth 400 presented by LIQUI MOLY,Texas Motor Speedway,intermediate,2025-05-04,FS1,FOX,False,271,42,John H. Nemechek,Legacy Motor Club,Dollar Tree,False,18.25,1,142,8,Running,2.56,0.0036900369003690036,0.0,16.0,0.019262645,50.95772,74.056244,107.40821,105043.68,171406.44,275058.75,182112.52
5554,Würth 400 presented by LIQUI MOLY,Texas Motor Speedway,intermediate,2025-05-04,FS1,FOX,False,271,20,Christopher Bell,Joe Gibbs Racing,Interstate Batteries,False,18.45,0,126,9,Running,2.56,0.0,0.0,18.0,0.018449163,48.663143,71.06859,103.20762,99801.03,163578.89,263576.56,174574.44
5554,Würth 400 presented by LIQUI MOLY,Texas Motor Speedway,intermediate,2025-05-04,FS1,FOX,False,271,99,Daniel Suárez,Trackhouse Racing,Kubota,False,19.96,0,63,10,Running,2.56,0.0,0.0,21.0,0.01680525,44.16372,64.50749,94.535355,91050.2,149200.72,240749.94,158980.9
5554,Würth 400 presented by LIQUI MOLY,Texas Motor Speedway,intermediate,2025-05-04,FS1,FOX,False,271,34,Todd Gilliland,Front Row Motorsports,Love's Travel Stops,False,20.78,4,72,11,Running,2.56,0.014760147601476014,0.0,23.0,0.01827608,48.244923,70.32584,101.85116,98845.81,162313.69,260963.69,172553.5
5554,Würth 400 presented by LIQUI MOLY,Texas Motor Speedway,intermediate,2025-05-04,FS1,FOX,False,271,10,Ty Dillon,Kaulig Racing,Grizzly Nicotine Pouches,False,23.7,0,60,12,Running,2.56,0.0,0.0,28.0,0.013318533,34.49482,51.462723,74.8824,71037.0,118137.28,193064.6,126329.24
5554,Würth 400 presented by LIQUI MOLY,Texas Motor Speedway,intermediate,2025-05-04,FS1,FOX,False,271,24,William Byron,Hendrick Motorsports,Raptor,False,9.64,22,222,13,Running,2.56,0.08118081180811808,0.0,4.0,0.04467663,116.90079,172.38937,248.90535,242456.44,399126.06,635524.1,421762.94
5554,Würth 400 presented by LIQUI MOLY,Texas Motor Speedway,intermediate,2025-05-04,FS1,FOX,False,271,35,Riley Herbst,23XI Racing,BeatBox,False,24.43,0,42,14,Running,2.56,0.0,0.0,29.0,0.012743327,32.806507,49.17073,72.254196,67638.43,112774.586,184729.44,120823.19
5554,Würth 400 presented by LIQUI MOLY,Texas Motor Speedway,intermediate,2025-05-04,FS1,FOX,False,271,7,Justin Haley,Spire Motorsports,Katz Coffee,False,21.35,0,26,15,Running,2.56,0.0,0.0,25.0,0.015425265,40.24886,59.420315,86.30031,83529.02,136668.52,222073.5,145916.14
5554,Würth 400 presented by LIQUI MOLY,Texas Motor Speedway,intermediate,2025-05-04,FS1,FOX,False,271,9,Chase Elliott,Hendrick Motorsports,NAPA Auto Parts,False,18.42,0,52,16,Running,2.56,0.0,0.0,17.0,0.018481579,48.75245,71.20243,103.404205,99975.31,163912.72,263971.88,174900.1
5554,Würth 400 presented by LIQUI MOLY,Texas Motor Speedway,intermediate,2025-05-04,FS1,FOX,False,271,38,Zane Smith,Front Row Motorsports,Speedy Cash,False,22.29,0,45,17,Running,2.56,0.0,0.0,27.0,0.014555571,37.801975,56.14234,81.3329,78092.45,129040.84,209869.05,137723.89
5554,Würth 400 presented by LIQUI MOLY,Texas Motor Speedway,intermediate,2025-05-04,FS1,FOX,False,271,17,Chris Buescher,RFK Racing,Fifth Third Bank,False,13.08,0,164,18,Running,2.56,0.0,0.0,9.0,0.025872668,66.84104,99.098495,145.36203,138566.25,231002.28,370093.66,244349.14
5554,Würth 400 presented by LIQUI MOLY,Texas Motor Speedway,intermediate,2025-05-04,FS1,FOX,False,271,41,Cole Custer,Haas Factory Team,Red Baron,False,26.7,0,2,19,Running,2.56,0.0,0.0,31.0,0.011006223,27.915905,42.755463,63.38755,58118.227,97985.78,162176.75,105257.055
5554,Würth 400 presented by LIQUI MOLY,Texas Motor Speedway,intermediate,2025-05-04,FS1,FOX,False,271,8,Kyle Busch,Richard Childress Racing,7-Eleven,False,16.35,0,171,20,Running,2.56,0.0,0.0,13.0,0.021039464,55.526527,81.01098,117.97247,113769.89,187803.86,301291.88,198978.39
5554,Würth 400 presented by LIQUI MOLY,Texas Motor Speedway,intermediate,2025-05-04,FS1,FOX,False,271,45,Tyler Reddick,23XI Racing,Jordan Brand,False,7.05,1,244,21,Running,2.56,0.0036900369003690036,0.0,2.0,0.0382754,94.90586,147.32762,220.21292,198021.12,339117.62,568185.4,364101.44
5554,Würth 400 presented by LIQUI MOLY,Texas Motor Speedway,intermediate,2025-05-04,FS1,FOX,False,271,88,Shane Van Gisbergen,Trackhouse Racing,Safety Culture,False,27.77,0,1,22,Running,2.56,0.0,0.0,34.0,0.010284333,25.867378,39.99089,59.98016,54010.61,91664.805,151996.6,98665.16
5554,Würth 400 presented by LIQUI MOLY,Texas Motor Speedway,intermediate,2025-05-04,FS1,FOX,False,271,54,Ty Gibbs,Joe Gibbs Racing,SAIA LTL Freight,False,10.54,0,246,23,Running,2.56,0.0,0.0,6.0,0.030351065,77.538734,116.27344,171.66487,160544.83,269760.78,441531.8,287013.0
5554,Würth 400 presented by LIQUI MOLY,Texas Motor Speedway,intermediate,2025-05-04,FS1,FOX,False,271,77,Carson Hocevar,Spire Motorsports,Chili's Ride the 'Dente,False,9.17,22,216,24,Running,2.56,0.08118081180811808,0.0,3.0,0.045620132,119.33754,176.50961,254.14778,246611.69,407366.7,650422.0,431015.75
5554,Würth 400 presented by LIQUI MOLY,Texas Motor Speedway,intermediate,2025-05-04,FS1,FOX,False,271,2,Austin Cindric,Team Penske,Discount Tire,False,10.23,60,175,25,Running,2.56,0.22140221402214022,0.0,5.0,0.06488009,168.6662,248.5285,360.8025,356305.72,575454.4,937110.56,614056.9
5554,Würth 400 presented by LIQUI MOLY,Texas Motor Speedway,intermediate,2025-05-04,FS1,FOX,False,271,71,Michael McDowell,Spire Motorsports,Delaware Life,False,12.57,19,174,26,Accident,2.56,0.07011070110701106,1.0,7.0,0.048524737,127.31261,186.48907,269.89017,263039.38,429665.88,690938.75,456600.4
5554,Würth 400 presented by LIQUI MOLY,Texas Motor Speedway,intermediate,2025-05-04,FS1,FOX,False,271,19,Chase Briscoe,Joe Gibbs Racing,Bass Pro Shops,False,26.99,0,66,27,Suspension,2.56,0.0,0.0,32.0,0.010813473,27.302444,41.96949,62.568924,56925.63,96129.1,159275.88,103425.92
5554,Würth 400 presented by LIQUI MOLY,Texas Motor Speedway,intermediate,2025-05-04,FS1,FOX,False,271,6,Brad Keselowski,RFK Racing,Consumer Cellular,False,18.77,0,109,28,Accident,2.56,0.0,1.0,19.0,0.029051196,74.79429,111.665146,162.93933,153874.75,256877.25,417788.75,273638.38
5554,Würth 400 presented by LIQUI MOLY,Texas Motor Speedway,intermediate,2025-05-04,FS1,FOX,False,271,60,Ryan Preece,RFK Racing,Kroger / Sara Lee / Kraft Singles,False,14.8,0,166,29,Accident,2.56,0.0,1.0,12.0,0.034090474,88.261154,131.27315,190.69113,181563.48,303040.8,491854.72,321768.22
5554,Würth 400 presented by LIQUI MOLY,Texas Motor Speedway,intermediate,2025-05-04,FS1,FOX,False,271,51,Cody Ware,Rick Ware Racing,Arby's,False,31.56,0,2,30,Accident,2.56,0.0,1.0,35.0,0.019256167,47.32445,72.868286,111.29567,99496.445,168015.28,278852.7,181100.39
5554,Würth 400 presented by LIQUI MOLY,Texas Motor Speedway,intermediate,2025-05-04,FS1,FOX,False,271,62,Jesse Love,Beard Motorsports,C4 Ultimate Energy,False,32.23,0,0,31,Accident,2.56,0.0,1.0,36.0,0.01894582,46.365955,71.478096,109.480316,97239.914,165359.38,274500.53,178025.64
5554,Würth 400 presented by LIQUI MOLY,Texas Motor Speedway,intermediate,2025-05-04,FS1,FOX,False,271,21,Josh Berry,Wood Brothers Racing,Wurth,False,20.87,41,123,32,Running,2.56,0.15129151291512916,0.0,24.0,0.0391898,98.88967,148.76727,223.57088,206981.02,345495.47,567182.4,369868.25
5554,Würth 400 presented by LIQUI MOLY,Texas Motor Speedway,intermediate,2025-05-04,FS1,FOX,False,271,23,Bubba Wallace,23XI Racing,McDonald's,False,18.18,0,171,33,Accident,2.56,0.0,1.0,15.0,0.029719977,76.49863,114.26274,166.74431,157364.39,262945.56,428025.25,280025.3
5554,Würth 400 presented by LIQUI MOLY,Texas Motor Speedway,intermediate,2025-05-04,FS1,FOX,False,271,4,Noah Gragson,Front Row Motorsports,Rush Truck Centers,False,26.41,0,27,34,Accident,2.56,0.0,1.0,30.0,0.022286663,56.049618,84.80072,127.08015,116457.086,195583.75,319313.16,209619.89
5554,Würth 400 presented by LIQUI MOLY,Texas Motor Speedway,intermediate,2025-05-04,FS1,FOX,False,271,48,Alex Bowman,Hendrick Motorsports,Ally,False,20.36,1,111,35,Accident,2.56,0.0036900369003690036,1.0,22.0,0.02794236,71.47965,106.99033,157.3085,147501.33,246866.5,400779.22,262953.1
5554,Würth 400 presented by LIQUI MOLY,Texas Motor Speedway,intermediate,2025-05-04,FS1,FOX,False,271,16,AJ Allmendinger,Kaulig Racing,LeafFilter Gutter Protection,False,27.41,0,25,36,Accident,2.56,0.0,1.0,33.0,0.021579798,54.137253,82.26152,123.43547,112443.63,190158.0,310278.47,203330.77
5554,Würth 400 presented by LIQUI MOLY,Texas Motor Speedway,intermediate,2025-05-04,FS1,FOX,False,271,66,Chad Finchum,Garage 66,HART HVAC & Electric,False,36.46,0,0,37,Accident,2.56,0.0,1.0,38.0,0.01724238,40.962875,64.64508,100.56143,85917.57,148730.69,252032.28,161320.3
5554,Würth 400 presented by LIQUI MOLY,Texas Motor Speedway,intermediate,2025-05-04,FS1,FOX,False,271,11,Denny Hamlin,Joe Gibbs Racing,Progressive,False,33.54,1,24,38,Engine,2.56,0.0036900369003690036,0.0,37.0,0.0077581094,18.698896,30.033749,47.279396,39495.684,68930.2,120905.766,75231.414
5557,AdventHealth 400,Kansas Speedway,intermediate,2025-05-11,FS1,FOX,False,267,5,Kyle Larson,Hendrick Motorsports,HendrickCars.com,False,1.35,221,267,1,Running,2.319,0.8277153558052435,0.0,1.0,0.19097525,485.0997,727.52734,1087.3995,928196.1,1.5133825e+06,2.51022e+06,1.6371301e+06
5557,AdventHealth 400,Kansas Speedway,intermediate,2025-05-11,FS1,FOX,False,267,20,Christopher Bell,Joe Gibbs Racing,Reser's Fine Foods,False,3.08,3,267,2,Running,2.319,0.011235955056179775,0.0,2.0,0.0508919,123.79876,195.4251,297.9302,236860.4,409215.38,688713.94,439158.22
5557,AdventHealth 400,Kansas Speedway,intermediate,2025-05-11,FS1,FOX,False,267,12,Ryan Blaney,Team Penske,Wurth,False,4.86,0,267,3,Running,2.319,0.0,0.0,3.0,0.043846466,107.23007,168.09482,254.35597,203747.81,352919.88,588975.56,377408.4
5557,AdventHealth 400,Kansas Speedway,intermediate,2025-05-11,FS1,FOX,False,267,19,Chase Briscoe,Joe Gibbs Racing,Bass Pro Shops,False,16.31,0,110,4,Running,2.319,0.0,0.0,14.0,0.021367405,56.466488,82.29151,119.608574,104821.45,171190.88,275632.72,182775.69
5557,AdventHealth 400,Kansas Speedway,intermediate,2025-05-11,FS1,FOX,False,267,48,Alex Bowman,Hendrick Motorsports,Ally,False,6.62,2,258,5,Running,2.319,0.00749063670411985,0.0,5.0,0.040524594,101.65903,155.89972,230.60452,193384.64,326198.3,536703.2,347598.38
5557,AdventHealth 400,Kansas Speedway,intermediate,2025-05-11,FS1,FOX,False,267,21,Josh Berry,Wood Brothers Racing,Motorcraft \ Quick Lane,False,11.63,0,207,6,Running,2.319,0.0,0.0,9.0,0.028715938,74.206314,109.97184,161.10646,139608.19,231306.62,370389.38,245098.64
5557,AdventHealth 400,Kansas Speedway,intermediate,2025-05-11,FS1,FOX,False,267,60,Ryan Preece,RFK Racing,Body Guard,False,9.37,0,250,7,Running,2.319,0.0,0.0,6.0,0.033062726,84.191154,126.65694,186.03368,159429.77,265713.7,430973.6,282821.2
5557,AdventHealth 400,Kansas Speedway,intermediate,2025-05-11,FS1,FOX,False,267,17,Chris Buescher,RFK Racing,Kroger/Kleenex,False,9.67,0,242,8,Running,2.319,0.0,0.0,7.0,0.032465212,82.78693,124.296165,182.76877,156324.08,261079.69,422112.38,277481.84
5557,AdventHealth 400,Kansas Speedway,intermediate,2025-05-11,FS1,FOX,False,267,22,Joey Logano,Team Penske,Shell Pennzoil,False,10.17,1,242,9,Running,2.319,0.003745318352059925,0.0,8.0,0.0320684,82.5961,122.743225,179.90533,155403.7,258327.14,415135.97,274081.47
5557,AdventHealth 400,Kansas Speedway,intermediate,2025-05-11,FS1,FOX,False,267,42,John H. Nemechek,Legacy Motor Club,Dollar Tree,False,24.05,0,50,10,Running,2.319,0.0,0.0,24.0,0.013226343,33.630047,51.097157,74.83732,63636.332,105548.45,173969.47,113532.516
5557,AdventHealth 400,Kansas Speedway,intermediate,2025-05-11,FS1,FOX,False,267,2,Austin Cindric,Team Penske,Menards \ Atlas,False,15.17,0,150,11,Running,2.319,0.0,0.0,13.0,0.02297614,60.48741,88.43607,128.17845,112185.17,183927.78,296573.06,196242.42
5557,AdventHealth 400,Kansas Speedway,intermediate,2025-05-11,FS1,FOX,False,267,34,Todd Gilliland,Front Row Motorsports,Love's Travel Stops,False,21.37,0,26,12,Running,2.319,0.0,0.0,22.0,0.015650738,40.447872,60.17227,87.55991,75845.336,124770.59,203604.02,133711.42
5557,AdventHealth 400,Kansas Speedway,intermediate,2025-05-11,FS1,FOX,False,267,67,Corey Heim,23XI Racing,Robinhood,False,25.24,0,18,13,Running,2.319,0.0,0.0,27.0,0.012283623,30.984114,47.350845,70.25719,58464.777,98198.31,162245.42,105623.75
5557,AdventHealth 400,Kansas Speedway,intermediate,2025-05-11,FS1,FOX,False,267,4,Noah Gragson,Front Row Motorsports,Rush Truck Centers,False,18.75,0,33,14,Running,2.319,0.0,0.0,17.0,0.01840379,48.211807,70.51973,102.48744,89820.06,147098.28,237682.64,157107.16
5557,AdventHealth 400,Kansas Speedway,intermediate,2025-05-11,FS1,FOX,False,267,9,Chase Elliott,Hendrick Motorsports,Amazon Prime Video,False,6.37,29,256,15,Running,2.319,0.10861423220973783,0.0,4.0,0.057924964,150.69205,223.1238,322.6958,284499.53,467304.88,747455.75,495186.94
5557,AdventHealth 400,Kansas Speedway,intermediate,2025-05-11,FS1,FOX,False,267,38,Zane Smith,Front Row Motorsports,Horizon Hobby,False,12.41,0,204,16,Running,2.319,0.0,0.0,10.0,0.027346957,70.98518,105.011795,153.222,132473.27,220750.4,352772.03,233334.75
5557,AdventHealth 400,Kansas Speedway,intermediate,2025-05-11,FS1,FOX,False,267,45,Tyler Reddick,23XI Racing,Xfinity Mobile,False,14.38,0,158,17,Running,2.319,0.0,0.0,12.0,0.024146795,63.402103,92.881744,135.50745,117926.89,193355.58,311361.94,206181.77
5557,AdventHealth 400,Kansas Speedway,intermediate,2025-05-11,FS1,FOX,False,267,1,Ross Chastain,Trackhouse Racing,Busch Light,False,18.86,0,49,18,Running,2.319,0.0,0.0,19.0,0.018271547,47.863525,70.01506,101.737854,89243.555,146074.97,236008.36,156043.03
5557,AdventHealth 400,Kansas Speedway,intermediate,2025-05-11,FS1,FOX,False,267,47,Ricky Stenhouse Jr,HYAK Motorsports,Fun Pops,False,27.8,0,4,19,Running,2.319,0.0,0.0,30.0,0.010454624,25.98196,40.456703,61.461594,49275.96,83535.58,140873.94,90510.0
5557,AdventHealth 400,Kansas Speedway,intermediate,2025-05-11,FS1,FOX,False,267,88,Shane Van Gisbergen,Trackhouse Racing,Safety Culture,False,28.49,0,0,20,Running,2.319,0.0,0.0,33.0,0.010012371,24.785255,38.86886,59.174896,47178.9,79825.44,135342.7,86838.58
5557,AdventHealth 400,Kansas Speedway,intermediate,2025-05-11,FS1,FOX,False,267,8,Kyle Busch,Richard Childress Racing,Rebel Bourbon,False,16.83,1,148,21,Running,2.319,0.003745318352059925,0.0,15.0,0.021283878,56.3699,81.948425,118.19841,104787.2,171216.06,273921.62,182223.17
5557,AdventHealth 400,Kansas Speedway,intermediate,2025-05-11,FS1,FOX,False,267,3,Austin Dillon,Richard Childress Racing,BetMGM,False,21.23,0,6,22,Running,2.319,0.0,0.0,21.0,0.015781395,40.873436,60.6773,88.17551,76527.36,125849.91,205514.94,134863.97
5557,AdventHealth 400,Kansas Speedway,intermediate,2025-05-11,FS1,FOX,False,267,71,Michael McDowell,Spire Motorsports,Gainbridge,False,24.71,0,14,23,Running,2.319,0.0,0.0,25.0,0.012692634,32.21759,49.013924,72.02572,60803.863,101433.92,167221.47,109072.086
5557,AdventHealth 400,Kansas Speedway,intermediate,2025-05-11,FS1,FOX,False,267,24,William Byron,Hendrick Motorsports,Raptor,False,21.72,0,65,24,Running,2.319,0.0,0.0,23.0,0.015313067,39.611958,58.91063,85.916084,74193.1,121770.99,198994.38,130874.8
5557,AdventHealth 400,Kansas Speedway,intermediate,2025-05-11,FS1,FOX,False,267,41,Cole Custer,Haas Factory Team,HaasTooling.com,False,28.14,0,10,25,Running,2.319,0.0,0.0,31.0,0.010230688,25.420582,39.687702,60.391655,48169.625,81851.94,138274.81,88681.01
5557,AdventHealth 400,Kansas Speedway,intermediate,2025-05-11,FS1,FOX,False,267,77,Carson Hocevar,Spire Motorsports,Delaware Life,False,14.1,4,171,26,Running,2.319,0.0149812734082397,0.0,11.0,0.027033953,71.41762,104.246216,149.97498,132637.27,217604.6,346946.3,230888.5
5557,AdventHealth 400,Kansas Speedway,intermediate,2025-05-11,FS1,FOX,False,267,35,Riley Herbst,23XI Racing,Tree Top,False,29.52,0,22,27,Running,2.319,0.0,0.0,34.0,0.009403568,23.027203,36.343018,56.095047,43895.62,75028.84,128794.234,81646.7
5557,AdventHealth 400,Kansas Speedway,intermediate,2025-05-11,FS1,FOX,False,267,54,Ty Gibbs,Joe Gibbs Racing,Monster Energy,False,28.15,0,16,28,Running,2.319,0.0,0.0,32.0,0.010224343,25.402863,39.66699,60.363037,48143.926,81799.53,138198.14,88627.74
5557,AdventHealth 400,Kansas Speedway,intermediate,2025-05-11,FS1,FOX,False,267,33,Jesse Love,Richard Childress Racing,C4 Energy,False,32.8,0,0,29,Running,2.319,0.0,0.0,36.0,0.0076649897,17.992878,29.48804,46.950314,34534.94,61372.484,108283.65,67183.28
5557,AdventHealth 400,Kansas Speedway,intermediate,2025-05-11,FS1,FOX,False,267,51,Cody Ware,Rick Ware Racing,Parts Plus,False,34.99,0,0,30,Running,2.319,0.0,0.0,37.0,0.0066913785,15.253015,25.818317,42.08815,29354.367,53720.53,96827.66,59049.066
5557,AdventHealth 400,Kansas Speedway,intermediate,2025-05-11,FS1,FOX,False,267,7,Justin Haley,Spire Motorsports,Nations Guard,False,18.95,0,128,31,Running,2.319,0.0,0.0,20.0,0.018169463,47.54251,69.626144,101.066055,88730.0,145114.6,234841.89,155178.05
5557,AdventHealth 400,Kansas Speedway,intermediate,2025-05-11,FS1,FOX,False,267,43,Erik Jones,Legacy Motor Club,AdventHealth,False,25.98,0,4,32,DVP,2.319,0.0,0.0,28.0,0.011741254,29.37119,45.24956,67.35145,55613.4,93816.42,155753.92,100999.75
5557,AdventHealth 400,Kansas Speedway,intermediate,2025-05-11,FS1,FOX,False,267,23,Bubba Wallace,23XI Racing,Columbia,False,24.92,0,34,33,Accident,2.319,0.0,1.0,26.0,0.024368744,60.60595,92.67539,140.04422,113532.984,193191.56,318727.78,207774.89
5557,AdventHealth 400,Kansas Speedway,intermediate,2025-05-11,FS1,FOX,False,267,99,Daniel Suárez,Trackhouse Racing,Choice Privileges,False,26.52,0,12,34,Accident,2.319,0.0,1.0,29.0,0.023169931,57.324875,87.8932,133.91011,107928.92,183727.67,303767.88,197843.25
5557,AdventHealth 400,Kansas Speedway,intermediate,2025-05-11,FS1,FOX,False,267,10,Ty Dillon,Kaulig Racing,Sea Best,False,31.12,4,25,35,Accident,2.319,0.0149812734082397,1.0,35.0,0.022962844,56.1767,86.85922,132.55205,106428.36,180888.9,300519.2,195361.56
5557,AdventHealth 400,Kansas Speedway,intermediate,2025-05-11,FS1,FOX,False,267,11,Denny Hamlin,Joe Gibbs Racing,Progressive,False,18.58,2,149,36,Drivetrain,2.319,0.00749063670411985,0.0,16.0,0.019855443,52.374306,76.04545,110.01143,97163.516,158743.03,254626.12,169295.78
5557,AdventHealth 400,Kansas Speedway,intermediate,2025-05-11,FS1,FOX,False,267,6,Brad Keselowski,RFK Racing,Kroger / Allegra,False,18.75,0,143,37,Accident,2.319,0.0,1.0,18.0,0.030102696,76.75124,115.4256,171.17076,142954.5,239955.52,391303.7,257190.39
5557,AdventHealth 400,Kansas Speedway,intermediate,2025-05-11,FS1,FOX,False,267,16,AJ Allmendinger,Kaulig Racing,Action Industries,False,37.81,0,0,38,Engine,2.319,0.0,0.0,38.0,0.0056165056,12.273783,21.495037,36.688606,23846.238,45137.055,83613.61,50074.617
5563,Coca-Cola 600,Charlotte Motor Speedway,intermediate,2025-05-25,PRIME VIDEO,Prime Video,False,400,1,Ross Chastain,Trackhouse Racing,Jockey x Folds of Honor,False,12.75,8,278,1,Running,2.72,0.02,0.0,9.0,0.029645799,78.0459,113.882095,164.41711,170524.03,281269.38,450064.3,296492.34
5563,Coca-Cola 600,Charlotte Motor Speedway,intermediate,2025-05-25,PRIME VIDEO,Prime Video,False,400,24,William Byron,Hendrick Motorsports,Axalta,False,1.84,283,394,2,Running,2.72,0.7075,0.0,1.0,0.16618419,425.55835,634.06104,942.6848,951924.3,1.5469298e+06,2.557817e+06,1.6718331e+06
5563,Coca-Cola 600,Charlotte Motor Speedway,intermediate,2025-05-25,PRIME VIDEO,Prime Video,False,400,19,Chase Briscoe,Joe Gibbs Racing,Bass Pro Shops,False,13.74,1,222,3,Running,2.72,0.0025,0.0,11.0,0.025211662,66.076195,96.68341,141.11203,144593.69,239220.75,380775.53,252316.81
5563,Coca-Cola 600,Charlotte Motor Speedway,intermediate,2025-05-25,PRIME VIDEO,Prime Video,False,400,16,AJ Allmendinger,Kaulig Racing,LeafFilter Gutter Protection,False,6.71,0,388,4,Running,2.72,0.0,0.0,4.0,0.038533878,94.98149,147.44925,221.78856,211912.97,363299.5,606446.94,388142.78
5563,Coca-Cola 600,Charlotte Motor Speedway,intermediate,2025-05-25,PRIME VIDEO,Prime Video,False,400,6,Brad Keselowski,RFK Racing,BuildSubmarines.com,False,19.79,5,120,5,Running,2.72,0.0125,0.0,18.0,0.019033339,50.132786,72.92545,105.483864,109666.34,179604.1,287683.12,190432.42
5563,Coca-Cola 600,Charlotte Motor Speedway,intermediate,2025-05-25,PRIME VIDEO,Prime Video,False,400,9,Chase Elliott,Hendrick Motorsports,NAPA Auto Parts,False,9.83,2,372,6,Running,2.72,0.005,0.0,7.0,0.032499667,83.048256,124.41127,183.23582,183654.08,307147.53,498039.2,326024.7
5563,Coca-Cola 600,Charlotte Motor Speedway,intermediate,2025-05-25,PRIME VIDEO,Prime Video,False,400,71,Michael McDowell,Spire Motorsports,Veterans 1001,False,15.71,0,214,7,Running,2.72,0.0,0.0,15.0,0.021893622,57.57412,84.26509,122.537865,125517.82,205944.03,330637.84,219433.3
5563,Coca-Cola 600,Charlotte Motor Speedway,intermediate,2025-05-25,PRIME VIDEO,Prime Video,False,400,20,Christopher Bell,Joe Gibbs Racing,Rheem,False,8.36,5,379,8,Running,2.72,0.0125,0.0,5.0,0.03673885,93.15566,141.35753,207.9138,206844.64,348365.75,565480.6,369355.88
5563,Coca-Cola 600,Charlotte Motor Speedway,intermediate,2025-05-25,PRIME VIDEO,Prime Video,False,400,60,Ryan Preece,RFK Racing,Kroger/ Irish Spring,False,14.57,0,257,9,Running,2.72,0.0,0.0,13.0,0.023520917,61.586002,90.50899,131.95735,134841.45,221939.56,355492.72,235674.11
5563,Coca-Cola 600,Charlotte Motor Speedway,intermediate,2025-05-25,PRIME VIDEO,Prime Video,False,400,4,Noah Gragson,Front Row Motorsports,Rush Truck Centers,False,9.78,0,348,10,Running,2.72,0.0,0.0,6.0,0.031762257,80.53606,121.7119,179.58217,179475.2,299648.12,487939.8,318981.06
5563,Coca-Cola 600,Charlotte Motor Speedway,intermediate,2025-05-25,PRIME VIDEO,Prime Video,False,400,47,Ricky Stenhouse Jr,HYAK Motorsports,Fun Pops,False,19.88,0,162,11,Running,2.72,0.0,0.0,19.0,0.016907725,44.191437,64.63432,94.28407,96871.29,158353.6,256582.06,169346.67
5563,Coca-Cola 600,Charlotte Motor Speedway,intermediate,2025-05-25,PRIME VIDEO,Prime Video,False,400,21,Josh Berry,Wood Brothers Racing,eero,False,24.11,0,85,12,Running,2.72,0.0,0.0,25.0,0.012987588,33.279213,50.163788,73.53574,73587.13,121490.375,199134.4,130644.09
5563,Coca-Cola 600,Charlotte Motor Speedway,intermediate,2025-05-25,PRIME VIDEO,Prime Video,False,400,43,Erik Jones,Legacy Motor Club,AdventHealth,False,13.75,0,281,13,Running,2.72,0.0,0.0,12.0,0.024798695,64.75836,95.1069,138.74695,141983.86,234775.6,374713.12,248132.22
5563,Coca-Cola 600,Charlotte Motor Speedway,intermediate,2025-05-25,PRIME VIDEO,Prime Video,False,400,88,Shane Van Gisbergen,Trackhouse Racing,WeatherTech,False,20.44,0,42,14,Running,2.72,0.0,0.0,21.0,0.016343473,42.634274,62.607903,91.14841,93865.99,153069.75,247746.75,163596.3
5563,Coca-Cola 600,Charlotte Motor Speedway,intermediate,2025-05-25,PRIME VIDEO,Prime Video,False,400,8,Kyle Busch,Richard Childress Racing,Zone,False,19.0,0,150,15,Running,2.72,0.0,0.0,17.0,0.017828606,46.901314,68.32031,99.68556,102375.17,167144.53,270690.12,178815.22
5563,Coca-Cola 600,Charlotte Motor Speedway,intermediate,2025-05-25,PRIME VIDEO,Prime Video,False,400,11,Denny Hamlin,Joe Gibbs Racing,National Debt Relief,False,5.01,53,379,16,Running,2.72,0.1325,0.0,2.0,0.06432348,167.38268,247.74396,359.63953,369460.38,609865.5,980265.8,646531.1
5563,Coca-Cola 600,Charlotte Motor Speedway,intermediate,2025-05-25,PRIME VIDEO,Prime Video,False,400,22,Joey Logano,Team Penske,Pennzoil Ultra Platinum,False,23.8,0,17,17,Running,2.72,0.0,0.0,24.0,0.013234568,33.935284,51.121323,74.91854,75157.85,123712.61,202530.83,133136.7
5563,Coca-Cola 600,Charlotte Motor Speedway,intermediate,2025-05-25,PRIME VIDEO,Prime Video,False,400,34,Todd Gilliland,Front Row Motorsports,OVERPLAY,False,23.31,0,17,18,Running,2.72,0.0,0.0,23.0,0.013654955,35.099754,52.69287,77.077576,77461.68,127829.89,208290.02,137179.28
5563,Coca-Cola 600,Charlotte Motor Speedway,intermediate,2025-05-25,PRIME VIDEO,Prime Video,False,400,10,Ty Dillon,Kaulig Racing,Grizzly Nicotine Pouches,False,26.27,0,6,19,Running,2.72,0.0,0.0,28.0,0.011321869,28.683666,43.89083,64.76942,63498.395,106283.72,175584.75,114581.516
5563,Coca-Cola 600,Charlotte Motor Speedway,intermediate,2025-05-25,PRIME VIDEO,Prime Video,False,400,3,Austin Dillon,Richard Childress Racing,Bass Pro Shops/Winchester,False,20.36,0,138,20,Running,2.72,0.0,0.0,20.0,0.016425047,42.867245,62.92378,91.64793,94364.586,153989.77,248963.39,164405.16
5563,Coca-Cola 600,Charlotte Motor Speedway,intermediate,2025-05-25,PRIME VIDEO,Prime Video,False,400,41,Cole Custer,Haas Factory Team,Texas A & M,False,28.76,0,6,21,Running,2.72,0.0,0.0,34.0,0.009689487,24.016779,37.54839,56.94866,53639.117,90893.15,153324.36,98607.516
5563,Coca-Cola 600,Charlotte Motor Speedway,intermediate,2025-05-25,PRIME VIDEO,Prime Video,False,400,17,Chris Buescher,RFK Racing,Body Guard,False,13.42,0,240,22,Running,2.72,0.0,0.0,10.0,0.025293965,65.8602,96.99697,141.87537,144309.6,239488.6,383237.4,253338.53
5563,Coca-Cola 600,Charlotte Motor Speedway,intermediate,2025-05-25,PRIME VIDEO,Prime Video,False,400,87,Connor Zilisch,Trackhouse Racing,Red Bull,False,30.31,0,4,23,Running,2.72,0.0,0.0,35.0,0.008802025,21.557648,34.1223,52.5699,48298.664,82416.45,141878.16,89862.47
5563,Coca-Cola 600,Charlotte Motor Speedway,intermediate,2025-05-25,PRIME VIDEO,Prime Video,False,400,54,Ty Gibbs,Joe Gibbs Racing,Monster Energy,False,16.84,6,149,24,Running,2.72,0.015,0.0,16.0,0.022807788,60.556606,87.79483,126.63198,132349.12,216472.03,343448.6,228659.16
5563,Coca-Cola 600,Charlotte Motor Speedway,intermediate,2025-05-25,PRIME VIDEO,Prime Video,False,400,51,Cody Ware,Rick Ware Racing,Jacob Const./Evel Kneivel,False,31.47,0,7,25,Running,2.72,0.0,0.0,36.0,0.008192948,19.82156,31.698917,49.418705,44456.06,76946.72,133588.84,83854.02
5563,Coca-Cola 600,Charlotte Motor Speedway,intermediate,2025-05-25,PRIME VIDEO,Prime Video,False,400,45,Tyler Reddick,23XI Racing,The Beast,False,6.14,1,340,26,Running,2.72,0.0025,0.0,3.0,0.04026837,99.111404,154.77798,233.06056,221157.33,380863.8,634399.75,406652.25
5563,Coca-Cola 600,Charlotte Motor Speedway,intermediate,2025-05-25,PRIME VIDEO,Prime Video,False,400,42,John H. Nemechek,Legacy Motor Club,Dollar Tree,False,11.89,0,281,27,Running,2.72,0.0,0.0,8.0,0.027868642,71.79943,106.34689,156.31627,158720.17,263275.9,422976.28,279016.72
5563,Coca-Cola 600,Charlotte Motor Speedway,intermediate,2025-05-25,PRIME VIDEO,Prime Video,False,400,35,Riley Herbst,23XI Racing,Monster Energy Zero Sugar,False,33.09,0,1,28,Running,2.72,0.0,0.0,37.0,0.00741355,17.547268,28.553053,45.23497,39459.668,69642.734,122190.01,76161.53
5563,Coca-Cola 600,Charlotte Motor Speedway,intermediate,2025-05-25,PRIME VIDEO,Prime Video,False,400,48,Alex Bowman,Hendrick Motorsports,Ally,False,27.64,0,96,29,Running,2.72,0.0,0.0,29.0,0.010398596,25.948168,40.22038,60.400063,57978.48,97870.74,163085.0,105481.44
5563,Coca-Cola 600,Charlotte Motor Speedway,intermediate,2025-05-25,PRIME VIDEO,Prime Video,False,400,7,Justin Haley,Spire Motorsports,Gainbridge/NC National Guard,False,21.92,0,59,30,Running,2.72,0.0,0.0,22.0,0.014907824,38.655075,57.23136,83.50743,84549.15,139248.22,227912.56,149364.52
5563,Coca-Cola 600,Charlotte Motor Speedway,intermediate,2025-05-25,PRIME VIDEO,Prime Video,False,400,2,Austin Cindric,Team Penske,Menards\Duracell,False,24.98,0,125,31,Running,2.72,0.0,0.0,26.0,0.012296695,31.456926,47.58544,69.63721,69270.36,115178.94,189744.5,123906.65
5563,Coca-Cola 600,Charlotte Motor Speedway,intermediate,2025-05-25,PRIME VIDEO,Prime Video,False,400,44,Derek Kraus,NY Racing Team,Western States Flooring,True,36.37,0,0,32,Running,2.72,0.0,0.0,38.0,0.0060424395,13.684211,23.281387,38.438026,30894.09,56988.406,103244.14,62774.79
5563,Coca-Cola 600,Charlotte Motor Speedway,intermediate,2025-05-25,PRIME VIDEO,Prime Video,False,400,66,Josh Bilicki,Garage 66,AstraZeneca,False,37.42,0,0,33,Fuel Pressure,2.72,0.0,0.0,39.0,0.005661773,12.633302,21.719894,36.54148,28653.123,53516.35,97846.33,59033.227
5563,Coca-Cola 600,Charlotte Motor Speedway,intermediate,2025-05-25,PRIME VIDEO,Prime Video,False,400,77,Carson Hocevar,Spire Motorsports,Chili's Ride the 'Dente,False,14.86,2,229,34,Engine,2.72,0.005,0.0,14.0,0.023908498,63.078583,91.89247,133.42061,136793.05,226196.31,360941.06,239483.6
5563,Coca-Cola 600,Charlotte Motor Speedway,intermediate,2025-05-25,PRIME VIDEO,Prime Video,False,400,23,Bubba Wallace,23XI Racing,Chumba Casino,False,28.16,0,3,35,Accident,2.72,0.0,1.0,32.0,0.021648437,53.48271,82.1388,124.96226,118448.6,201181.53,331861.6,216635.39
5563,Coca-Cola 600,Charlotte Motor Speedway,intermediate,2025-05-25,PRIME VIDEO,Prime Video,False,400,99,Daniel Suárez,Trackhouse Racing,Freeway Insurance,False,28.13,0,13,36,Accident,2.72,0.0,1.0,31.0,0.021668341,53.52514,82.20738,125.05699,118549.61,201407.38,332096.44,216820.22
5563,Coca-Cola 600,Charlotte Motor Speedway,intermediate,2025-05-25,PRIME VIDEO,Prime Video,False,400,5,Kyle Larson,Hendrick Motorsports,HendrickCars.com Hendrick 1100,False,28.19,34,51,37,Accident,2.72,0.085,1.0,33.0,0.035402324,89.1545,134.6391,199.63951,198315.27,327954.12,536907.5,353417.4
5563,Coca-Cola 600,Charlotte Motor Speedway,intermediate,2025-05-25,PRIME VIDEO,Prime Video,False,400,12,Ryan Blaney,Team Penske,BodyArmor Chill,False,28.08,0,31,38,Accident,2.72,0.0,1.0,30.0,0.0217016,53.596058,82.33697,125.212036,118718.28,201784.86,332597.16,217128.64
5563,Coca-Cola 600,Charlotte Motor Speedway,intermediate,2025-05-25,PRIME VIDEO,Prime Video,False,400,38,Zane Smith,Front Row Motorsports,Benebone,False,25.56,0,116,39,Accident,2.72,0.0,1.0,27.0,0.023424093,58.465233,89.05638,134.53293,128878.76,217963.4,357613.06,234024.89
5563,Coca-Cola 600,Charlotte Motor Speedway,intermediate,2025-05-25,PRIME VIDEO,Prime Video,False,400,84,Jimmie Johnson,Legacy Motor Club,Carvana,False,37.56,0,0,40,Accident,2.72,0.0,1.0,40.0,0.01738184,40.310616,65.24261,102.66391,90415.32,159482.95,272529.28,172958.53
5568,Cracker Barrel 400,Nashville Superspeedway,intermediate,2025-06-01,PRIME VIDEO,Prime Video,False,300,12,Ryan Blaney,Team Penske,Menards\Cardell Cabinetry,False,4.21,139,298,1,Running,2.06,0.4633333333333333,0.0,2.0,0.124247484,320.44354,474.57178,697.23883,542553.5,875680.25,1.4443675e+06,944594.7
5568,Cracker Barrel 400,Nashville Superspeedway,intermediate,2025-06-01,PRIME VIDEO,Prime Video,False,300,77,Carson Hocevar,Spire Motorsports,Zeigler Auto Group,False,13.65,0,180,2,Running,2.06,0.0,0.0,13.0,0.025975492,67.51394,99.80164,145.49936,111926.836,186184.6,297390.72,196720.08
5568,Cracker Barrel 400,Nashville Superspeedway,intermediate,2025-06-01,PRIME VIDEO,Prime Video,False,300,11,Denny Hamlin,Joe Gibbs Racing,Progressive,False,3.33,79,292,3,Running,2.06,0.2633333333333333,0.0,1.0,0.09399713,245.18457,358.93744,526.3008,409744.94,672872.75,1.0828909e+06,712986.5
5568,Cracker Barrel 400,Nashville Superspeedway,intermediate,2025-06-01,PRIME VIDEO,Prime Video,False,300,22,Joey Logano,Team Penske,Shell Pennzoil,False,6.69,10,279,4,Running,2.06,0.03333333333333333,0.0,4.0,0.04574889,116.6896,176.07286,258.41098,194385.14,327591.5,530835.56,348292.97
5568,Cracker Barrel 400,Nashville Superspeedway,intermediate,2025-06-01,PRIME VIDEO,Prime Video,False,300,24,William Byron,Hendrick Motorsports,Raptor High Heat,False,5.33,1,294,5,Running,2.06,0.0033333333333333335,0.0,3.0,0.044186793,108.28528,169.3833,256.87503,182629.31,316183.06,527083.7,338388.94
5568,Cracker Barrel 400,Nashville Superspeedway,intermediate,2025-06-01,PRIME VIDEO,Prime Video,False,300,23,Bubba Wallace,23XI Racing,Chumba Casino,False,18.17,0,148,6,Running,2.06,0.0,0.0,15.0,0.01950074,51.373222,74.897934,108.94922,85315.734,138995.84,224149.81,148315.44
5568,Cracker Barrel 400,Nashville Superspeedway,intermediate,2025-06-01,PRIME VIDEO,Prime Video,False,300,43,Erik Jones,Legacy Motor Club,Dollar Tree,False,9.43,0,264,7,Running,2.06,0.0,0.0,5.0,0.033789486,85.60784,129.41092,189.87613,143719.17,241662.06,391667.4,256964.38
5568,Cracker Barrel 400,Nashville Superspeedway,intermediate,2025-06-01,PRIME VIDEO,Prime Video,False,300,5,Kyle Larson,Hendrick Motorsports,HendrickCars.com,False,21.41,0,97,8,Running,2.06,0.0,0.0,23.0,0.015997238,41.697697,61.4041,89.4859,69060.75,113104.17,184802.45,121420.016
5568,Cracker Barrel 400,Nashville Superspeedway,intermediate,2025-06-01,PRIME VIDEO,Prime Video,False,300,45,Tyler Reddick,23XI Racing,Pinnacle,False,11.79,7,228,9,Running,2.06,0.023333333333333334,0.0,10.0,0.033084057,86.85865,127.275314,184.74094,143447.58,238279.28,379287.94,250690.44
5568,Cracker Barrel 400,Nashville Superspeedway,intermediate,2025-06-01,PRIME VIDEO,Prime Video,False,300,20,Christopher Bell,Joe Gibbs Racing,DEWALT,False,10.37,0,269,10,Running,2.06,0.0,0.0,7.0,0.03190054,81.3581,122.17975,179.43532,136250.64,227565.4,368472.4,242049.33
5568,Cracker Barrel 400,Nashville Superspeedway,intermediate,2025-06-01,PRIME VIDEO,Prime Video,False,300,1,Ross Chastain,Trackhouse Racing,Busch Country,False,11.71,0,269,11,Running,2.06,0.0,0.0,9.0,0.029328436,75.56903,111.952805,164.58897,126217.2,209276.5,337727.78,222334.77
5568,Cracker Barrel 400,Nashville Superspeedway,intermediate,2025-06-01,PRIME VIDEO,Prime Video,False,300,8,Kyle Busch,Richard Childress Racing,Zone,False,19.05,0,106,12,Running,2.06,0.0,0.0,17.0,0.01851251,48.74767,70.97024,103.21268,80545.17,131895.16,212346.45,140442.89
5568,Cracker Barrel 400,Nashville Superspeedway,intermediate,2025-06-01,PRIME VIDEO,Prime Video,False,300,38,Zane Smith,Front Row Motorsports,Mystik Lubricants,False,17.48,0,137,13,Running,2.06,0.0,0.0,14.0,0.020350456,53.745747,78.42929,113.924866,89003.31,145327.1,234128.47,154811.4
5568,Cracker Barrel 400,Nashville Superspeedway,intermediate,2025-06-01,PRIME VIDEO,Prime Video,False,300,17,Chris Buescher,RFK Racing,Kroger / OIKOS,False,19.0,0,89,14,Running,2.06,0.0,0.0,16.0,0.01856713,48.87817,71.209564,103.6018,80791.85,132232.36,212847.4,140878.36
5568,Cracker Barrel 400,Nashville Superspeedway,intermediate,2025-06-01,PRIME VIDEO,Prime Video,False,300,9,Chase Elliott,Hendrick Motorsports,Kelley Blue Book,False,13.53,0,174,15,Running,2.06,0.0,0.0,11.0,0.02615393,67.91665,100.45133,146.69666,112460.38,187732.12,299674.38,198211.11
5568,Cracker Barrel 400,Nashville Superspeedway,intermediate,2025-06-01,PRIME VIDEO,Prime Video,False,300,99,Daniel Suárez,Trackhouse Racing,Tootsies Orchid Lounge,False,22.47,0,67,16,Running,2.06,0.0,0.0,25.0,0.014979164,38.686123,57.708294,84.1379,64549.89,106026.37,172854.25,113775.484
5568,Cracker Barrel 400,Nashville Superspeedway,intermediate,2025-06-01,PRIME VIDEO,Prime Video,False,300,19,Chase Briscoe,Joe Gibbs Racing,Bass Pro Shops,False,10.98,51,183,17,Running,2.06,0.17,0.0,8.0,0.058869928,153.7525,226.44907,323.50967,258971.95,418629.44,677846.8,447628.4
5568,Cracker Barrel 400,Nashville Superspeedway,intermediate,2025-06-01,PRIME VIDEO,Prime Video,False,300,2,Austin Cindric,Team Penske,Discount Tire,False,10.24,2,244,18,Running,2.06,0.006666666666666667,0.0,6.0,0.03325139,85.170685,127.50705,187.02435,143230.47,237563.64,382795.38,252479.31
5568,Cracker Barrel 400,Nashville Superspeedway,intermediate,2025-06-01,PRIME VIDEO,Prime Video,False,300,41,Cole Custer,Haas Factory Team,HaasTooling.com,False,21.42,0,72,19,Running,2.06,0.0,0.0,24.0,0.01598739,41.666954,61.36631,89.43271,69009.484,113032.44,184696.16,121345.34
5568,Cracker Barrel 400,Nashville Superspeedway,intermediate,2025-06-01,PRIME VIDEO,Prime Video,False,300,16,AJ Allmendinger,Kaulig Racing,LeafFilter Gutter Protection,False,27.53,0,0,20,Running,2.06,0.0,0.0,30.0,0.010919239,27.223167,42.138916,63.317146,45981.805,77390.76,129067.96,83658.04
5568,Cracker Barrel 400,Nashville Superspeedway,intermediate,2025-06-01,PRIME VIDEO,Prime Video,False,300,71,Michael McDowell,Spire Motorsports,Delaware Life,False,13.57,0,178,21,Running,2.06,0.0,0.0,12.0,0.026093613,67.775856,100.26111,146.3451,112274.945,187264.9,298955.4,197712.66
5568,Cracker Barrel 400,Nashville Superspeedway,intermediate,2025-06-01,PRIME VIDEO,Prime Video,False,300,34,Todd Gilliland,Front Row Motorsports,Love's Travel Stops,False,28.91,0,7,22,Running,2.06,0.0,0.0,32.0,0.01001093,24.873606,38.75801,59.095276,41894.414,71014.67,120013.53,76993.336
5568,Cracker Barrel 400,Nashville Superspeedway,intermediate,2025-06-01,PRIME VIDEO,Prime Video,False,300,6,Brad Keselowski,RFK Racing,Solomon Plumbing,False,19.42,3,115,23,Running,2.06,0.01,0.0,19.0,0.019778352,52.17124,75.70507,109.14415,86484.555,140835.27,225211.94,149898.62
5568,Cracker Barrel 400,Nashville Superspeedway,intermediate,2025-06-01,PRIME VIDEO,Prime Video,False,300,35,Riley Herbst,23XI Racing,Monster Energy,False,28.41,0,3,24,Running,2.06,0.0,0.0,31.0,0.010324628,25.699463,39.955315,60.755344,43277.99,73231.11,123464.33,79341.16
5568,Cracker Barrel 400,Nashville Superspeedway,intermediate,2025-06-01,PRIME VIDEO,Prime Video,False,300,88,Shane Van Gisbergen,Trackhouse Racing,Red Bull,False,20.92,0,27,25,Running,2.06,0.0,0.0,22.0,0.016497806,43.02478,63.3646,92.03556,71306.625,117070.36,189958.44,125134.44
5568,Cracker Barrel 400,Nashville Superspeedway,intermediate,2025-06-01,PRIME VIDEO,Prime Video,False,300,10,Ty Dillon,Kaulig Racing,Grizzly Nicotine Pouches,False,24.03,0,28,26,Running,2.06,0.0,0.0,27.0,0.013580986,34.80654,52.459953,77.11185,58261.484,96358.52,157964.53,103431.74
5568,Cracker Barrel 400,Nashville Superspeedway,intermediate,2025-06-01,PRIME VIDEO,Prime Video,False,300,42,John H. Nemechek,Legacy Motor Club,DriveValue.com,False,27.44,0,22,27,Running,2.06,0.0,0.0,29.0,0.010978549,27.39088,42.392433,63.5166,46270.79,77834.05,129549.445,84113.41
5568,Cracker Barrel 400,Nashville Superspeedway,intermediate,2025-06-01,PRIME VIDEO,Prime Video,False,300,60,Ryan Preece,RFK Racing,Trimble,False,20.14,0,110,28,Running,2.06,0.0,0.0,21.0,0.017322905,45.318,66.37868,96.1045,74968.375,122675.266,198881.25,131295.17
5568,Cracker Barrel 400,Nashville Superspeedway,intermediate,2025-06-01,PRIME VIDEO,Prime Video,False,300,3,Austin Dillon,Richard Childress Racing,Toys For Tots,False,23.35,8,21,29,Running,2.06,0.02666666666666667,0.0,26.0,0.018657925,48.50996,71.498085,104.20059,80368.29,132027.23,214755.1,141502.94
5568,Cracker Barrel 400,Nashville Superspeedway,intermediate,2025-06-01,PRIME VIDEO,Prime Video,False,300,21,Josh Berry,Wood Brothers Racing,Freightliner,False,19.55,0,104,30,Running,2.06,0.0,0.0,20.0,0.017953685,47.185997,68.77597,99.91027,77752.52,127744.586,205469.39,136166.31
5568,Cracker Barrel 400,Nashville Superspeedway,intermediate,2025-06-01,PRIME VIDEO,Prime Video,False,300,54,Ty Gibbs,Joe Gibbs Racing,,False,19.16,0,119,31,Running,2.06,0.0,0.0,18.0,0.018395934,48.368725,70.43377,102.50535,79948.484,131161.98,210919.38,139490.17
5568,Cracker Barrel 400,Nashville Superspeedway,intermediate,2025-06-01,PRIME VIDEO,Prime Video,False,300,7,Justin Haley,Spire Motorsports,Garner Trucking,False,25.01,0,36,32,Running,2.06,0.0,0.0,28.0,0.012770072,32.524715,49.371292,72.43537,54536.926,90589.89,149258.08,97443.11
5568,Cracker Barrel 400,Nashville Superspeedway,intermediate,2025-06-01,PRIME VIDEO,Prime Video,False,300,51,Cody Ware,Rick Ware Racing,,False,32.54,0,5,33,Running,2.06,0.0,0.0,36.0,0.007996306,19.010197,30.784725,48.44868,32582.346,56633.438,99024.54,61995.566
5568,Cracker Barrel 400,Nashville Superspeedway,intermediate,2025-06-01,PRIME VIDEO,Prime Video,False,300,44,JJ Yeley,NY Racing Team,Fanatics Sportsbook,True,35.21,0,0,34,Running,2.06,0.0,0.0,38.0,0.0067703016,15.583538,26.08479,42.25318,26546.355,48237.07,86387.34,52947.0
5568,Cracker Barrel 400,Nashville Superspeedway,intermediate,2025-06-01,PRIME VIDEO,Prime Video,False,300,66,Chad Finchum,Garage 66,Aires,False,36.43,0,0,35,Running,2.06,0.0,0.0,39.0,0.006277128,14.196103,24.149208,39.702267,24298.812,44787.074,81266.664,49286.363
5568,Cracker Barrel 400,Nashville Superspeedway,intermediate,2025-06-01,PRIME VIDEO,Prime Video,False,300,48,Alex Bowman,Hendrick Motorsports,Ally,False,32.35,0,10,36,Running,2.06,0.0,0.0,35.0,0.008089973,19.281504,31.147982,48.955643,33057.414,57431.305,100348.305,62698.64
5568,Cracker Barrel 400,Nashville Superspeedway,intermediate,2025-06-01,PRIME VIDEO,Prime Video,False,300,67,Corey Heim,23XI Racing,Chief's,False,29.85,0,19,37,Accident,2.06,0.0,1.0,33.0,0.021495206,52.111473,81.01951,125.78042,87607.38,151078.94,251820.47,162858.38
5568,Cracker Barrel 400,Nashville Superspeedway,intermediate,2025-06-01,PRIME VIDEO,Prime Video,False,300,4,Noah Gragson,Front Row Motorsports,Rush Truck Centers,False,33.82,0,2,38,Accident,2.06,0.0,1.0,37.0,0.019514944,45.944687,73.19487,115.60065,77862.516,135827.23,231638.88,147552.97
5568,Cracker Barrel 400,Nashville Superspeedway,intermediate,2025-06-01,PRIME VIDEO,Prime Video,False,300,47,Ricky Stenhouse Jr,HYAK Motorsports,NOS Energy,False,31.89,0,4,39,Accident,2.06,0.0,1.0,34.0,0.020404043,48.77203,76.6328,120.31744,82303.54,142626.4,240789.7,154519.45
5573,FireKeepers Casino 400,Michigan International Speedway,intermediate,2025-06-08,PRIME VIDEO,Prime Video,False,200,11,Denny Hamlin,Joe Gibbs Racing,Yahoo!,False,5.51,5,200,1,Running,1.77,0.025,0.0,2.0,0.047950752,121.076126,184.83603,274.5299,174933.4,295404.78,487264.78,315127.88
5573,FireKeepers Casino 400,Michigan International Speedway,intermediate,2025-06-08,PRIME VIDEO,Prime Video,False,200,17,Chris Buescher,RFK Racing,Kroger / Kraft / Artesano,False,9.15,13,159,2,Running,1.77,0.065,0.0,4.0,0.04575813,119.60136,176.59116,253.92105,171405.92,282045.5,448465.3,298101.62
5573,FireKeepers Casino 400,Michigan International Speedway,intermediate,2025-06-08,PRIME VIDEO,Prime Video,False,200,54,Ty Gibbs,Joe Gibbs Racing,Monster Energy,False,14.31,0,112,3,Running,1.77,0.0,0.0,12.0,0.025259065,66.35788,97.2525,142.14766,94510.12,155469.67,248618.75,164807.17
5573,FireKeepers Casino 400,Michigan International Speedway,intermediate,2025-06-08,PRIME VIDEO,Prime Video,False,200,23,Bubba Wallace,23XI Racing,Columbia,False,10.27,0,185,4,Running,1.77,0.0,0.0,6.0,0.03254936,83.34863,124.80382,183.1838,120157.516,199823.22,322885.72,212666.27
5573,FireKeepers Casino 400,Michigan International Speedway,intermediate,2025-06-08,PRIME VIDEO,Prime Video,False,200,5,Kyle Larson,Hendrick Motorsports,HendrickCars.com,False,9.82,0,155,5,Running,1.77,0.0,0.0,5.0,0.033465657,85.349976,128.30884,188.7828,123158.76,205709.16,333363.0,218833.47
5573,FireKeepers Casino 400,Michigan International Speedway,intermediate,2025-06-08,PRIME VIDEO,Prime Video,False,200,1,Ross Chastain,Trackhouse Racing,Busch Light Apple,False,12.29,0,133,6,Running,1.77,0.0,0.0,10.0,0.028733607,74.176796,109.936195,161.56053,106774.03,176627.86,282197.75,187141.64
5573,FireKeepers Casino 400,Michigan International Speedway,intermediate,2025-06-08,PRIME VIDEO,Prime Video,False,200,38,Zane Smith,Front Row Motorsports,Long John Silver's,False,11.02,2,170,7,Running,1.77,0.01,0.0,9.0,0.032713346,84.84554,125.43537,183.79396,121949.03,201879.88,322798.3,213517.06
5573,FireKeepers Casino 400,Michigan International Speedway,intermediate,2025-06-08,PRIME VIDEO,Prime Video,False,200,8,Kyle Busch,Richard Childress Racing,BetMGM,False,10.47,0,154,8,Running,1.77,0.0,0.0,8.0,0.03214953,82.49292,123.16214,180.7195,118670.46,197496.75,318404.88,209983.61
5573,FireKeepers Casino 400,Michigan International Speedway,intermediate,2025-06-08,PRIME VIDEO,Prime Video,False,200,60,Ryan Preece,RFK Racing,Castrol,False,16.25,0,133,9,Running,1.77,0.0,0.0,14.0,0.022378769,59.25018,86.113075,124.725876,83631.09,136547.34,220329.62,145976.12
5573,FireKeepers Casino 400,Michigan International Speedway,intermediate,2025-06-08,PRIME VIDEO,Prime Video,False,200,6,Brad Keselowski,RFK Racing,BuildSubmarines.com,False,17.31,0,75,10,Running,1.77,0.0,0.0,16.0,0.02090615,55.271523,80.40729,117.142715,78462.87,128255.7,206395.72,136652.98
5573,FireKeepers Casino 400,Michigan International Speedway,intermediate,2025-06-08,PRIME VIDEO,Prime Video,False,200,43,Erik Jones,Legacy Motor Club,Dollar Tree,False,15.9,0,72,11,Running,1.77,0.0,0.0,13.0,0.022890083,60.412563,88.059616,127.49204,85425.37,139833.9,225424.5,149198.75
5573,FireKeepers Casino 400,Michigan International Speedway,intermediate,2025-06-08,PRIME VIDEO,Prime Video,False,200,21,Josh Berry,Wood Brothers Racing,Motorcraft \ Quick Lane,False,12.86,0,141,12,Running,1.77,0.0,0.0,11.0,0.02769726,71.8503,106.34134,155.25484,102544.04,170904.77,273390.56,180535.42
5573,FireKeepers Casino 400,Michigan International Speedway,intermediate,2025-06-08,PRIME VIDEO,Prime Video,False,200,45,Tyler Reddick,23XI Racing,Mobil 1,False,10.33,0,144,13,Running,1.77,0.0,0.0,7.0,0.03242566,83.10205,124.30062,182.432,119798.41,199056.52,321534.9,211857.56
5573,FireKeepers Casino 400,Michigan International Speedway,intermediate,2025-06-08,PRIME VIDEO,Prime Video,False,200,99,Daniel Suárez,Trackhouse Racing,Jockey Infinite Cool Underwear,False,24.44,0,32,14,Running,1.77,0.0,0.0,27.0,0.013434663,34.360058,51.926163,76.19043,49382.66,81977.06,134802.05,88151.97
5573,FireKeepers Casino 400,Michigan International Speedway,intermediate,2025-06-08,PRIME VIDEO,Prime Video,False,200,9,Chase Elliott,Hendrick Motorsports,UniFirst,False,16.57,19,63,15,Running,1.77,0.095,0.0,15.0,0.03765074,98.48954,144.2445,206.53986,142021.92,230352.44,369387.62,245016.89
5573,FireKeepers Casino 400,Michigan International Speedway,intermediate,2025-06-08,PRIME VIDEO,Prime Video,False,200,20,Christopher Bell,Joe Gibbs Racing,Rheem,False,17.66,2,44,16,Running,1.77,0.01,0.0,17.0,0.022149723,58.77332,84.86853,122.25361,83323.76,136066.3,217379.3,144442.55
5573,FireKeepers Casino 400,Michigan International Speedway,intermediate,2025-06-08,PRIME VIDEO,Prime Video,False,200,16,AJ Allmendinger,Kaulig Racing,Action Industries,False,18.6,0,72,17,Running,1.77,0.0,0.0,20.0,0.019339401,50.905964,74.08037,107.94336,72160.25,118350.53,190534.27,126143.06
5573,FireKeepers Casino 400,Michigan International Speedway,intermediate,2025-06-08,PRIME VIDEO,Prime Video,False,200,88,Shane Van Gisbergen,Trackhouse Racing,Safety Culture,False,24.75,0,10,18,Running,1.77,0.0,0.0,28.0,0.0131702935,33.62317,50.99517,74.744255,48381.39,80411.71,132399.39,86506.53
5573,FireKeepers Casino 400,Michigan International Speedway,intermediate,2025-06-08,PRIME VIDEO,Prime Video,False,200,3,Austin Dillon,Richard Childress Racing,Dow Mobility Science,False,24.12,0,14,19,Running,1.77,0.0,0.0,26.0,0.0137139205,35.121147,53.05787,77.88192,50578.04,83522.02,137479.23,89884.84
5573,FireKeepers Casino 400,Michigan International Speedway,intermediate,2025-06-08,PRIME VIDEO,Prime Video,False,200,47,Ricky Stenhouse Jr,HYAK Motorsports,Real American Beer,False,24.03,0,17,20,Running,1.77,0.0,0.0,25.0,0.013796087,35.326942,53.37805,78.331635,50893.65,84057.94,138019.0,90378.625
5573,FireKeepers Casino 400,Michigan International Speedway,intermediate,2025-06-08,PRIME VIDEO,Prime Video,False,200,7,Justin Haley,Spire Motorsports,Garner Trucking,False,26.34,0,15,21,Running,1.77,0.0,0.0,30.0,0.011946229,29.968548,46.02372,68.610855,43410.59,72869.81,121118.08,78560.38
5573,FireKeepers Casino 400,Michigan International Speedway,intermediate,2025-06-08,PRIME VIDEO,Prime Video,False,200,22,Joey Logano,Team Penske,Hunt Brothers Pizza,False,19.69,0,81,22,Running,1.77,0.0,0.0,21.0,0.018095627,47.36819,69.39021,100.5018,67349.52,110314.766,178596.19,117924.016
5573,FireKeepers Casino 400,Michigan International Speedway,intermediate,2025-06-08,PRIME VIDEO,Prime Video,False,200,19,Chase Briscoe,Joe Gibbs Racing,Bass Pro Shops,False,17.97,11,72,23,Running,1.77,0.055,0.0,19.0,0.029182697,76.66223,112.1659,161.52083,110330.48,179258.06,286189.2,190174.05
5573,FireKeepers Casino 400,Michigan International Speedway,intermediate,2025-06-08,PRIME VIDEO,Prime Video,False,200,10,Ty Dillon,Kaulig Racing,Sea Best,False,21.05,0,48,24,Running,1.77,0.0,0.0,24.0,0.016617587,43.3425,63.842773,92.78556,61824.742,101080.586,165194.33,108450.31
5573,FireKeepers Casino 400,Michigan International Speedway,intermediate,2025-06-08,PRIME VIDEO,Prime Video,False,200,35,Riley Herbst,23XI Racing,Monster Energy Zero Sugar,False,28.23,0,0,25,Running,1.77,0.0,0.0,32.0,0.010597019,26.362055,41.020622,62.326614,38166.83,64706.105,108881.734,70102.61
5573,FireKeepers Casino 400,Michigan International Speedway,intermediate,2025-06-08,PRIME VIDEO,Prime Video,False,200,51,Cody Ware,Rick Ware Racing,Jacob Construction,False,31.33,1,4,26,Running,1.77,0.005,0.0,34.0,0.009559423,23.414738,37.05461,57.338127,34001.7,58602.67,100526.56,63605.746
5573,FireKeepers Casino 400,Michigan International Speedway,intermediate,2025-06-08,PRIME VIDEO,Prime Video,False,200,4,Noah Gragson,Front Row Motorsports,MillerTech,False,26.6,0,2,27,Running,1.77,0.0,0.0,31.0,0.0117498,29.409868,45.37956,67.70306,42625.902,71767.46,119201.05,77335.88
5573,FireKeepers Casino 400,Michigan International Speedway,intermediate,2025-06-08,PRIME VIDEO,Prime Video,False,200,24,William Byron,Hendrick Motorsports,Raptor,False,2.62,98,194,28,Running,1.77,0.49,0.0,1.0,0.13382868,345.80835,510.58163,751.59595,499084.06,812200.44,1.33632e+06,873231.25
5573,FireKeepers Casino 400,Michigan International Speedway,intermediate,2025-06-08,PRIME VIDEO,Prime Video,False,200,77,Carson Hocevar,Spire Motorsports,Zeigler Auto Group,False,8.32,32,177,29,Running,1.77,0.16,0.0,3.0,0.063284814,166.05705,243.19693,349.73047,237597.11,389189.88,622035.0,412438.56
5573,FireKeepers Casino 400,Michigan International Speedway,intermediate,2025-06-08,PRIME VIDEO,Prime Video,False,200,71,Michael McDowell,Spire Motorsports,Delaware Life,False,19.69,0,75,30,Running,1.77,0.0,0.0,22.0,0.018095627,47.36819,69.39021,100.5018,67349.52,110314.766,178596.19,117924.016
5573,FireKeepers Casino 400,Michigan International Speedway,intermediate,2025-06-08,PRIME VIDEO,Prime Video,False,200,2,Austin Cindric,Team Penske,Discount Tire,False,17.88,10,103,31,Running,1.77,0.05,0.0,18.0,0.028490704,74.82642,109.432625,157.03957,107386.53,174963.97,278119.62,185544.28
5573,FireKeepers Casino 400,Michigan International Speedway,intermediate,2025-06-08,PRIME VIDEO,Prime Video,False,200,12,Ryan Blaney,Team Penske,Menards \ Knauf,False,20.79,7,77,32,Running,1.77,0.035,0.0,23.0,0.022657461,59.643597,87.00385,126.1658,85101.46,138552.22,222944.6,147748.44
5573,FireKeepers Casino 400,Michigan International Speedway,intermediate,2025-06-08,PRIME VIDEO,Prime Video,False,200,34,Todd Gilliland,Front Row Motorsports,Martin Transportation Systems,False,24.79,0,43,33,Accident,1.77,0.0,1.0,29.0,0.025008975,62.422176,95.068665,143.65858,89454.695,151489.2,249023.31,162685.86
5573,FireKeepers Casino 400,Michigan International Speedway,intermediate,2025-06-08,PRIME VIDEO,Prime Video,False,200,42,John H. Nemechek,Legacy Motor Club,Pye Barker Fire & Safety,False,30.42,0,2,34,Accident,1.77,0.0,1.0,33.0,0.021155814,51.304886,79.86422,123.74052,74410.5,127528.625,213843.5,137876.08
5573,FireKeepers Casino 400,Michigan International Speedway,intermediate,2025-06-08,PRIME VIDEO,Prime Video,False,200,41,Cole Custer,Haas Factory Team,HaasTooling.com,False,32.81,0,0,35,Accident,1.77,0.0,1.0,36.0,0.019921387,47.619205,74.89896,117.10028,69120.4,119547.64,202115.36,129732.24
5573,FireKeepers Casino 400,Michigan International Speedway,intermediate,2025-06-08,PRIME VIDEO,Prime Video,False,200,48,Alex Bowman,Hendrick Motorsports,Ally,False,31.64,0,22,36,Accident,1.77,0.0,1.0,35.0,0.020517502,49.30732,77.287094,120.20269,71901.125,123403.05,208072.25,133566.72
5552,Viva Mexico 250,Autódromo Hermanos Rodríguez,road,2025-06-15,PRIME VIDEO,Prime Video,False,100,88,Shane Van Gisbergen,Trackhouse Racing,Safety Culture,False,2.6,60,94,1,Running,2.1,0.6,0.0,1.0,0.15740338,402.9292,601.5973,888.04333,697243.5,1.1303138e+06,1.8555688e+06,1.2197889e+06
5552,Viva Mexico 250,Autódromo Hermanos Rodríguez,road,2025-06-15,PRIME VIDEO,Prime Video,False,100,20,Christopher Bell,Joe Gibbs Racing,Mobil 1,False,7.04,4,83,2,Running,2.1,0.04,0.0,2.0,0.048171215,123.61597,185.95226,272.267,209263.45,351961.75,572569.0,374288.7
5552,Viva Mexico 250,Autódromo Hermanos Rodríguez,road,2025-06-15,PRIME VIDEO,Prime Video,False,100,9,Chase Elliott,Hendrick Motorsports,Llumar,False,10.75,0,76,3,Running,2.1,0.0,0.0,6.0,0.03278993,83.687386,125.70791,184.30424,142866.1,238126.44,387857.25,253711.53
5552,Viva Mexico 250,Autódromo Hermanos Rodríguez,road,2025-06-15,PRIME VIDEO,Prime Video,False,100,48,Alex Bowman,Hendrick Motorsports,Ally,False,9.8,0,73,4,Running,2.1,0.0,0.0,5.0,0.03477136,87.84124,133.06271,194.71654,150564.56,253206.19,412580.22,269511.25
5552,Viva Mexico 250,Autódromo Hermanos Rodríguez,road,2025-06-15,PRIME VIDEO,Prime Video,False,100,71,Michael McDowell,Spire Motorsports,B'laster,False,8.47,2,92,5,Running,2.1,0.02,0.0,4.0,0.041212074,105.06255,158.79121,232.55522,179593.34,300428.88,484182.62,319761.88
5552,Viva Mexico 250,Autódromo Hermanos Rodríguez,road,2025-06-15,PRIME VIDEO,Prime Video,False,100,42,John H. Nemechek,Legacy Motor Club,Pye Barker Fire & Safety,False,16.67,0,50,6,Running,2.1,0.0,0.0,16.0,0.022596247,59.433006,86.956635,125.935814,100417.336,164197.38,264757.16,174784.39
5552,Viva Mexico 250,Autódromo Hermanos Rodríguez,road,2025-06-15,PRIME VIDEO,Prime Video,False,100,19,Chase Briscoe,Joe Gibbs Racing,Bass Pro Shops,False,19.51,0,53,7,Running,2.1,0.0,0.0,20.0,0.01892675,49.82755,72.500854,105.31447,83881.81,137595.11,221549.23,146515.16
5552,Viva Mexico 250,Autódromo Hermanos Rodríguez,road,2025-06-15,PRIME VIDEO,Prime Video,False,100,41,Cole Custer,Haas Factory Team,HaasTooling.com,False,11.5,0,75,8,Running,2.1,0.0,0.0,7.0,0.031293415,80.163086,119.83101,175.54785,136921.25,227667.38,368081.38,241923.77
5552,Viva Mexico 250,Autódromo Hermanos Rodríguez,road,2025-06-15,PRIME VIDEO,Prime Video,False,100,24,William Byron,Hendrick Motorsports,Valvoline,False,15.0,1,65,9,Running,2.1,0.01,0.0,13.0,0.026835391,70.450745,103.13919,149.30992,118997.93,195094.5,311638.22,207219.48
5552,Viva Mexico 250,Autódromo Hermanos Rodríguez,road,2025-06-15,PRIME VIDEO,Prime Video,False,100,17,Chris Buescher,RFK Racing,Body Guard,False,13.11,1,73,10,Running,2.1,0.01,0.0,9.0,0.029971696,78.44603,115.5276,167.69333,132746.69,219077.5,349773.1,231705.4
5552,Viva Mexico 250,Autódromo Hermanos Rodríguez,road,2025-06-15,PRIME VIDEO,Prime Video,False,100,54,Ty Gibbs,Joe Gibbs Racing,Monster Energy,False,7.32,27,90,11,Running,2.1,0.27,0.0,3.0,0.08673936,224.91608,331.39496,481.2524,386130.9,628877.7,1.01816144e+06,671951.4
5552,Viva Mexico 250,Autódromo Hermanos Rodríguez,road,2025-06-15,PRIME VIDEO,Prime Video,False,100,23,Bubba Wallace,23XI Racing,Chumba Casino,False,17.55,0,27,12,Running,2.1,0.0,0.0,17.0,0.021349378,56.41241,82.27315,119.23994,95014.695,155750.27,250119.58,165459.03
5552,Viva Mexico 250,Autódromo Hermanos Rodríguez,road,2025-06-15,PRIME VIDEO,Prime Video,False,100,16,AJ Allmendinger,Kaulig Racing,LeafFilter Gutter Protection,False,18.26,0,40,13,Running,2.1,0.0,0.0,18.0,0.020423211,54.022953,78.60787,113.74882,90852.71,148901.47,240296.52,158316.03
5552,Viva Mexico 250,Autódromo Hermanos Rodríguez,road,2025-06-15,PRIME VIDEO,Prime Video,False,100,12,Ryan Blaney,Team Penske,Wurth,False,12.53,0,76,14,Running,2.1,0.0,0.0,8.0,0.029315488,75.46428,112.39692,164.15227,128301.836,214322.23,344071.16,226662.03
5552,Viva Mexico 250,Autódromo Hermanos Rodríguez,road,2025-06-15,PRIME VIDEO,Prime Video,False,100,60,Ryan Preece,RFK Racing,Kroger / Colgate,False,15.32,4,43,15,Running,2.1,0.04,0.0,14.0,0.031424597,82.97321,120.6098,173.3281,140964.86,229510.69,364628.5,242939.38
5552,Viva Mexico 250,Autódromo Hermanos Rodríguez,road,2025-06-15,PRIME VIDEO,Prime Video,False,100,1,Ross Chastain,Trackhouse Racing,Wendy's Frosty Swirls,False,13.53,0,63,16,Running,2.1,0.0,0.0,11.0,0.02754258,71.33342,105.515945,154.11266,120763.15,201217.34,322609.0,212806.9
5552,Viva Mexico 250,Autódromo Hermanos Rodríguez,road,2025-06-15,PRIME VIDEO,Prime Video,False,100,43,Erik Jones,Legacy Motor Club,Family Dollar,False,16.58,0,56,17,Running,2.1,0.0,0.0,15.0,0.02273031,59.71859,87.481064,126.721695,100964.625,165089.1,266072.56,175768.67
5552,Viva Mexico 250,Autódromo Hermanos Rodríguez,road,2025-06-15,PRIME VIDEO,Prime Video,False,100,2,Austin Cindric,Team Penske,Menards \ Quaker State,False,13.6,1,51,18,Running,2.1,0.01,0.0,12.0,0.029118996,76.42077,112.337494,162.55884,129172.39,212228.45,340383.22,225061.92
5552,Viva Mexico 250,Autódromo Hermanos Rodríguez,road,2025-06-15,PRIME VIDEO,Prime Video,False,100,99,Daniel Suárez,Trackhouse Racing,Telcel,False,13.28,0,55,19,Running,2.1,0.0,0.0,10.0,0.027975328,72.325134,107.19032,156.97523,122759.41,204359.25,326748.5,216185.47
5552,Viva Mexico 250,Autódromo Hermanos Rodríguez,road,2025-06-15,PRIME VIDEO,Prime Video,False,100,45,Tyler Reddick,23XI Racing,Xfinity Mobile,False,21.83,0,7,20,Running,2.1,0.0,0.0,25.0,0.016409434,42.68561,63.215218,91.87438,72109.75,118363.234,192800.05,126994.28
5552,Viva Mexico 250,Autódromo Hermanos Rodríguez,road,2025-06-15,PRIME VIDEO,Prime Video,False,100,22,Joey Logano,Team Penske,Shell Pennzoil,False,19.75,0,20,21,Running,2.1,0.0,0.0,22.0,0.018645285,49.104237,71.5109,103.7875,82616.08,135556.39,217870.53,144357.23
5552,Viva Mexico 250,Autódromo Hermanos Rodríguez,road,2025-06-15,PRIME VIDEO,Prime Video,False,100,34,Todd Gilliland,Front Row Motorsports,Long John Silver's,False,19.62,0,23,22,Running,2.1,0.0,0.0,21.0,0.01880179,49.498264,72.09385,104.588394,83339.734,136660.78,219638.94,145521.83
5552,Viva Mexico 250,Autódromo Hermanos Rodríguez,road,2025-06-15,PRIME VIDEO,Prime Video,False,100,11,Ryan Truex,Joe Gibbs Racing,Yahoo!,False,25.48,0,3,23,Running,2.1,0.0,0.0,30.0,0.013070878,33.238773,50.396725,74.519806,56691.438,94546.125,156127.61,101620.96
5552,Viva Mexico 250,Autódromo Hermanos Rodríguez,road,2025-06-15,PRIME VIDEO,Prime Video,False,100,7,Justin Haley,Spire Motorsports,Gainbridge,False,28.05,0,6,24,Running,2.1,0.0,0.0,31.0,0.011128645,27.660427,43.03955,64.94949,47775.754,80444.51,134239.58,86993.03
5552,Viva Mexico 250,Autódromo Hermanos Rodríguez,road,2025-06-15,PRIME VIDEO,Prime Video,False,100,6,Brad Keselowski,RFK Racing,Castrol,False,22.51,0,19,25,Running,2.1,0.0,0.0,26.0,0.015724108,40.828896,60.554554,88.23941,69132.96,113153.62,185623.47,121805.586
5552,Viva Mexico 250,Autódromo Hermanos Rodríguez,road,2025-06-15,PRIME VIDEO,Prime Video,False,100,21,Josh Berry,Wood Brothers Racing,DEX Imaging,False,21.75,0,16,26,Running,2.1,0.0,0.0,24.0,0.016486932,42.93139,63.506313,92.32251,72574.7,118852.9,193587.78,127619.88
5552,Viva Mexico 250,Autódromo Hermanos Rodríguez,road,2025-06-15,PRIME VIDEO,Prime Video,False,100,47,Ricky Stenhouse Jr,HYAK Motorsports,Fun Pops,False,24.12,0,14,27,Running,2.1,0.0,0.0,29.0,0.014210761,36.466957,54.938538,80.42168,62637.582,102842.016,168780.69,110388.336
5552,Viva Mexico 250,Autódromo Hermanos Rodríguez,road,2025-06-15,PRIME VIDEO,Prime Video,False,100,3,Austin Dillon,Richard Childress Racing,Boot Barn,False,23.08,0,26,28,Running,2.1,0.0,0.0,27.0,0.01516909,39.178055,58.56687,85.44495,67043.91,109569.05,178918.62,117627.67
5552,Viva Mexico 250,Autódromo Hermanos Rodríguez,road,2025-06-15,PRIME VIDEO,Prime Video,False,100,35,Riley Herbst,23XI Racing,Monster Energy Zero Sugar,False,18.8,0,47,29,Running,2.1,0.0,0.0,19.0,0.019790336,52.05432,75.9663,110.118965,87966.62,144030.84,232551.03,153100.05
5552,Viva Mexico 250,Autódromo Hermanos Rodríguez,road,2025-06-15,PRIME VIDEO,Prime Video,False,100,4,Noah Gragson,Front Row Motorsports,Long John Silver's,False,28.76,0,0,30,Running,2.1,0.0,0.0,32.0,0.010649178,26.354494,41.091267,62.716576,45576.84,76891.25,129575.805,83355.08
5552,Viva Mexico 250,Autódromo Hermanos Rodríguez,road,2025-06-15,PRIME VIDEO,Prime Video,False,100,51,Cody Ware,Rick Ware Racing,Arrowhead Brass,False,28.89,0,0,31,Running,2.1,0.0,0.0,33.0,0.010565155,26.148417,40.763145,62.330864,45147.65,76323.81,128556.805,82706.58
5552,Viva Mexico 250,Autódromo Hermanos Rodríguez,road,2025-06-15,PRIME VIDEO,Prime Video,False,100,78,Katherine Legge,Live Fast Motorsports,e.l.f. Cosmetics,False,29.85,0,0,32,Running,2.1,0.0,0.0,34.0,0.009947948,24.55423,38.469368,58.482834,42299.43,71799.805,122241.02,78078.68
5552,Viva Mexico 250,Autódromo Hermanos Rodríguez,road,2025-06-15,PRIME VIDEO,Prime Video,False,100,10,Ty Dillon,Kaulig Racing,Ohio Logistics,False,20.26,0,41,33,Running,2.1,0.0,0.0,23.0,0.01808189,47.415928,69.38459,100.52187,79763.64,130856.95,211295.47,139881.22
5552,Viva Mexico 250,Autódromo Hermanos Rodríguez,road,2025-06-15,PRIME VIDEO,Prime Video,False,100,77,Carson Hocevar,Spire Motorsports,Totalplay,False,23.85,0,30,34,Running,2.1,0.0,0.0,28.0,0.014453048,37.123333,55.897926,81.70802,63612.027,104437.59,171352.02,112221.76
5552,Viva Mexico 250,Autódromo Hermanos Rodríguez,road,2025-06-15,PRIME VIDEO,Prime Video,False,100,38,Zane Smith,Front Row Motorsports,Benebone,False,34.06,0,2,35,Drivetrain,2.1,0.0,0.0,35.0,0.0076405546,17.949036,29.45657,47.00912,31298.943,55519.453,98020.71,60779.55
5552,Viva Mexico 250,Autódromo Hermanos Rodríguez,road,2025-06-15,PRIME VIDEO,Prime Video,False,100,5,Kyle Larson,Hendrick Motorsports,Valvoline,False,34.24,0,6,36,Running,2.1,0.0,0.0,36.0,0.0075546145,17.68212,29.131882,46.613407,30851.42,54902.21,97214.31,60136.664
5552,Viva Mexico 250,Autódromo Hermanos Rodríguez,road,2025-06-15,PRIME VIDEO,Prime Video,False,100,8,Kyle Busch,Richard Childress Racing,Lucas Oil,False,35.49,0,5,37,Accident,2.1,0.0,1.0,37.0,0.019471686,45.112656,73.357666,116.31673,78388.0,137914.72,237502.94,150206.52
5570,The Great American Getaway 400 Presented by VISITPA.COM,Pocono Raceway,intermediate,2025-06-22,PRIME VIDEO,Prime Video,False,160,19,Chase Briscoe,Joe Gibbs Racing,Bass Pro Shops,False,6.7,72,131,1,Running,1.869,0.45,0.0,3.0,0.11591376,296.94556,442.61407,653.70013,458924.12,741939.75,1.21836e+06,800901.25
5570,The Great American Getaway 400 Presented by VISITPA.COM,Pocono Raceway,intermediate,2025-06-22,PRIME VIDEO,Prime Video,False,160,11,Denny Hamlin,Joe Gibbs Racing,Progressive,False,4.44,32,157,2,Running,1.869,0.2,0.0,1.0,0.08120332,211.44168,311.7701,451.8867,323269.25,527421.9,848463.94,559046.1
5570,The Great American Getaway 400 Presented by VISITPA.COM,Pocono Raceway,intermediate,2025-06-22,PRIME VIDEO,Prime Video,False,160,12,Ryan Blaney,Team Penske,Wabash,False,13.59,3,85,3,Running,1.869,0.01875,0.0,13.0,0.029881718,78.788376,115.0439,165.9921,118240.44,194632.34,309479.3,205443.64
5570,The Great American Getaway 400 Presented by VISITPA.COM,Pocono Raceway,intermediate,2025-06-22,PRIME VIDEO,Prime Video,False,160,17,Chris Buescher,RFK Racing,Nexletol,False,6.45,2,146,4,Running,1.869,0.0125,0.0,2.0,0.043812737,110.04812,168.87878,251.9597,167551.69,284820.28,470172.94,304045.8
5570,The Great American Getaway 400 Presented by VISITPA.COM,Pocono Raceway,intermediate,2025-06-22,PRIME VIDEO,Prime Video,False,160,9,Chase Elliott,Hendrick Motorsports,NAPA Auto Parts,False,9.04,0,125,5,Running,1.869,0.0,0.0,4.0,0.035548195,89.4578,135.93115,200.4385,136488.16,230581.97,375978.62,245435.66
5570,The Great American Getaway 400 Presented by VISITPA.COM,Pocono Raceway,intermediate,2025-06-22,PRIME VIDEO,Prime Video,False,160,42,John H. Nemechek,Legacy Motor Club,Pye Barker Fire & Safety,False,12.29,0,114,6,Running,1.869,0.0,0.0,7.0,0.028982852,74.95045,111.04671,163.22592,113682.945,188252.6,302971.78,199670.27
5570,The Great American Getaway 400 Presented by VISITPA.COM,Pocono Raceway,intermediate,2025-06-22,PRIME VIDEO,Prime Video,False,160,5,Kyle Larson,Hendrick Motorsports,HendrickCars.com,False,13.4,0,109,7,Running,1.869,0.0,0.0,12.0,0.027047569,70.11218,103.92754,151.73264,105541.24,176219.31,281155.28,186166.03
5570,The Great American Getaway 400 Presented by VISITPA.COM,Pocono Raceway,intermediate,2025-06-22,PRIME VIDEO,Prime Video,False,160,60,Ryan Preece,RFK Racing,Kroger / Scott 1000,False,16.53,0,62,8,Running,1.869,0.0,0.0,18.0,0.022210434,58.783386,85.53488,123.85399,87737.36,143271.34,231381.06,152996.7
5570,The Great American Getaway 400 Presented by VISITPA.COM,Pocono Raceway,intermediate,2025-06-22,PRIME VIDEO,Prime Video,False,160,6,Brad Keselowski,RFK Racing,BuildSubmarines.com,False,11.35,27,121,9,Running,1.869,0.16875,0.0,6.0,0.058758214,153.63536,225.92577,322.87918,234635.5,379388.56,613136.56,405333.38
5570,The Great American Getaway 400 Presented by VISITPA.COM,Pocono Raceway,intermediate,2025-06-22,PRIME VIDEO,Prime Video,False,160,2,Austin Cindric,Team Penske,Menards \ Tarkett,False,12.88,0,99,10,Running,1.869,0.0,0.0,10.0,0.027953647,72.309326,107.179924,156.87578,109316.45,182017.27,291251.66,192369.22
5570,The Great American Getaway 400 Presented by VISITPA.COM,Pocono Raceway,intermediate,2025-06-22,PRIME VIDEO,Prime Video,False,160,48,Alex Bowman,Hendrick Motorsports,Ally Best Friends,False,13.33,15,101,11,Running,1.869,0.09375,0.0,11.0,0.04274277,112.222885,165.10423,234.49629,171280.55,277756.5,442166.47,294447.25
5570,The Great American Getaway 400 Presented by VISITPA.COM,Pocono Raceway,intermediate,2025-06-22,PRIME VIDEO,Prime Video,False,160,21,Josh Berry,Wood Brothers Racing,eero,False,15.48,0,91,12,Running,1.869,0.0,0.0,14.0,0.023745645,62.36479,91.24716,133.27835,93801.81,153381.69,246859.7,163373.2
5570,The Great American Getaway 400 Presented by VISITPA.COM,Pocono Raceway,intermediate,2025-06-22,PRIME VIDEO,Prime Video,False,160,43,Erik Jones,Legacy Motor Club,Family Dollar,False,12.84,0,138,13,Running,1.869,0.0,0.0,9.0,0.028023649,72.48672,107.406525,157.24303,109616.69,182440.94,292015.7,192854.95
5570,The Great American Getaway 400 Presented by VISITPA.COM,Pocono Raceway,intermediate,2025-06-22,PRIME VIDEO,Prime Video,False,160,54,Ty Gibbs,Joe Gibbs Racing,Monster Energy,False,16.13,0,89,14,Running,1.869,0.0,0.0,16.0,0.022760816,60.028564,87.72252,127.143,89571.875,147014.1,237121.47,156865.62
5570,The Great American Getaway 400 Presented by VISITPA.COM,Pocono Raceway,intermediate,2025-06-22,PRIME VIDEO,Prime Video,False,160,99,Daniel Suárez,Trackhouse Racing,Very Good Ventures,False,16.05,0,84,15,Running,1.869,0.0,0.0,15.0,0.022885036,60.269993,88.14744,127.903824,90073.75,147691.94,238630.67,157651.81
5570,The Great American Getaway 400 Presented by VISITPA.COM,Pocono Raceway,intermediate,2025-06-22,PRIME VIDEO,Prime Video,False,160,22,Joey Logano,Team Penske,Shell Pennzoil,False,12.66,5,105,16,Running,1.869,0.03125,0.0,8.0,0.03357199,88.46289,129.2186,187.152,132895.25,218899.78,347342.84,230877.92
5570,The Great American Getaway 400 Presented by VISITPA.COM,Pocono Raceway,intermediate,2025-06-22,PRIME VIDEO,Prime Video,False,160,20,Christopher Bell,Joe Gibbs Racing,Rheem,False,18.43,0,62,17,Running,1.869,0.0,0.0,21.0,0.019725282,51.906704,75.6588,110.16658,78181.234,127443.9,205288.25,135939.02
5570,The Great American Getaway 400 Presented by VISITPA.COM,Pocono Raceway,intermediate,2025-06-22,PRIME VIDEO,Prime Video,False,160,77,Carson Hocevar,Spire Motorsports,Delaware Life,False,10.19,2,111,18,Running,1.869,0.0125,0.0,5.0,0.03516955,90.73382,135.07855,197.76367,137449.06,228613.75,367362.25,242428.78
5570,The Great American Getaway 400 Presented by VISITPA.COM,Pocono Raceway,intermediate,2025-06-22,PRIME VIDEO,Prime Video,False,160,7,Justin Haley,Spire Motorsports,Dorman,False,19.59,0,35,19,Running,1.869,0.0,0.0,23.0,0.018386325,48.27626,70.452286,102.452415,72354.44,118659.055,190931.62,126516.61
5570,The Great American Getaway 400 Presented by VISITPA.COM,Pocono Raceway,intermediate,2025-06-22,PRIME VIDEO,Prime Video,False,160,8,Kyle Busch,Richard Childress Racing,zone / GetGo,False,23.65,0,8,20,Running,1.869,0.0,0.0,26.0,0.014273714,36.68404,55.094036,81.057076,55860.277,91791.266,150098.23,98589.1
5570,The Great American Getaway 400 Presented by VISITPA.COM,Pocono Raceway,intermediate,2025-06-22,PRIME VIDEO,Prime Video,False,160,16,AJ Allmendinger,Kaulig Racing,Celsius,False,25.7,0,8,21,Running,1.869,0.0,0.0,29.0,0.012544274,31.852293,48.512466,71.5263,48411.57,80758.625,133414.58,87026.73
5570,The Great American Getaway 400 Presented by VISITPA.COM,Pocono Raceway,intermediate,2025-06-22,PRIME VIDEO,Prime Video,False,160,41,Cole Custer,Haas Factory Team,HaasTooling.com,False,18.57,0,55,22,Running,1.869,0.0,0.0,22.0,0.019564953,51.544,75.00441,109.11468,77505.43,126553.85,203365.92,134763.77
5570,The Great American Getaway 400 Presented by VISITPA.COM,Pocono Raceway,intermediate,2025-06-22,PRIME VIDEO,Prime Video,False,160,4,Noah Gragson,Front Row Motorsports,MillerTech,False,24.89,0,4,23,Running,1.869,0.0,0.0,28.0,0.013190592,33.760292,51.0179,74.8622,51148.5,85073.24,139785.4,91414.92
5570,The Great American Getaway 400 Presented by VISITPA.COM,Pocono Raceway,intermediate,2025-06-22,PRIME VIDEO,Prime Video,False,160,3,Austin Dillon,Richard Childress Racing,Bass Pro Shops/Winchester,False,21.63,0,27,24,Running,1.869,0.0,0.0,24.0,0.016182922,42.187443,62.189972,90.58159,63520.29,103925.45,169576.61,111571.0
5570,The Great American Getaway 400 Presented by VISITPA.COM,Pocono Raceway,intermediate,2025-06-22,PRIME VIDEO,Prime Video,False,160,38,Zane Smith,Front Row Motorsports,Long John Silver's,False,18.38,0,50,25,Running,1.869,0.0,0.0,20.0,0.019780412,52.04039,75.88993,110.44523,78445.34,127939.67,206017.31,136361.47
5570,The Great American Getaway 400 Presented by VISITPA.COM,Pocono Raceway,intermediate,2025-06-22,PRIME VIDEO,Prime Video,False,160,1,Ross Chastain,Trackhouse Racing,Busch Light Apple,False,16.51,0,98,26,Running,1.869,0.0,0.0,17.0,0.022242725,58.86665,85.669586,124.00553,87821.07,143470.94,231566.72,153187.78
5570,The Great American Getaway 400 Presented by VISITPA.COM,Pocono Raceway,intermediate,2025-06-22,PRIME VIDEO,Prime Video,False,160,24,William Byron,Hendrick Motorsports,Valvoline,False,16.94,0,62,27,Running,1.869,0.0,0.0,19.0,0.021643069,57.292725,83.28421,120.846985,85644.7,139806.69,225067.5,149134.94
5570,The Great American Getaway 400 Presented by VISITPA.COM,Pocono Raceway,intermediate,2025-06-22,PRIME VIDEO,Prime Video,False,160,34,Todd Gilliland,Front Row Motorsports,Grillo's Pickles,False,27.13,0,20,28,Running,1.869,0.0,0.0,31.0,0.011472587,28.735527,44.339787,66.210335,43960.906,73978.05,122782.77,79811.62
5570,The Great American Getaway 400 Presented by VISITPA.COM,Pocono Raceway,intermediate,2025-06-22,PRIME VIDEO,Prime Video,False,160,51,Cody Ware,Rick Ware Racing,Parts Plus,False,30.77,0,7,29,Running,1.869,0.0,0.0,32.0,0.009149993,22.380346,35.356224,54.637238,34415.83,58909.297,101142.445,64143.43
5570,The Great American Getaway 400 Presented by VISITPA.COM,Pocono Raceway,intermediate,2025-06-22,PRIME VIDEO,Prime Video,False,160,47,Ricky Stenhouse Jr,HYAK Motorsports,Martin's Famous Potato Rolls,False,22.68,2,40,30,Running,1.869,0.0125,0.0,25.0,0.017237669,45.1981,66.43504,96.404564,67878.67,111179.234,180427.8,118940.484
5570,The Great American Getaway 400 Presented by VISITPA.COM,Pocono Raceway,intermediate,2025-06-22,PRIME VIDEO,Prime Video,False,160,88,Shane Van Gisbergen,Trackhouse Racing,Safety Culture,False,26.84,0,4,31,Running,1.869,0.0,0.0,30.0,0.011683561,29.333948,45.080517,67.15645,44819.406,75351.95,124869.195,81222.23
5570,The Great American Getaway 400 Presented by VISITPA.COM,Pocono Raceway,intermediate,2025-06-22,PRIME VIDEO,Prime Video,False,160,45,Tyler Reddick,23XI Racing,The Beast,False,23.65,0,46,32,Running,1.869,0.0,0.0,27.0,0.014273714,36.68404,55.094036,81.057076,55860.277,91791.266,150098.23,98589.1
5570,The Great American Getaway 400 Presented by VISITPA.COM,Pocono Raceway,intermediate,2025-06-22,PRIME VIDEO,Prime Video,False,160,10,Ty Dillon,Kaulig Racing,Sea Best,False,32.04,0,0,33,Running,1.869,0.0,0.0,34.0,0.008454807,20.364677,32.651108,50.99678,31531.06,54591.203,94988.016,59469.42
5570,The Great American Getaway 400 Presented by VISITPA.COM,Pocono Raceway,intermediate,2025-06-22,PRIME VIDEO,Prime Video,False,160,44,Brennan Poole,NY Racing Team,Members 1st Credit Union,True,34.01,0,0,34,Drivetrain,1.869,0.0,0.0,37.0,0.0074734753,17.553745,28.822147,45.969177,27117.266,48346.062,85604.64,52915.863
5570,The Great American Getaway 400 Presented by VISITPA.COM,Pocono Raceway,intermediate,2025-06-22,PRIME VIDEO,Prime Video,False,160,71,Michael McDowell,Spire Motorsports,Gainbridge,False,31.43,0,6,35,Accident,1.869,0.0,1.0,33.0,0.020847183,50.15616,78.46652,122.894585,76807.336,132542.92,222273.92,143398.75
5570,The Great American Getaway 400 Presented by VISITPA.COM,Pocono Raceway,intermediate,2025-06-22,PRIME VIDEO,Prime Video,False,160,23,Bubba Wallace,23XI Racing,McDonald's,False,32.93,0,0,36,Accident,1.869,0.0,1.0,35.0,0.020107139,47.874336,75.541595,118.769714,73239.234,127221.875,215785.7,138139.38
5570,The Great American Getaway 400 Presented by VISITPA.COM,Pocono Raceway,intermediate,2025-06-22,PRIME VIDEO,Prime Video,False,160,35,Riley Herbst,23XI Racing,Monster Energy Zero Sugar,False,33.72,0,0,37,Accident,1.869,0.0,1.0,36.0,0.019750908,46.65485,74.17543,116.81186,71719.64,124795.38,212626.05,135561.72
5576,Quaker State 400 Available at Walmart,Atlanta Motor Speedway,superspeedway,2025-06-28,TNT,TNT,False,260,9,Chase Elliott,Hendrick Motorsports,NAPA/Children's,False,6.05,41,250,1,Running,1.608,0.1576923076923077,0.0,1.0,0.0635198,163.7094,244.80365,355.654,215976.89,355652.62,570495.8,377345.16
5576,Quaker State 400 Available at Walmart,Atlanta Motor Speedway,superspeedway,2025-06-28,TNT,TNT,False,260,6,Brad Keselowski,RFK Racing,Consumer Cellular,False,6.7,46,233,2,Running,1.608,0.17692307692307693,0.0,3.0,0.06494102,168.05574,249.20981,364.4313,222409.75,363725.56,582359.0,385049.47
5576,Quaker State 400 Available at Walmart,Atlanta Motor Speedway,superspeedway,2025-06-28,TNT,TNT,False,260,48,Alex Bowman,Hendrick Motorsports,Ally,False,8.24,32,221,3,Running,1.608,0.12307692307692308,0.0,4.0,0.05317102,137.48187,204.77493,297.0899,181347.55,298016.8,475867.38,315251.16
5576,Quaker State 400 Available at Walmart,Atlanta Motor Speedway,superspeedway,2025-06-28,TNT,TNT,False,260,45,Tyler Reddick,23XI Racing,Upper Deck,False,9.3,18,196,4,Running,1.608,0.06923076923076923,0.0,6.0,0.042688526,110.96268,165.03816,238.37991,144686.31,239202.19,382588.88,253293.05
5576,Quaker State 400 Available at Walmart,Atlanta Motor Speedway,superspeedway,2025-06-28,TNT,TNT,False,260,43,Erik Jones,Legacy Motor Club,Dollar Tree,False,15.1,0,173,5,Running,1.608,0.0,0.0,10.0,0.022286901,58.10218,85.516335,124.53065,75336.836,124577.45,200789.36,132176.22
5576,Quaker State 400 Available at Walmart,Atlanta Motor Speedway,superspeedway,2025-06-28,TNT,TNT,False,260,47,Ricky Stenhouse Jr,HYAK Motorsports,Hungry Jack,False,19.95,1,95,6,Running,1.608,0.0038461538461538464,0.0,19.0,0.017032634,44.876633,65.4982,95.31315,58218.81,94841.01,153341.0,101160.31
5576,Quaker State 400 Available at Walmart,Atlanta Motor Speedway,superspeedway,2025-06-28,TNT,TNT,False,260,38,Zane Smith,Front Row Motorsports,Aaron's Lucky Dog,False,9.57,5,229,7,Running,1.608,0.019230769230769232,0.0,7.0,0.034491055,88.540596,132.9552,194.94836,115830.52,193460.84,313980.3,204932.47
5576,Quaker State 400 Available at Walmart,Atlanta Motor Speedway,superspeedway,2025-06-28,TNT,TNT,False,260,10,Ty Dillon,Kaulig Racing,Mark III Employee Benefits,False,12.54,0,177,8,Running,1.608,0.0,0.0,8.0,0.02618317,67.06417,100.61807,147.25737,87824.62,147091.42,236916.72,155321.89
5576,Quaker State 400 Available at Walmart,Atlanta Motor Speedway,superspeedway,2025-06-28,TNT,TNT,False,260,17,Chris Buescher,RFK Racing,Kroger/Cinnamon Toast Crunch,False,6.66,15,224,9,Running,1.608,0.057692307692307696,0.0,2.0,0.04665201,119.885445,180.83017,265.47156,156401.89,261435.42,424962.84,278088.4
5576,Quaker State 400 Available at Walmart,Atlanta Motor Speedway,superspeedway,2025-06-28,TNT,TNT,False,260,77,Carson Hocevar,Spire Motorsports,Chili's Ride the 'Dente,False,16.44,0,115,10,Running,1.608,0.0,0.0,13.0,0.020471226,53.994267,78.747604,114.625786,69370.74,114567.625,184441.97,121530.375
5576,Quaker State 400 Available at Walmart,Atlanta Motor Speedway,superspeedway,2025-06-28,TNT,TNT,False,260,87,Connor Zilisch,Trackhouse Racing,Red Bull,False,18.81,0,169,11,Running,1.608,0.0,0.0,17.0,0.017632833,46.463997,67.84421,98.79301,59882.44,98453.64,158525.52,104844.1
5576,Quaker State 400 Available at Walmart,Atlanta Motor Speedway,superspeedway,2025-06-28,TNT,TNT,False,260,16,AJ Allmendinger,Kaulig Racing,LeafFilter Gutter Protection,False,16.76,0,111,12,Running,1.608,0.0,0.0,14.0,0.020037066,52.953133,77.08824,112.33545,68088.15,112248.08,180859.52,119123.586
5576,Quaker State 400 Available at Walmart,Atlanta Motor Speedway,superspeedway,2025-06-28,TNT,TNT,False,260,51,Cody Ware,Rick Ware Racing,Jacob Construction,False,21.03,0,94,13,Running,1.608,0.0,0.0,22.0,0.015390976,40.1812,59.08349,86.29726,52441.59,85535.0,139112.52,91386.04
5576,Quaker State 400 Available at Walmart,Atlanta Motor Speedway,superspeedway,2025-06-28,TNT,TNT,False,260,54,Ty Gibbs,Joe Gibbs Racing,Sonic / Grillo's Pickles,False,9.07,32,209,14,Running,1.608,0.12307692307692308,0.0,5.0,0.051452413,133.80844,197.9081,286.278,176212.55,287868.75,459045.06,304685.88
5576,Quaker State 400 Available at Walmart,Atlanta Motor Speedway,superspeedway,2025-06-28,TNT,TNT,False,260,60,Ryan Preece,RFK Racing,Solomon Plumbing,False,13.14,3,171,15,Running,1.608,0.011538461538461539,0.0,9.0,0.027004778,70.390434,103.44039,150.50995,91480.54,151722.36,242024.48,159948.02
5576,Quaker State 400 Available at Walmart,Atlanta Motor Speedway,superspeedway,2025-06-28,TNT,TNT,False,260,78,BJ McLeod,Live Fast Motorsports,Pigeon Forge Racing Coaster,False,21.61,0,43,16,Running,1.608,0.0,0.0,24.0,0.014845345,38.609093,57.060707,83.019775,50540.62,82609.95,134168.6,88177.81
5576,Quaker State 400 Available at Walmart,Atlanta Motor Speedway,superspeedway,2025-06-28,TNT,TNT,False,260,5,Kyle Larson,Hendrick Motorsports,HendrickCars.com,False,15.15,0,121,17,Running,1.608,0.0,0.0,11.0,0.022215761,57.954353,85.25384,124.131546,75091.5,124253.44,200062.62,131761.97
5576,Quaker State 400 Available at Walmart,Atlanta Motor Speedway,superspeedway,2025-06-28,TNT,TNT,False,260,71,Michael McDowell,Spire Motorsports,Delaware Life,False,23.28,0,18,18,Running,1.608,0.0,0.0,26.0,0.013376866,34.70972,51.60084,74.98427,44902.984,74475.09,121179.305,79583.625
5576,Quaker State 400 Available at Walmart,Atlanta Motor Speedway,superspeedway,2025-06-28,TNT,TNT,False,260,41,Cole Custer,Haas Factory Team,HaasTooling.com,False,20.84,0,27,19,Running,1.608,0.0,0.0,21.0,0.01557702,40.702885,59.771576,87.37848,53010.004,86677.56,140867.72,92463.64
5576,Quaker State 400 Available at Walmart,Atlanta Motor Speedway,superspeedway,2025-06-28,TNT,TNT,False,260,3,Austin Dillon,Richard Childress Racing,Bass Pro Shops/Winchester,False,19.73,0,69,20,Running,1.608,0.0,0.0,18.0,0.016680736,43.815342,64.07609,93.69052,56661.863,92878.09,149910.58,99030.64
5576,Quaker State 400 Available at Walmart,Atlanta Motor Speedway,superspeedway,2025-06-28,TNT,TNT,False,260,8,Kyle Busch,Richard Childress Racing,SENIX,False,20.69,0,37,21,Running,1.608,0.0,0.0,20.0,0.015717167,41.139595,60.267433,88.22101,53449.496,87494.53,142184.14,93323.66
5576,Quaker State 400 Available at Walmart,Atlanta Motor Speedway,superspeedway,2025-06-28,TNT,TNT,False,260,23,Bubba Wallace,23XI Racing,Leidos,False,21.55,0,31,22,Running,1.608,0.0,0.0,23.0,0.014901426,38.813263,57.226948,83.33843,50785.3,82894.3,134617.67,88504.16
5576,Quaker State 400 Available at Walmart,Atlanta Motor Speedway,superspeedway,2025-06-28,TNT,TNT,False,260,7,Justin Haley,Spire Motorsports,Gainbridge,False,15.9,3,163,23,Running,1.608,0.011538461538461539,0.0,12.0,0.022894014,60.662197,88.07431,128.06924,78289.266,128417.58,205937.5,136115.5
5576,Quaker State 400 Available at Walmart,Atlanta Motor Speedway,superspeedway,2025-06-28,TNT,TNT,False,260,88,Shane Van Gisbergen,Trackhouse Racing,WeatherTech,False,17.71,0,121,24,Running,1.608,0.0,0.0,16.0,0.018874008,49.79478,72.54181,105.398026,64132.895,105536.7,169632.5,112268.125
5576,Quaker State 400 Available at Walmart,Atlanta Motor Speedway,superspeedway,2025-06-28,TNT,TNT,False,260,4,Noah Gragson,Front Row Motorsports,Zep,False,26.0,0,5,25,Running,1.608,0.0,0.0,29.0,0.011280073,28.805847,43.699287,64.39327,37501.86,62655.56,103593.17,67418.49
5576,Quaker State 400 Available at Walmart,Atlanta Motor Speedway,superspeedway,2025-06-28,TNT,TNT,False,260,42,John H. Nemechek,Legacy Motor Club,Pye Barker Fire & Safety,False,17.48,0,117,26,Running,1.608,0.0,0.0,15.0,0.019145671,50.46695,73.73416,106.98648,65091.754,106986.945,172332.89,113889.06
5576,Quaker State 400 Available at Walmart,Atlanta Motor Speedway,superspeedway,2025-06-28,TNT,TNT,False,260,34,Todd Gilliland,Front Row Motorsports,Rinnai Tankless Water Heaters,False,22.35,0,69,27,Running,1.608,0.0,0.0,25.0,0.014179872,36.797585,54.649014,79.213806,47708.312,78914.05,128532.86,84255.26
5576,Quaker State 400 Available at Walmart,Atlanta Motor Speedway,superspeedway,2025-06-28,TNT,TNT,False,260,35,Riley Herbst,23XI Racing,Tree Top,False,23.35,1,49,28,Running,1.608,0.0038461538461538464,0.0,27.0,0.013910397,36.142715,53.707695,78.32269,46758.402,77337.28,126976.1,82712.33
5576,Quaker State 400 Available at Walmart,Atlanta Motor Speedway,superspeedway,2025-06-28,TNT,TNT,False,260,66,David Starr,Garage 66,WNB Factory,False,31.05,0,0,29,Accident,1.608,0.0,1.0,36.0,0.019183703,47.30933,72.76294,110.52564,62374.555,105128.875,173468.47,113351.91
5576,Quaker State 400 Available at Walmart,Atlanta Motor Speedway,superspeedway,2025-06-28,TNT,TNT,False,260,20,Christopher Bell,Joe Gibbs Racing,Rheem,False,29.87,0,30,30,Steering,1.608,0.0,0.0,33.0,0.008813813,21.803991,34.433575,52.34988,28886.914,49084.414,83166.57,53373.35
5576,Quaker State 400 Available at Walmart,Atlanta Motor Speedway,superspeedway,2025-06-28,TNT,TNT,False,260,11,Denny Hamlin,Joe Gibbs Racing,King's Hawaiian,False,33.11,0,5,31,Accident,1.608,0.0,1.0,38.0,0.018244859,44.496914,68.76795,105.52342,58800.52,99824.2,166012.06,107607.74
5576,Quaker State 400 Available at Walmart,Atlanta Motor Speedway,superspeedway,2025-06-28,TNT,TNT,False,260,21,Josh Berry,Wood Brothers Racing,DEX Imaging,False,23.85,0,66,32,Accident,1.608,0.0,1.0,28.0,0.023789968,60.471138,90.74426,134.72636,78483.375,131472.56,213302.58,140475.69
5576,Quaker State 400 Available at Walmart,Atlanta Motor Speedway,superspeedway,2025-06-28,TNT,TNT,False,260,1,Ross Chastain,Trackhouse Racing,Wendy's Fresh Ways to Frosty,False,29.92,0,12,33,Accident,1.608,0.0,1.0,34.0,0.019764248,49.04936,75.111694,113.31791,64349.535,108511.17,178620.52,116833.36
5576,Quaker State 400 Available at Walmart,Atlanta Motor Speedway,superspeedway,2025-06-28,TNT,TNT,False,260,99,Daniel Suárez,Trackhouse Racing,Quaker State,False,30.46,0,4,34,Accident,1.608,0.0,1.0,35.0,0.019462142,48.132286,73.96434,112.01691,63386.617,106926.36,176155.67,115138.69
5576,Quaker State 400 Available at Walmart,Atlanta Motor Speedway,superspeedway,2025-06-28,TNT,TNT,False,260,19,Chase Briscoe,Joe Gibbs Racing,Bass Pro Shops,False,33.12,0,10,35,Accident,1.608,0.0,1.0,39.0,0.018240402,44.484905,68.75012,105.50469,58788.426,99802.805,165978.3,107581.695
5576,Quaker State 400 Available at Walmart,Atlanta Motor Speedway,superspeedway,2025-06-28,TNT,TNT,False,260,22,Joey Logano,Team Penske,AutoTrader,False,26.37,51,64,36,Accident,1.608,0.19615384615384615,1.0,30.0,0.051916964,129.92174,196.84512,295.29385,171607.28,284428.25,470487.4,306465.1
5576,Quaker State 400 Available at Walmart,Atlanta Motor Speedway,superspeedway,2025-06-28,TNT,TNT,False,260,24,William Byron,Hendrick Motorsports,Axalta,False,28.81,0,56,37,Accident,1.608,0.0,1.0,32.0,0.02038397,50.972446,77.477615,116.581375,66547.43,112386.17,183399.66,120503.97
5576,Quaker State 400 Available at Walmart,Atlanta Motor Speedway,superspeedway,2025-06-28,TNT,TNT,False,260,2,Austin Cindric,Team Penske,Menards \ Quaker State,False,28.74,12,64,38,Accident,1.608,0.046153846153846156,1.0,31.0,0.027586875,69.65942,105.28678,153.92796,90912.38,151481.25,245330.31,162373.25
5576,Quaker State 400 Available at Walmart,Atlanta Motor Speedway,superspeedway,2025-06-28,TNT,TNT,False,260,01,Corey LaJoie,Rick Ware Racing,Schluter Systems,False,36.58,0,0,39,Accident,1.608,0.0,1.0,40.0,0.016936744,40.38825,63.431946,98.58026,53024.453,91855.336,154861.44,99457.2
5576,Quaker State 400 Available at Walmart,Atlanta Motor Speedway,superspeedway,2025-06-28,TNT,TNT,False,260,12,Ryan Blaney,Team Penske,Advance Auto Parts,False,32.92,0,52,40,Accident,1.608,0.0,1.0,37.0,0.018322181,44.7318,69.113304,105.9619,59031.56,100337.766,166636.8,108107.08
5569,Grant Park 165,Chicago Street Race,road,2025-07-06,TNT,TNT,False,75,88,Shane Van Gisbergen,Trackhouse Racing,WeatherTech,False,3.49,26,75,1,Running,2.1,0.3466666666666667,0.0,1.0,0.099047266,258.33942,377.85376,555.6662,438498.5,716808.9,1.1674588e+06,765520.3
5569,Grant Park 165,Chicago Street Race,road,2025-07-06,TNT,TNT,False,75,54,Ty Gibbs,Joe Gibbs Racing,Monster Energy,False,6.14,0,75,2,Running,2.1,0.0,0.0,3.0,0.038102433,93.506004,146.61404,220.69167,160531.9,277658.44,463294.12,297335.12
5569,Grant Park 165,Chicago Street Race,road,2025-07-06,TNT,TNT,False,75,45,Tyler Reddick,23XI Racing,Jordan Brand,False,6.02,0,68,3,Running,2.1,0.0,0.0,2.0,0.038397428,94.17134,147.50192,222.69054,161521.8,279692.47,468136.8,299638.75
5569,Grant Park 165,Chicago Street Race,road,2025-07-06,TNT,TNT,False,75,11,Denny Hamlin,Joe Gibbs Racing,Progressive,False,14.34,0,37,4,Running,2.1,0.0,0.0,12.0,0.022806486,59.625683,87.51912,127.87905,100784.16,166503.0,268233.44,176593.6
5569,Grant Park 165,Chicago Street Race,road,2025-07-06,TNT,TNT,False,75,8,Kyle Busch,Richard Childress Racing,Slurpee,False,12.02,0,53,5,Running,2.1,0.0,0.0,9.0,0.026388023,67.933044,101.19115,148.16298,115791.27,193181.17,310699.78,204380.94
5569,Grant Park 165,Chicago Street Race,road,2025-07-06,TNT,TNT,False,75,16,AJ Allmendinger,Kaulig Racing,Celsius,False,7.05,2,75,6,Running,2.1,0.02666666666666667,0.0,4.0,0.040142957,102.241356,155.04266,227.87433,174820.22,294142.4,479560.03,312205.66
5569,Grant Park 165,Chicago Street Race,road,2025-07-06,TNT,TNT,False,75,60,Ryan Preece,RFK Racing,BuildSubmarines.com,False,9.56,0,64,7,Running,2.1,0.0,0.0,6.0,0.03083492,78.12043,118.09099,174.37051,133351.81,223778.4,366784.12,238898.0
5569,Grant Park 165,Chicago Street Race,road,2025-07-06,TNT,TNT,False,75,48,Alex Bowman,Hendrick Motorsports,Ally,False,16.35,0,35,8,Running,2.1,0.0,0.0,15.0,0.020031145,52.925354,77.160065,112.27551,88921.484,146110.31,235533.03,155720.2
5569,Grant Park 165,Chicago Street Race,road,2025-07-06,TNT,TNT,False,75,33,Austin Hill,Richard Childress Racing,United Rentals,False,16.74,0,28,9,Running,2.1,0.0,0.0,17.0,0.019566348,51.643997,75.2612,109.226326,86948.47,142539.69,229769.62,151979.22
5569,Grant Park 165,Chicago Street Race,road,2025-07-06,TNT,TNT,False,75,1,Ross Chastain,Trackhouse Racing,Busch Light Apple,False,11.08,0,63,10,Running,2.1,0.0,0.0,7.0,0.02802777,71.92342,107.347466,157.53357,122260.484,205231.72,331443.72,216909.72
5569,Grant Park 165,Chicago Street Race,road,2025-07-06,TNT,TNT,False,75,22,Joey Logano,Team Penske,Shell Pennzoil,False,11.65,0,63,11,Running,2.1,0.0,0.0,8.0,0.027019586,69.2831,103.79489,151.88304,118257.95,198276.38,318574.56,209219.4
5569,Grant Park 165,Chicago Street Race,road,2025-07-06,TNT,TNT,False,75,12,Ryan Blaney,Team Penske,Menards \ Dutch Boy,False,15.33,3,44,12,Running,2.1,0.04,0.0,13.0,0.027611308,72.968704,106.44097,152.62665,124376.055,202782.3,320164.34,213590.22
5569,Grant Park 165,Chicago Street Race,road,2025-07-06,TNT,TNT,False,75,5,Kyle Larson,Hendrick Motorsports,Valvoline,False,14.16,0,47,13,Running,2.1,0.0,0.0,11.0,0.023063723,60.186596,88.56132,129.30739,101954.23,168430.3,270752.53,178600.52
5569,Grant Park 165,Chicago Street Race,road,2025-07-06,TNT,TNT,False,75,38,Zane Smith,Front Row Motorsports,Vermeer Midwest,False,18.87,0,25,14,Running,2.1,0.0,0.0,19.0,0.017171059,45.132866,66.02533,96.462265,76245.17,124787.03,201527.95,133143.75
5569,Grant Park 165,Chicago Street Race,road,2025-07-06,TNT,TNT,False,75,42,John H. Nemechek,Legacy Motor Club,Dollar Tree,False,13.8,0,58,15,Running,2.1,0.0,0.0,10.0,0.023602512,61.593056,90.631775,132.33395,104038.86,172439.9,277062.12,182687.08
5569,Grant Park 165,Chicago Street Race,road,2025-07-06,TNT,TNT,False,75,9,Chase Elliott,Hendrick Motorsports,NAPA Auto Parts,False,21.16,0,16,16,Running,2.1,0.0,0.0,22.0,0.014906087,38.7343,57.378334,83.257706,65904.12,108378.84,176705.34,115599.85
5569,Grant Park 165,Chicago Street Race,road,2025-07-06,TNT,TNT,False,75,35,Riley Herbst,23XI Racing,Lucy,False,24.46,0,3,17,Running,2.1,0.0,0.0,28.0,0.012135616,31.164785,46.949585,68.948586,52683.344,87943.06,144680.05,94468.7
5569,Grant Park 165,Chicago Street Race,road,2025-07-06,TNT,TNT,False,75,17,Chris Buescher,RFK Racing,Body Guard,False,23.7,0,10,18,Running,2.1,0.0,0.0,27.0,0.012743821,32.805817,49.13096,71.94629,55446.355,92518.08,151314.69,98945.99
5569,Grant Park 165,Chicago Street Race,road,2025-07-06,TNT,TNT,False,75,78,Katherine Legge,Live Fast Motorsports,e.l.f. Cosmetics,False,26.38,0,0,19,Running,2.1,0.0,0.0,31.0,0.0107318405,27.102772,41.623634,61.811485,46335.715,78195.734,129498.29,84079.72
5569,Grant Park 165,Chicago Street Race,road,2025-07-06,TNT,TNT,False,75,10,Ty Dillon,Kaulig Racing,Sea Best,False,25.32,0,0,20,Running,2.1,0.0,0.0,29.0,0.011479253,29.218197,44.48371,65.54259,49815.137,83276.234,137449.92,89657.61
5569,Grant Park 165,Chicago Street Race,road,2025-07-06,TNT,TNT,False,75,66,Josh Bilicki,Garage 66,Pure Kick,False,25.83,0,0,21,Running,2.1,0.0,0.0,30.0,0.011104426,28.212105,43.089485,63.662518,48151.203,80839.81,133611.64,86926.97
5569,Grant Park 165,Chicago Street Race,road,2025-07-06,TNT,TNT,False,75,7,Justin Haley,Spire Motorsports,Gainbridge,False,17.89,0,21,22,Running,2.1,0.0,0.0,18.0,0.018221859,48.045456,70.21758,102.03352,80938.16,132692.8,213564.23,141485.92
5569,Grant Park 165,Chicago Street Race,road,2025-07-06,TNT,TNT,False,75,19,Chase Briscoe,Joe Gibbs Racing,Bass Pro Shops,False,7.91,13,62,23,Running,2.1,0.17333333333333334,0.0,5.0,0.06092172,158.74431,234.4658,338.94052,273164.8,445403.28,713383.6,471786.72
5569,Grant Park 165,Chicago Street Race,road,2025-07-06,TNT,TNT,False,75,20,Christopher Bell,Joe Gibbs Racing,CRAFTSMAN Racing for a Miracle,False,16.48,0,41,24,Running,2.1,0.0,0.0,16.0,0.019887859,52.527008,76.607155,111.23768,88277.016,144919.34,233474.67,154462.45
5569,Grant Park 165,Chicago Street Race,road,2025-07-06,TNT,TNT,False,75,43,Erik Jones,Legacy Motor Club,AdventHealth,False,21.37,0,18,25,Running,2.1,0.0,0.0,23.0,0.014719492,38.201923,56.71359,82.33384,64758.484,107024.27,174363.67,114117.17
5569,Grant Park 165,Chicago Street Race,road,2025-07-06,TNT,TNT,False,75,51,Cody Ware,Rick Ware Racing,Arby's New Angus Cheesesteak,False,23.02,0,9,26,Accident,2.1,0.0,1.0,25.0,0.02426285,61.671646,92.70891,137.66122,104470.59,175232.12,284364.38,187221.64
5569,Grant Park 165,Chicago Street Race,road,2025-07-06,TNT,TNT,False,75,2,Austin Cindric,Team Penske,Discount Tire,False,19.07,0,25,27,Running,2.1,0.0,0.0,20.0,0.016957331,44.61827,65.136246,95.331436,75323.01,123418.25,199645.48,131505.73
5569,Grant Park 165,Chicago Street Race,road,2025-07-06,TNT,TNT,False,75,23,Bubba Wallace,23XI Racing,McDonald's,False,16.23,0,30,28,Running,2.1,0.0,0.0,14.0,0.020192314,53.33805,77.849525,113.25316,89674.57,147333.53,237585.4,156890.62
5569,Grant Park 165,Chicago Street Race,road,2025-07-06,TNT,TNT,False,75,99,Daniel Suárez,Trackhouse Racing,Jockey,False,26.96,0,2,29,Accident,2.1,0.0,1.0,32.0,0.021387175,53.535576,81.480255,122.35652,91357.88,154449.1,251702.7,165263.56
5569,Grant Park 165,Chicago Street Race,road,2025-07-06,TNT,TNT,False,75,4,Noah Gragson,Front Row Motorsports,Rasmussen Air & Gas Energy,False,23.61,0,15,30,Running,2.1,0.0,0.0,26.0,0.012813799,33.016766,49.40196,72.29513,55694.293,93067.586,152260.98,99490.91
5569,Grant Park 165,Chicago Street Race,road,2025-07-06,TNT,TNT,False,75,47,Ricky Stenhouse Jr,HYAK Motorsports,Rate,False,22.06,0,12,31,Accident,2.1,0.0,1.0,24.0,0.025045518,63.80828,95.83084,141.98703,108279.58,180878.88,294006.44,193465.55
5569,Grant Park 165,Chicago Street Race,road,2025-07-06,TNT,TNT,False,75,71,Michael McDowell,Spire Motorsports,DePaul,False,19.16,31,31,32,Running,2.1,0.41333333333333333,0.0,21.0,0.08071175,195.57709,303.06766,471.3776,339140.0,574438.6,963490.75,622864.94
5569,Grant Park 165,Chicago Street Race,road,2025-07-06,TNT,TNT,False,75,41,Cole Custer,Haas Factory Team,Haas/Andy's,False,33.33,0,0,33,Accident,2.1,0.0,1.0,34.0,0.018126382,43.837677,68.12506,105.11995,75860.75,129360.42,216142.62,139553.02
5569,Grant Park 165,Chicago Street Race,road,2025-07-06,TNT,TNT,False,75,21,Josh Berry,Wood Brothers Racing,Motorcraft \ Quick Lane,False,27.55,0,14,34,Accident,2.1,0.0,1.0,33.0,0.021012329,52.629402,79.94911,120.39862,89684.62,151489.38,247407.22,162424.53
5569,Grant Park 165,Chicago Street Race,road,2025-07-06,TNT,TNT,False,75,77,Carson Hocevar,Spire Motorsports,Zeigler Auto Group,False,34.25,0,2,35,Accident,2.1,0.0,1.0,35.0,0.017762616,42.650105,66.70358,103.337326,73734.92,126376.79,212304.64,136617.66
5569,Grant Park 165,Chicago Street Race,road,2025-07-06,TNT,TNT,False,75,3,Austin Dillon,Richard Childress Racing,BREZTRI,False,35.25,0,2,36,Accident,2.1,0.0,1.0,36.0,0.017396912,41.553234,65.25893,101.491714,71442.83,123388.195,207888.23,133611.98
5569,Grant Park 165,Chicago Street Race,road,2025-07-06,TNT,TNT,False,75,6,Brad Keselowski,RFK Racing,Kroger/Blue Buffalo,False,36.38,0,2,37,Accident,2.1,0.0,1.0,37.0,0.01700626,40.328922,63.56217,99.1911,69311.77,120231.35,203739.58,130432.44
5569,Grant Park 165,Chicago Street Race,road,2025-07-06,TNT,TNT,False,75,34,Todd Gilliland,Front Row Motorsports,Grillo's Pickles,False,37.41,0,0,38,Accident,2.1,0.0,1.0,38.0,0.016664699,39.292843,62.261528,97.40815,67747.02,117926.64,200494.8,127721.45
5569,Grant Park 165,Chicago Street Race,road,2025-07-06,TNT,TNT,False,75,13,Will Brown,Kaulig Racing,Mobile X,False,38.43,0,0,39,Accident,2.1,0.0,1.0,39.0,0.016344333,38.2752,61.041557,95.74455,66152.305,115358.086,196466.7,125201.266
5569,Grant Park 165,Chicago Street Race,road,2025-07-06,TNT,TNT,False,75,24,William Byron,Hendrick Motorsports,All-Pro Auto Reconditioning,False,40.0,0,0,40,Clutch,2.1,0.0,0.0,40.0,0.00458098,9.876937,17.640102,31.022102,17472.758,33385.094,62953.035,37537.58
5565,Toyota / Save Mart 350,Sonoma Raceway,road,2025-07-13,TNT,TNT,False,110,88,Shane Van Gisbergen,Trackhouse Racing,Red Bull,False,1.16,97,110,1,Running,2.189,0.8818181818181818,0.0,1.0,0.20618194,523.5375,786.50134,1176.2147,947093.44,1.5438456e+06,2.556133e+06,1.6705998e+06
5565,Toyota / Save Mart 350,Sonoma Raceway,road,2025-07-13,TNT,TNT,False,110,19,Chase Briscoe,Joe Gibbs Racing,Bass Pro Shops,False,3.11,2,110,2,Running,2.189,0.01818181818181818,0.0,2.0,0.054165788,132.93755,207.73492,316.81863,237935.55,412215.0,687569.94,441130.53
5565,Toyota / Save Mart 350,Sonoma Raceway,road,2025-07-13,TNT,TNT,False,110,9,Chase Elliott,Hendrick Motorsports,NAPA Auto Parts,False,8.07,0,106,3,Running,2.189,0.0,0.0,5.0,0.037489407,94.02552,143.38884,211.2763,167605.72,284384.38,464141.78,302721.16
5565,Toyota / Save Mart 350,Sonoma Raceway,road,2025-07-13,TNT,TNT,False,110,71,Michael McDowell,Spire Motorsports,Project Zin/Gainbridge,False,12.7,3,83,4,Running,2.189,0.02727272727272727,0.0,9.0,0.032682188,86.4625,125.587875,180.71725,150968.31,248208.44,395314.44,262759.78
5565,Toyota / Save Mart 350,Sonoma Raceway,road,2025-07-13,TNT,TNT,False,110,20,Christopher Bell,Joe Gibbs Racing,Rheem,False,6.72,1,104,5,Running,2.189,0.00909090909090909,0.0,4.0,0.04225477,106.256424,162.01657,240.15477,189369.03,321689.25,525955.9,342372.1
5565,Toyota / Save Mart 350,Sonoma Raceway,road,2025-07-13,TNT,TNT,False,110,45,Tyler Reddick,23XI Racing,Chumba Casino,False,12.95,0,86,6,Running,2.189,0.0,0.0,10.0,0.027599275,71.67241,105.89751,154.58632,125988.414,210205.2,335782.3,222185.38
5565,Toyota / Save Mart 350,Sonoma Raceway,road,2025-07-13,TNT,TNT,False,110,54,Ty Gibbs,Joe Gibbs Racing,SAIA LTL Freight,False,9.05,0,100,7,Running,2.189,0.0,0.0,7.0,0.03520879,89.16427,134.73586,197.65897,159233.08,267153.3,434613.75,284388.97
5565,Toyota / Save Mart 350,Sonoma Raceway,road,2025-07-13,TNT,TNT,False,110,24,William Byron,Hendrick Motorsports,Valvoline,False,4.3,0,109,8,Running,2.189,0.0,0.0,3.0,0.047369882,115.139786,181.24875,276.10495,206754.88,359510.8,602276.9,385596.6
5565,Toyota / Save Mart 350,Sonoma Raceway,road,2025-07-13,TNT,TNT,False,110,22,Joey Logano,Team Penske,AutoTrader,False,18.94,0,36,9,Running,2.189,0.0,0.0,16.0,0.018970812,49.829548,72.65231,105.66302,87399.56,143319.9,230605.12,152928.31
5565,Toyota / Save Mart 350,Sonoma Raceway,road,2025-07-13,TNT,TNT,False,110,8,Kyle Busch,Richard Childress Racing,Zone,False,22.79,0,13,10,Running,2.189,0.0,0.0,22.0,0.014942987,38.295483,57.615383,84.4381,68583.34,112374.77,184063.0,120717.77
5565,Toyota / Save Mart 350,Sonoma Raceway,road,2025-07-13,TNT,TNT,False,110,6,Brad Keselowski,RFK Racing,Castrol,False,15.11,0,67,11,Running,2.189,0.0,0.0,12.0,0.024070043,63.32461,92.60097,134.67914,111066.62,181952.28,293685.34,194033.78
5565,Toyota / Save Mart 350,Sonoma Raceway,road,2025-07-13,TNT,TNT,False,110,60,Ryan Preece,RFK Racing,Body Guard,False,13.81,0,71,12,Running,2.189,0.0,0.0,11.0,0.026169252,68.53143,100.67706,146.7785,120396.52,198521.72,318202.44,210495.88
5565,Toyota / Save Mart 350,Sonoma Raceway,road,2025-07-13,TNT,TNT,False,110,21,Josh Berry,Wood Brothers Racing,eero,False,23.93,0,20,13,Running,2.189,0.0,0.0,24.0,0.0139155295,35.491905,53.808212,78.80077,63227.387,104909.58,171869.27,112613.49
5565,Toyota / Save Mart 350,Sonoma Raceway,road,2025-07-13,TNT,TNT,False,110,99,Daniel Suárez,Trackhouse Racing,Freeway Insurance,False,19.98,0,32,14,Running,2.189,0.0,0.0,20.0,0.017804038,46.639843,68.40019,98.9269,81797.26,134137.33,217561.02,143423.56
5565,Toyota / Save Mart 350,Sonoma Raceway,road,2025-07-13,TNT,TNT,False,110,7,Justin Haley,Spire Motorsports,Nations Guard,False,26.11,0,20,15,Running,2.189,0.0,0.0,30.0,0.012149772,30.476656,46.83177,69.847496,54351.684,91590.39,151559.9,98667.35
5565,Toyota / Save Mart 350,Sonoma Raceway,road,2025-07-13,TNT,TNT,False,110,17,Chris Buescher,RFK Racing,BuildSubmarines.com,False,9.01,0,98,16,Running,2.189,0.0,0.0,6.0,0.03531048,89.38559,135.02887,198.01903,159530.08,267636.88,435465.34,285113.97
5565,Toyota / Save Mart 350,Sonoma Raceway,road,2025-07-13,TNT,TNT,False,110,10,Ty Dillon,Kaulig Racing,Sea Best,False,24.2,0,14,17,Running,2.189,0.0,0.0,26.0,0.013673568,34.830086,52.85299,77.685486,62037.445,102983.58,169290.08,110779.16
5565,Toyota / Save Mart 350,Sonoma Raceway,road,2025-07-13,TNT,TNT,False,110,16,AJ Allmendinger,Kaulig Racing,Big Sipz,False,19.71,0,32,18,Running,2.189,0.0,0.0,18.0,0.018103503,47.428463,69.37604,100.4977,83175.76,136280.16,220952.23,145829.94
5565,Toyota / Save Mart 350,Sonoma Raceway,road,2025-07-13,TNT,TNT,False,110,48,Alex Bowman,Hendrick Motorsports,Ally,False,16.07,0,66,19,Running,2.189,0.0,0.0,13.0,0.022649538,59.79113,87.13507,126.03366,104736.984,171567.19,276386.06,182746.75
5565,Toyota / Save Mart 350,Sonoma Raceway,road,2025-07-13,TNT,TNT,False,110,11,Denny Hamlin,Joe Gibbs Racing,ampm,False,26.84,0,5,20,Running,2.189,0.0,0.0,32.0,0.011602875,28.901438,44.810455,67.16691,51952.254,87348.79,145160.16,94413.445
5565,Toyota / Save Mart 350,Sonoma Raceway,road,2025-07-13,TNT,TNT,False,110,3,Austin Dillon,Richard Childress Racing,Bass Pro Shops/Winchester,False,23.11,0,17,21,Running,2.189,0.0,0.0,23.0,0.014644826,37.52392,56.51023,83.13435,67063.734,110069.16,180639.72,118382.75
5565,Toyota / Save Mart 350,Sonoma Raceway,road,2025-07-13,TNT,TNT,False,110,34,Todd Gilliland,Front Row Motorsports,Love's Travel Stops,False,25.98,0,9,22,Running,2.189,0.0,0.0,28.0,0.012254124,30.761194,47.224007,70.26547,54780.168,92188.36,152701.22,99445.7
5565,Toyota / Save Mart 350,Sonoma Raceway,road,2025-07-13,TNT,TNT,False,110,41,Cole Custer,Haas Factory Team,Autodesk/HaasTooling,False,26.01,0,15,23,Running,2.189,0.0,0.0,29.0,0.012230965,30.689484,47.12954,70.16954,54686.18,92038.36,152328.47,99265.57
5565,Toyota / Save Mart 350,Sonoma Raceway,road,2025-07-13,TNT,TNT,False,110,1,Ross Chastain,Trackhouse Racing,Kubota,False,12.51,4,79,24,Running,2.189,0.03636363636363636,0.0,8.0,0.034583986,91.05208,133.15248,190.65019,159129.53,262166.3,417063.9,277827.2
5565,Toyota / Save Mart 350,Sonoma Raceway,road,2025-07-13,TNT,TNT,False,110,35,Riley Herbst,23XI Racing,Monster Energy,False,25.12,0,1,25,Running,2.189,0.0,0.0,27.0,0.012929863,32.669518,49.784714,73.77077,58256.105,97253.7,161043.53,104761.04
5565,Toyota / Save Mart 350,Sonoma Raceway,road,2025-07-13,TNT,TNT,False,110,23,Bubba Wallace,23XI Racing,Xfinity Mobile,False,24.12,0,12,26,Running,2.189,0.0,0.0,25.0,0.013743812,35.035053,53.101246,77.992615,62416.117,103574.11,170073.0,111319.28
5565,Toyota / Save Mart 350,Sonoma Raceway,road,2025-07-13,TNT,TNT,False,110,38,Zane Smith,Front Row Motorsports,Michael Roberts Construction,False,17.79,0,46,27,Running,2.189,0.0,0.0,15.0,0.020322328,53.696564,78.11498,113.161194,94520.625,154298.9,248565.72,164212.1
5565,Toyota / Save Mart 350,Sonoma Raceway,road,2025-07-13,TNT,TNT,False,110,42,John H. Nemechek,Legacy Motor Club,Mobil 1,False,27.26,0,0,28,Running,2.189,0.0,0.0,33.0,0.011303101,28.132433,43.689995,65.904976,50501.883,85128.47,142505.38,92053.87
5565,Toyota / Save Mart 350,Sonoma Raceway,road,2025-07-13,TNT,TNT,False,110,43,Erik Jones,Legacy Motor Club,Dollar Tree,False,29.91,0,9,29,Running,2.189,0.0,0.0,35.0,0.009577519,23.390896,37.03189,56.8387,42122.418,72232.41,123607.164,78527.65
5565,Toyota / Save Mart 350,Sonoma Raceway,road,2025-07-13,TNT,TNT,False,110,2,Austin Cindric,Team Penske,America's Tire,False,19.96,0,20,30,Running,2.189,0.0,0.0,19.0,0.01782687,46.7069,68.48532,99.0458,81906.42,134289.94,217862.14,143600.58
5565,Toyota / Save Mart 350,Sonoma Raceway,road,2025-07-13,TNT,TNT,False,110,78,Katherine Legge,Live Fast Motorsports,e.l.f. Cosmetics,False,33.32,0,0,31,Running,2.189,0.0,0.0,37.0,0.007751258,18.119736,29.833923,47.615715,32862.11,58579.766,103519.26,64129.625
5565,Toyota / Save Mart 350,Sonoma Raceway,road,2025-07-13,TNT,TNT,False,110,77,Carson Hocevar,Spire Motorsports,Delaware Life,False,26.42,0,18,32,Running,2.189,0.0,0.0,31.0,0.011922622,29.819815,45.950703,68.76543,53140.04,89841.16,148902.6,96836.67
5565,Toyota / Save Mart 350,Sonoma Raceway,road,2025-07-13,TNT,TNT,False,110,47,Ricky Stenhouse Jr,HYAK Motorsports,Real American Beer,False,21.44,0,21,33,Running,2.189,0.0,0.0,21.0,0.016273515,42.15191,62.544693,90.93713,74340.18,122201.8,199526.28,131114.27
5565,Toyota / Save Mart 350,Sonoma Raceway,road,2025-07-13,TNT,TNT,False,110,51,Cody Ware,Rick Ware Racing,Mighty Fire Breaker,False,32.14,0,0,34,Running,2.189,0.0,0.0,36.0,0.008337621,19.771751,32.078255,50.63145,36017.445,62891.234,110174.22,68768.586
5565,Toyota / Save Mart 350,Sonoma Raceway,road,2025-07-13,TNT,TNT,False,110,5,Kyle Larson,Hendrick Motorsports,HendrickCars.com,False,16.1,3,52,35,Running,2.189,0.02727272727272727,0.0,14.0,0.027315376,72.10107,104.72682,150.10878,127356.05,207458.1,329969.47,219455.39
5565,Toyota / Save Mart 350,Sonoma Raceway,road,2025-07-13,TNT,TNT,False,110,12,Ryan Blaney,Team Penske,Menards\Delta,False,19.46,0,60,36,Accident,2.189,0.0,1.0,17.0,0.030415278,76.940956,116.476616,174.15808,135407.3,228316.62,371954.12,245108.69
5565,Toyota / Save Mart 350,Sonoma Raceway,road,2025-07-13,TNT,TNT,False,110,4,Noah Gragson,Front Row Motorsports,Long John Silver's,False,27.57,0,9,37,Accident,2.189,0.0,1.0,34.0,0.023231927,56.796772,87.966385,135.51982,101675.984,173492.44,289144.4,187365.16
5556,Autotrader EchoPark Automotive 400,Dover Motor Speedway,intermediate,2025-07-20,TNT,TNT,False,407,11,Denny Hamlin,Joe Gibbs Racing,Progressive,False,3.69,67,405,1,Running,2.009,0.16461916461916462,0.0,2.0,0.07473099,194.4751,287.86536,416.99167,320281.4,524073.22,838881.2,553590.3
5556,Autotrader EchoPark Automotive 400,Dover Motor Speedway,intermediate,2025-07-20,TNT,TNT,False,407,19,Chase Briscoe,Joe Gibbs Racing,Bass Pro Shops,False,6.24,13,394,2,Running,2.009,0.03194103194103194,0.0,6.0,0.045473736,116.35589,175.02116,256.4541,190019.02,317785.0,512070.25,337114.7
5556,Autotrader EchoPark Automotive 400,Dover Motor Speedway,intermediate,2025-07-20,TNT,TNT,False,407,48,Alex Bowman,Hendrick Motorsports,Ally,False,6.14,1,396,3,Running,2.009,0.002457002457002457,0.0,5.0,0.04078235,101.833725,156.24808,231.93422,167796.39,283955.06,467453.03,302700.16
5556,Autotrader EchoPark Automotive 400,Dover Motor Speedway,intermediate,2025-07-20,TNT,TNT,False,407,5,Kyle Larson,Hendrick Motorsports,HendrickCars.com,False,9.89,0,313,4,Running,2.009,0.0,0.0,8.0,0.03191235,82.06641,121.84241,179.22217,133704.5,222348.75,358444.78,236013.52
5556,Autotrader EchoPark Automotive 400,Dover Motor Speedway,intermediate,2025-07-20,TNT,TNT,False,407,54,Ty Gibbs,Joe Gibbs Racing,Monster Energy,False,8.19,1,401,5,Running,2.009,0.002457002457002457,0.0,7.0,0.03588835,91.30043,137.03482,202.3661,149381.8,249983.44,405351.62,265939.78
5556,Autotrader EchoPark Automotive 400,Dover Motor Speedway,intermediate,2025-07-20,TNT,TNT,False,407,9,Chase Elliott,Hendrick Motorsports,NAPA Auto Parts,False,2.38,238,407,6,Running,2.009,0.5847665847665847,0.0,1.0,0.14847675,380.70547,567.6288,835.75586,629862.6,1.0207541e+06,1.6768098e+06,1.1022249e+06
5556,Autotrader EchoPark Automotive 400,Dover Motor Speedway,intermediate,2025-07-20,TNT,TNT,False,407,23,Bubba Wallace,23XI Racing,Space Force/Leidos,False,10.71,3,365,7,Running,2.009,0.007371007371007371,0.0,9.0,0.031548575,81.5326,120.7387,176.75227,133320.31,220847.0,351537.3,233165.56
5556,Autotrader EchoPark Automotive 400,Dover Motor Speedway,intermediate,2025-07-20,TNT,TNT,False,407,12,Ryan Blaney,Team Penske,Menards \ Libman,False,14.14,0,274,8,Running,2.009,0.0,0.0,14.0,0.024407325,64.12806,93.84085,136.62445,103545.3,169417.84,273404.78,180625.39
5556,Autotrader EchoPark Automotive 400,Dover Motor Speedway,intermediate,2025-07-20,TNT,TNT,False,407,17,Chris Buescher,RFK Racing,Trimble,False,17.33,0,73,9,Running,2.009,0.0,0.0,17.0,0.020009372,52.705288,76.77127,111.45797,84987.055,138829.69,223589.3,148101.81
5556,Autotrader EchoPark Automotive 400,Dover Motor Speedway,intermediate,2025-07-20,TNT,TNT,False,407,6,Brad Keselowski,RFK Racing,BuildSubmarines.com,False,18.09,0,104,10,Running,2.009,0.0,0.0,18.0,0.019099068,50.21098,73.180046,106.29902,80710.09,132452.23,213108.12,141300.02
5556,Autotrader EchoPark Automotive 400,Dover Motor Speedway,intermediate,2025-07-20,TNT,TNT,False,407,8,Kyle Busch,Richard Childress Racing,Cheddar's Patriotic,False,11.03,0,327,11,Running,2.009,0.0,0.0,10.0,0.02971374,76.90765,113.84006,166.54193,124882.21,207594.9,333287.7,219601.56
5556,Autotrader EchoPark Automotive 400,Dover Motor Speedway,intermediate,2025-07-20,TNT,TNT,False,407,45,Tyler Reddick,23XI Racing,SiriusXM,False,11.03,0,321,12,Running,2.009,0.0,0.0,11.0,0.02971374,76.90765,113.84006,166.54193,124882.21,207594.9,333287.7,219601.56
5556,Autotrader EchoPark Automotive 400,Dover Motor Speedway,intermediate,2025-07-20,TNT,TNT,False,407,71,Michael McDowell,Spire Motorsports,Delaware Life,False,12.99,0,362,13,Running,2.009,0.0,0.0,12.0,0.026259156,68.91669,101.10936,147.587,111501.72,183179.22,292955.5,194117.56
5556,Autotrader EchoPark Automotive 400,Dover Motor Speedway,intermediate,2025-07-20,TNT,TNT,False,407,22,Joey Logano,Team Penske,Shell Pennzoil,False,13.04,0,328,14,Running,2.009,0.0,0.0,13.0,0.026174689,68.724945,100.77343,147.04883,111140.98,182552.62,292106.62,193509.3
5556,Autotrader EchoPark Automotive 400,Dover Motor Speedway,intermediate,2025-07-20,TNT,TNT,False,407,3,Austin Dillon,Richard Childress Racing,BREZTRI,False,20.12,0,84,15,Running,2.009,0.0,0.0,20.0,0.01685,43.788464,64.66984,94.191986,70819.99,116295.47,189726.72,124691.63
5556,Autotrader EchoPark Automotive 400,Dover Motor Speedway,intermediate,2025-07-20,TNT,TNT,False,407,2,Austin Cindric,Team Penske,AutoTrader,False,18.69,0,69,16,Running,2.009,0.0,0.0,19.0,0.01841978,48.22524,70.61749,102.28841,77744.83,127240.29,206197.83,136162.11
5556,Autotrader EchoPark Automotive 400,Dover Motor Speedway,intermediate,2025-07-20,TNT,TNT,False,407,7,Justin Haley,Spire Motorsports,Gainbridge,False,23.67,0,8,17,Running,2.009,0.0,0.0,25.0,0.013484672,34.323643,52.134014,76.503654,56114.066,93247.57,153898.52,100388.516
5556,Autotrader EchoPark Automotive 400,Dover Motor Speedway,intermediate,2025-07-20,TNT,TNT,False,407,20,Christopher Bell,Joe Gibbs Racing,Rheem,False,5.52,67,329,18,Running,2.009,0.16461916461916462,0.0,3.0,0.06952421,182.53513,267.94592,387.36017,298182.62,487248.8,778995.4,514644.47
5556,Autotrader EchoPark Automotive 400,Dover Motor Speedway,intermediate,2025-07-20,TNT,TNT,False,407,60,Ryan Preece,RFK Racing,Castrol,False,16.94,0,132,19,Running,2.009,0.0,0.0,16.0,0.02047569,53.89679,78.62829,114.26372,87267.2,142328.47,228614.84,151724.86
5556,Autotrader EchoPark Automotive 400,Dover Motor Speedway,intermediate,2025-07-20,TNT,TNT,False,407,10,Ty Dillon,Kaulig Racing,Sea Best,False,25.13,0,2,20,Running,2.009,0.0,0.0,26.0,0.012324024,30.913895,47.53109,70.75792,50665.25,85349.7,141394.44,91888.87
5556,Autotrader EchoPark Automotive 400,Dover Motor Speedway,intermediate,2025-07-20,TNT,TNT,False,407,42,John H. Nemechek,Legacy Motor Club,Hertz,False,25.72,0,8,21,Running,2.009,0.0,0.0,27.0,0.01187452,29.649998,45.826862,68.50272,48724.11,82177.625,136445.0,88671.73
5556,Autotrader EchoPark Automotive 400,Dover Motor Speedway,intermediate,2025-07-20,TNT,TNT,False,407,38,Zane Smith,Front Row Motorsports,Horizon Hobby,False,21.59,0,15,22,Running,2.009,0.0,0.0,21.0,0.015379374,39.583557,59.326756,86.89471,64695.6,105950.89,173575.4,113952.664
5556,Autotrader EchoPark Automotive 400,Dover Motor Speedway,intermediate,2025-07-20,TNT,TNT,False,407,47,Ricky Stenhouse Jr,HYAK Motorsports,Fun Pops,False,29.34,0,0,23,Running,2.009,0.0,0.0,31.0,0.00948585,23.092787,36.617783,56.678116,38208.863,65467.21,112731.875,71359.49
5556,Autotrader EchoPark Automotive 400,Dover Motor Speedway,intermediate,2025-07-20,TNT,TNT,False,407,35,Riley Herbst,23XI Racing,Tree Top,False,29.92,0,0,24,Running,2.009,0.0,0.0,32.0,0.009145508,22.122795,35.24697,55.00428,36701.59,63408.836,109510.4,68934.664
5556,Autotrader EchoPark Automotive 400,Dover Motor Speedway,intermediate,2025-07-20,TNT,TNT,False,407,34,Todd Gilliland,Front Row Motorsports,Love's Travel Stops,False,31.61,0,1,25,Running,2.009,0.0,0.0,33.0,0.008231845,19.459944,31.63689,50.160873,32355.566,56831.008,100085.63,62351.492
5556,Autotrader EchoPark Automotive 400,Dover Motor Speedway,intermediate,2025-07-20,TNT,TNT,False,407,99,Daniel Suárez,Trackhouse Racing,Jockey Infinite Cool Underwear,False,23.64,6,44,26,Running,2.009,0.014742014742014743,0.0,24.0,0.016034503,41.27875,61.500145,90.440414,66753.62,110882.54,182546.03,118735.125
5556,Autotrader EchoPark Automotive 400,Dover Motor Speedway,intermediate,2025-07-20,TNT,TNT,False,407,43,Erik Jones,Legacy Motor Club,Dollar Tree,False,27.2,0,6,27,Running,2.009,0.0,0.0,29.0,0.010822065,26.92219,41.82146,63.769115,44246.65,74893.625,126173.98,81112.43
5556,Autotrader EchoPark Automotive 400,Dover Motor Speedway,intermediate,2025-07-20,TNT,TNT,False,407,21,Josh Berry,Wood Brothers Racing,Advance Auto Parts,False,23.19,0,52,28,Running,2.009,0.0,0.0,23.0,0.013905739,35.573395,53.730408,78.74636,57948.145,96270.91,157895.12,103360.414
5556,Autotrader EchoPark Automotive 400,Dover Motor Speedway,intermediate,2025-07-20,TNT,TNT,False,407,41,Cole Custer,Haas Factory Team,HaasTooling.com,False,31.75,0,0,29,Running,2.009,0.0,0.0,34.0,0.008158866,19.274765,31.393822,49.837547,32010.379,56412.19,99396.82,61836.664
5556,Autotrader EchoPark Automotive 400,Dover Motor Speedway,intermediate,2025-07-20,TNT,TNT,False,407,88,Shane Van Gisbergen,Trackhouse Racing,Safety Culture,False,34.86,0,6,30,Running,2.009,0.0,0.0,36.0,0.006727486,15.216377,25.886456,42.530815,25400.371,46804.89,84877.6,51484.22
5556,Autotrader EchoPark Automotive 400,Dover Motor Speedway,intermediate,2025-07-20,TNT,TNT,False,407,24,William Byron,Hendrick Motorsports,Raptor,False,6.09,0,383,31,Accident,2.009,0.0,1.0,4.0,0.052530885,131.27444,200.66054,295.59244,214397.81,363661.88,599434.6,388487.16
5556,Autotrader EchoPark Automotive 400,Dover Motor Speedway,intermediate,2025-07-20,TNT,TNT,False,407,4,Noah Gragson,Front Row Motorsports,MillerTech,False,22.42,3,120,32,Accident,2.009,0.007371007371007371,1.0,22.0,0.02773118,70.029884,105.96541,158.72934,113549.0,191828.2,312100.03,205257.11
5556,Autotrader EchoPark Automotive 400,Dover Motor Speedway,intermediate,2025-07-20,TNT,TNT,False,407,1,Ross Chastain,Trackhouse Racing,Moose Fraternity,False,15.46,0,280,33,Accident,2.009,0.0,1.0,15.0,0.03429306,87.79059,131.73886,193.89781,141661.34,237867.36,388167.2,254194.77
5556,Autotrader EchoPark Automotive 400,Dover Motor Speedway,intermediate,2025-07-20,TNT,TNT,False,407,44,JJ Yeley,NY Racing Team,Ultimate Tailgating RV,True,34.0,0,2,34,Fatigue,2.009,0.0,0.0,35.0,0.007096987,16.238884,27.343737,44.48605,27065.652,49323.14,88479.66,54150.04
5556,Autotrader EchoPark Automotive 400,Dover Motor Speedway,intermediate,2025-07-20,TNT,TNT,False,407,77,Carson Hocevar,Spire Motorsports,"MINER DOCKS, DOORS AND MORE.",False,28.55,8,13,35,Handling,2.009,0.019656019656019656,0.0,30.0,0.013290615,33.22107,51.098854,77.10004,54438.426,91920.01,153906.56,99025.6
5556,Autotrader EchoPark Automotive 400,Dover Motor Speedway,intermediate,2025-07-20,TNT,TNT,False,407,51,Cody Ware,Rick Ware Racing,Mighty Fire Breaker,False,35.9,0,1,36,Handling,2.009,0.0,0.0,37.0,0.0063023525,14.051624,24.172039,40.304535,23492.629,43883.7,80492.41,48444.145
5556,Autotrader EchoPark Automotive 400,Dover Motor Speedway,intermediate,2025-07-20,TNT,TNT,False,407,16,AJ Allmendinger,Kaulig Racing,Campers Inn RV,False,26.62,0,80,37,Suspension,2.009,0.0,0.0,28.0,0.011218449,27.940601,43.376602,65.70567,45883.625,77548.484,130167.46,83990.87
5571,Brickyard 400,Indianapolis Motor Speedway,intermediate,2025-07-27,TNT,TNT,False,168,23,Bubba Wallace,23XI Racing,Chumba Casino,False,4.93,30,161,1,Running,2.449,0.17857142857142858,0.0,1.0,0.072751045,189.11076,280.26666,407.1434,380660.56,621249.5,996615.7,657741.6
5571,Brickyard 400,Indianapolis Motor Speedway,intermediate,2025-07-27,TNT,TNT,False,168,5,Kyle Larson,Hendrick Motorsports,HendrickCars.com,False,8.55,19,157,2,Running,2.449,0.1130952380952381,0.0,5.0,0.05318603,138.83899,205.38585,296.9386,278460.5,453863.38,722751.25,480010.6
5571,Brickyard 400,Indianapolis Motor Speedway,intermediate,2025-07-27,TNT,TNT,False,168,11,Denny Hamlin,Joe Gibbs Racing,Progressive,False,13.69,1,108,3,Running,2.449,0.005952380952380952,0.0,10.0,0.026256949,68.91378,100.60889,146.18814,135769.6,224709.28,357142.56,236656.19
5571,Brickyard 400,Indianapolis Motor Speedway,intermediate,2025-07-27,TNT,TNT,False,168,60,Ryan Preece,RFK Racing,"Castrol ""The Engine""",False,17.92,12,71,4,Running,2.449,0.07142857142857142,0.0,16.0,0.030900076,81.00537,118.56767,170.34189,161384.56,261926.0,420301.38,278633.22
5571,Brickyard 400,Indianapolis Motor Speedway,intermediate,2025-07-27,TNT,TNT,False,168,6,Brad Keselowski,RFK Racing,Body Guard,False,13.61,0,101,5,Running,2.449,0.0,0.0,9.0,0.025388375,66.23938,97.393135,142.6863,130452.914,216606.12,346558.28,229171.8
5571,Brickyard 400,Indianapolis Motor Speedway,intermediate,2025-07-27,TNT,TNT,False,168,34,Todd Gilliland,Front Row Motorsports,gener8tor,False,18.92,0,49,6,Running,2.449,0.0,0.0,20.0,0.018204615,47.966003,69.87445,101.67901,94130.38,154185.06,248417.7,164471.11
5571,Brickyard 400,Indianapolis Motor Speedway,intermediate,2025-07-27,TNT,TNT,False,168,12,Ryan Blaney,Team Penske,Menards/Delta,False,14.83,14,64,7,Running,2.449,0.08333333333333333,0.0,14.0,0.03692931,97.11925,142.33168,201.4745,193569.53,314153.94,498901.2,333155.75
5571,Brickyard 400,Indianapolis Motor Speedway,intermediate,2025-07-27,TNT,TNT,False,168,20,Christopher Bell,Joe Gibbs Racing,Rheem,False,14.2,0,113,8,Running,2.449,0.0,0.0,12.0,0.024501463,64.19946,93.977325,137.28827,126278.445,209185.06,332800.2,220820.4
5571,Brickyard 400,Indianapolis Motor Speedway,intermediate,2025-07-27,TNT,TNT,False,168,48,Alex Bowman,Hendrick Motorsports,Ally,False,17.92,2,56,9,Running,2.449,0.011904761904761904,0.0,17.0,0.021298837,56.481525,81.68437,117.55721,111145.0,181677.84,290175.84,192274.44
5571,Brickyard 400,Indianapolis Motor Speedway,intermediate,2025-07-27,TNT,TNT,False,168,77,Carson Hocevar,Spire Motorsports,Zeigler Auto Group,False,9.3,0,143,10,Running,2.449,0.0,0.0,6.0,0.033262584,83.84769,127.55319,188.68993,168649.61,282834.16,461982.75,301156.3
5571,Brickyard 400,Indianapolis Motor Speedway,intermediate,2025-07-27,TNT,TNT,False,168,7,Justin Haley,Spire Motorsports,Gainbridge/TED Sports Indy,False,18.77,15,62,11,Running,2.449,0.08928571428571429,0.0,19.0,0.03278935,85.215744,125.34151,181.71458,170647.56,277395.53,448702.25,295545.2
5571,Brickyard 400,Indianapolis Motor Speedway,intermediate,2025-07-27,TNT,TNT,False,168,42,John H. Nemechek,Legacy Motor Club,Pye Barker Fire & Safety,False,17.99,1,66,12,Running,2.449,0.005952380952380952,0.0,18.0,0.020237304,53.591076,77.718185,112.41034,105111.47,172372.78,275238.0,182878.92
5571,Brickyard 400,Indianapolis Motor Speedway,intermediate,2025-07-27,TNT,TNT,False,168,9,Chase Elliott,Hendrick Motorsports,NAPA Auto Parts,False,19.59,0,42,13,Running,2.449,0.0,0.0,22.0,0.017476022,45.835064,67.036575,97.75558,90234.17,147382.72,238972.45,157788.4
5571,Brickyard 400,Indianapolis Motor Speedway,intermediate,2025-07-27,TNT,TNT,False,168,17,Chris Buescher,RFK Racing,Kroger / Diet Cherry Coke,False,9.55,0,152,14,Running,2.449,0.0,0.0,7.0,0.032747187,82.628716,125.540436,185.7424,166248.7,278985.75,453463.12,296393.97
5571,Brickyard 400,Indianapolis Motor Speedway,intermediate,2025-07-27,TNT,TNT,False,168,2,Austin Cindric,Team Penske,Discount Tire,False,14.68,40,74,15,Running,2.449,0.23809523809523808,0.0,13.0,0.062035665,157.776,235.09216,349.6358,317731.12,520709.44,857002.75,559696.8
5571,Brickyard 400,Indianapolis Motor Speedway,intermediate,2025-07-27,TNT,TNT,False,168,24,William Byron,Hendrick Motorsports,Liberty University,False,6.48,0,156,16,Running,2.449,0.0,0.0,2.0,0.039638843,97.35829,152.23701,229.22575,195623.4,337354.5,563324.1,360765.62
5571,Brickyard 400,Indianapolis Motor Speedway,intermediate,2025-07-27,TNT,TNT,False,168,78,Katherine Legge,Live Fast Motorsports,Droplight,False,24.16,0,31,17,Running,2.449,0.0,0.0,28.0,0.013138911,33.851036,50.80274,74.52998,67283.81,110714.57,181273.47,119175.34
5571,Brickyard 400,Indianapolis Motor Speedway,intermediate,2025-07-27,TNT,TNT,False,168,19,Chase Briscoe,Joe Gibbs Racing,Bass Pro Shops,False,7.49,34,159,18,Running,2.449,0.20238095238095238,0.0,3.0,0.07002327,182.56844,268.54675,389.0771,364291.94,596018.6,957400.5,631731.44
5571,Brickyard 400,Indianapolis Motor Speedway,intermediate,2025-07-27,TNT,TNT,False,168,88,Shane Van Gisbergen,Trackhouse Racing,WeatherTech,False,19.14,0,44,19,Running,2.449,0.0,0.0,21.0,0.017964534,47.282406,68.96384,100.404236,92827.39,151930.56,245385.69,162244.66
5571,Brickyard 400,Indianapolis Motor Speedway,intermediate,2025-07-27,TNT,TNT,False,168,41,Cole Custer,Haas Factory Team,Haas/Autodesk,False,24.1,0,0,20,Running,2.449,0.0,0.0,27.0,0.013189465,33.942413,50.99547,74.79381,67552.75,111090.06,181846.92,119612.195
5571,Brickyard 400,Indianapolis Motor Speedway,intermediate,2025-07-27,TNT,TNT,False,168,54,Ty Gibbs,Joe Gibbs Racing,SAIA LTL Freight,False,15.35,0,65,21,Running,2.449,0.0,0.0,15.0,0.022757947,59.73263,87.58152,127.87243,117318.766,193431.53,310577.97,205445.55
5571,Brickyard 400,Indianapolis Motor Speedway,intermediate,2025-07-27,TNT,TNT,False,168,21,Josh Berry,Wood Brothers Racing,PPG,False,12.17,0,108,22,Running,2.449,0.0,0.0,8.0,0.027823292,71.74058,106.26997,156.12431,142562.1,236691.81,380822.5,250973.92
5571,Brickyard 400,Indianapolis Motor Speedway,intermediate,2025-07-27,TNT,TNT,False,168,16,AJ Allmendinger,Kaulig Racing,Grizzly Nicotine Pouches,False,20.98,0,51,23,Running,2.449,0.0,0.0,24.0,0.016061367,41.92823,61.44227,89.62675,82944.07,135291.3,219857.34,144817.14
5571,Brickyard 400,Indianapolis Motor Speedway,intermediate,2025-07-27,TNT,TNT,False,168,62,Jesse Love,Beard Motorsports,C4 Ultimate Energy,False,27.92,0,0,24,Running,2.449,0.0,0.0,31.0,0.010373816,25.917515,40.189766,60.390465,52080.33,87962.3,146575.17,94883.65
5571,Brickyard 400,Indianapolis Motor Speedway,intermediate,2025-07-27,TNT,TNT,False,168,8,Kyle Busch,Richard Childress Racing,Zone,False,21.38,0,53,25,Running,2.449,0.0,0.0,25.0,0.015675617,40.851086,59.95742,87.554794,80723.76,131826.98,214948.17,141295.45
5571,Brickyard 400,Indianapolis Motor Speedway,intermediate,2025-07-27,TNT,TNT,False,168,35,Riley Herbst,23XI Racing,Monster Energy,False,27.78,0,0,26,Running,2.449,0.0,0.0,30.0,0.010467729,26.196396,40.55464,60.827293,52549.54,88783.84,147791.06,95687.734
5571,Brickyard 400,Indianapolis Motor Speedway,intermediate,2025-07-27,TNT,TNT,False,168,99,Daniel Suárez,Trackhouse Racing,Freeway Insurance,False,26.99,0,12,27,Running,2.449,0.0,0.0,29.0,0.010993112,27.732834,42.659775,63.20962,55258.996,93231.86,154262.25,100361.79
5571,Brickyard 400,Indianapolis Motor Speedway,intermediate,2025-07-27,TNT,TNT,False,168,10,Ty Dillon,Kaulig Racing,Sea Best,False,28.82,0,0,28,Running,2.449,0.0,0.0,32.0,0.009805102,24.303907,37.97278,57.725853,48978.836,82896.69,139582.4,89881.0
5571,Brickyard 400,Indianapolis Motor Speedway,intermediate,2025-07-27,TNT,TNT,False,168,45,Tyler Reddick,23XI Racing,Xfinity Mobile,False,8.46,0,149,29,Accident,2.449,0.0,1.0,4.0,0.046690308,117.33612,179.01389,261.92737,232189.19,394265.94,648491.75,420759.53
5571,Brickyard 400,Indianapolis Motor Speedway,intermediate,2025-07-27,TNT,TNT,False,168,71,Michael McDowell,Spire Motorsports,Delaware Life,False,34.1,0,0,30,Running,2.449,0.0,0.0,36.0,0.0070666973,16.608665,27.203379,43.59853,33565.457,59893.664,106007.76,65615.81
5571,Brickyard 400,Indianapolis Motor Speedway,intermediate,2025-07-27,TNT,TNT,False,168,38,Zane Smith,Front Row Motorsports,Aaron's Rent to Own,False,19.95,0,50,31,Accident,2.449,0.0,1.0,23.0,0.028555494,73.01027,109.17073,161.90988,143443.0,240391.0,391235.75,257323.34
5571,Brickyard 400,Indianapolis Motor Speedway,intermediate,2025-07-27,TNT,TNT,False,168,22,Joey Logano,Team Penske,Shell Pennzoil,False,13.75,0,108,32,Accident,2.449,0.0,1.0,11.0,0.03657145,94.182396,140.23068,206.46732,185079.03,310260.25,506046.62,330168.2
5571,Brickyard 400,Indianapolis Motor Speedway,intermediate,2025-07-27,TNT,TNT,False,168,4,Noah Gragson,Front Row Motorsports,Rush Truck Centers,False,32.46,0,2,33,Running,2.449,0.0,0.0,34.0,0.0078256875,18.803484,30.235683,47.320923,37958.6,66102.93,115265.555,72312.07
5571,Brickyard 400,Indianapolis Motor Speedway,intermediate,2025-07-27,TNT,TNT,False,168,66,Josh Bilicki,Garage 66,SHERFICK COMPANIES,False,33.89,0,1,34,Electrical,2.449,0.0,0.0,35.0,0.0071581556,16.866293,27.566639,44.05088,34128.527,60672.67,107089.2,66435.48
5571,Brickyard 400,Indianapolis Motor Speedway,intermediate,2025-07-27,TNT,TNT,False,168,47,Ricky Stenhouse Jr,HYAK Motorsports,Rate,False,34.46,0,0,35,Running,2.449,0.0,0.0,37.0,0.006907733,16.160261,26.579082,42.80646,32638.41,58652.227,103989.02,64235.36
5571,Brickyard 400,Indianapolis Motor Speedway,intermediate,2025-07-27,TNT,TNT,False,168,43,Erik Jones,Legacy Motor Club,Dollar Tree,False,21.58,0,81,36,Accident,2.449,0.0,1.0,26.0,0.02690601,68.237885,102.90668,153.07973,135114.25,226819.06,367467.88,242576.3
5571,Brickyard 400,Indianapolis Motor Speedway,intermediate,2025-07-27,TNT,TNT,False,168,51,Cody Ware,Rick Ware Racing,Arby's,False,35.54,0,0,37,Fatigue,2.449,0.0,0.0,38.0,0.0064495704,14.902972,24.864162,40.56196,30200.158,54790.758,98335.234,60274.703
5571,Brickyard 400,Indianapolis Motor Speedway,intermediate,2025-07-27,TNT,TNT,False,168,3,Austin Dillon,Richard Childress Racing,Get Bioethanol,False,29.96,0,31,38,Accident,2.449,0.0,1.0,33.0,0.020764636,50.852806,78.51468,120.5851,101850.01,173543.12,288529.4,186947.39
5571,Brickyard 400,Indianapolis Motor Speedway,intermediate,2025-07-27,TNT,TNT,False,168,1,Ross Chastain,Trackhouse Racing,Busch Light Lime,False,38.47,0,0,39,Accident,2.449,0.0,1.0,39.0,0.017172903,39.537506,64.374695,101.55116,80453.44,141839.23,242082.2,153780.38
5566,Iowa Corn 350 Powered by Ethanol,Iowa Speedway,short,2025-08-03,USA,NBC,False,350,24,William Byron,Hendrick Motorsports,Raptor,False,5.87,141,313,1,Running,2.174,0.40285714285714286,0.0,3.0,0.11374707,293.1769,434.85336,637.95294,524510.94,847290.75,1.3858778e+06,913127.5
5566,Iowa Corn 350 Powered by Ethanol,Iowa Speedway,short,2025-08-03,USA,NBC,False,350,19,Chase Briscoe,Joe Gibbs Racing,Bass Pro Shops,False,7.05,81,279,2,Running,2.174,0.23142857142857143,0.0,5.0,0.08101255,211.31526,310.02438,449.18903,373251.75,611564.25,985071.25,650152.3
5566,Iowa Corn 350 Powered by Ethanol,Iowa Speedway,short,2025-08-03,USA,NBC,False,350,6,Brad Keselowski,RFK Racing,Solomon Plumbing,False,4.01,68,336,3,Running,2.174,0.19428571428571428,0.0,1.0,0.08362123,218.00697,320.10443,467.11832,383499.03,634365.94,1.0192392e+06,670207.94
5566,Iowa Corn 350 Powered by Ethanol,Iowa Speedway,short,2025-08-03,USA,NBC,False,350,12,Ryan Blaney,Team Penske,Wabash,False,5.17,29,339,4,Running,2.174,0.08285714285714285,0.0,2.0,0.060696136,157.05556,234.5214,339.75757,274193.88,458697.8,744945.4,487191.03
5566,Iowa Corn 350 Powered by Ethanol,Iowa Speedway,short,2025-08-03,USA,NBC,False,350,60,Ryan Preece,RFK Racing,"Mohawk Northeast, Inc.",False,18.67,0,179,5,Running,2.174,0.0,0.0,20.0,0.019817026,52.18008,76.07121,110.31352,91126.766,148982.53,240012.12,158774.44
5566,Iowa Corn 350 Powered by Ethanol,Iowa Speedway,short,2025-08-03,USA,NBC,False,350,23,Bubba Wallace,23XI Racing,Alltroo,False,19.14,0,180,6,Running,2.174,0.0,0.0,21.0,0.019251963,50.571716,73.73858,106.95299,88419.586,144620.39,232794.72,154223.27
5566,Iowa Corn 350 Powered by Ethanol,Iowa Speedway,short,2025-08-03,USA,NBC,False,350,48,Alex Bowman,Hendrick Motorsports,Ally,False,14.14,0,236,7,Running,2.174,0.0,0.0,13.0,0.026344761,69.101875,101.41835,147.36801,119839.61,198263.28,318298.78,210598.39
5566,Iowa Corn 350 Powered by Ethanol,Iowa Speedway,short,2025-08-03,USA,NBC,False,350,77,Carson Hocevar,Spire Motorsports,"MINER DOCKS, DOORS AND MORE.",False,11.92,0,249,8,Running,2.174,0.0,0.0,7.0,0.030284576,77.73346,115.762436,169.52328,136955.53,228707.44,366892.0,242207.22
5566,Iowa Corn 350 Powered by Ethanol,Iowa Speedway,short,2025-08-03,USA,NBC,False,350,22,Joey Logano,Team Penske,Shell Pennzoil,False,17.52,0,96,9,Running,2.174,0.0,0.0,18.0,0.021233002,56.17345,81.72464,118.428734,97783.43,160419.72,258180.0,170515.33
5566,Iowa Corn 350 Powered by Ethanol,Iowa Speedway,short,2025-08-03,USA,NBC,False,350,3,Austin Dillon,Richard Childress Racing,Get Bioethanol,False,13.39,0,214,10,Running,2.174,0.0,0.0,10.0,0.027577829,71.70788,105.89949,154.57353,125299.06,207889.56,333717.22,220763.8
5566,Iowa Corn 350 Powered by Ethanol,Iowa Speedway,short,2025-08-03,USA,NBC,False,350,1,Ross Chastain,Trackhouse Racing,Busch Light Farming,False,19.32,0,105,11,Running,2.174,0.0,0.0,22.0,0.019042794,50.03016,72.953,105.81111,87332.7,142932.23,230323.06,152516.38
5566,Iowa Corn 350 Powered by Ethanol,Iowa Speedway,short,2025-08-03,USA,NBC,False,350,2,Austin Cindric,Team Penske,Menards\Ideal Door,False,6.78,20,319,12,Running,2.174,0.05714285714285714,0.0,4.0,0.05166704,133.46272,199.45161,289.4248,234420.45,391820.5,631595.1,414991.75
5566,Iowa Corn 350 Powered by Ethanol,Iowa Speedway,short,2025-08-03,USA,NBC,False,350,21,Josh Berry,Wood Brothers Racing,Menards \ Masterforce Tools,False,12.53,0,220,13,Running,2.174,0.0,0.0,8.0,0.02914091,75.00057,111.54208,163.43578,131915.52,219658.97,353207.62,233055.72
5566,Iowa Corn 350 Powered by Ethanol,Iowa Speedway,short,2025-08-03,USA,NBC,False,350,9,Chase Elliott,Hendrick Motorsports,NAPA Auto Parts,False,10.78,11,285,14,Running,2.174,0.03142857142857143,0.0,6.0,0.038012356,99.3947,146.13452,212.28429,172924.06,287463.5,458185.3,303779.53
5566,Iowa Corn 350 Powered by Ethanol,Iowa Speedway,short,2025-08-03,USA,NBC,False,350,42,John H. Nemechek,Legacy Motor Club,Dollar Tree,False,17.32,0,150,15,Running,2.174,0.0,0.0,17.0,0.021523066,56.841667,82.78418,120.07143,99082.586,162570.95,260766.25,172648.7
5566,Iowa Corn 350 Powered by Ethanol,Iowa Speedway,short,2025-08-03,USA,NBC,False,350,43,Erik Jones,Legacy Motor Club,"Tri State Vacuum & Rental, LLC",False,20.59,0,68,16,Running,2.174,0.0,0.0,24.0,0.01761141,46.098923,67.813324,97.91282,80536.22,131782.66,214005.3,141024.55
5566,Iowa Corn 350 Powered by Ethanol,Iowa Speedway,short,2025-08-03,USA,NBC,False,350,20,Christopher Bell,Joe Gibbs Racing,Rheem,False,15.98,0,162,17,Running,2.174,0.0,0.0,16.0,0.023445444,61.732628,90.22415,130.82681,107500.555,176305.03,283960.8,187682.83
5566,Iowa Corn 350 Powered by Ethanol,Iowa Speedway,short,2025-08-03,USA,NBC,False,350,16,AJ Allmendinger,Kaulig Racing,Celsius,False,15.11,0,215,18,Running,2.174,0.0,0.0,14.0,0.024781432,65.0324,95.31696,138.6703,113400.48,186655.83,300169.6,198173.8
5566,Iowa Corn 350 Powered by Ethanol,Iowa Speedway,short,2025-08-03,USA,NBC,False,350,45,Tyler Reddick,23XI Racing,McDonald's,False,19.99,0,69,19,Running,2.174,0.0,0.0,23.0,0.018298402,47.947292,70.25902,101.32645,83456.81,137013.72,220948.6,146336.05
5566,Iowa Corn 350 Powered by Ethanol,Iowa Speedway,short,2025-08-03,USA,NBC,False,350,8,Kyle Busch,Richard Childress Racing,Cheddar's Scratch Kitchen,False,21.46,0,76,20,Running,2.174,0.0,0.0,25.0,0.016681511,43.465096,64.186874,93.24797,76103.125,124393.2,202642.92,133679.42
5566,Iowa Corn 350 Powered by Ethanol,Iowa Speedway,short,2025-08-03,USA,NBC,False,350,54,Ty Gibbs,Joe Gibbs Racing,Monster Energy,False,15.75,0,138,21,Running,2.174,0.0,0.0,15.0,0.023785053,62.446907,91.54956,132.57025,109134.06,179237.28,288249.25,190398.42
5566,Iowa Corn 350 Powered by Ethanol,Iowa Speedway,short,2025-08-03,USA,NBC,False,350,17,Chris Buescher,RFK Racing,Body Guard,False,23.79,0,42,22,Running,2.174,0.0,0.0,28.0,0.014437215,36.98194,55.738342,81.67038,65620.734,108146.49,177262.72,115920.055
5566,Iowa Corn 350 Powered by Ethanol,Iowa Speedway,short,2025-08-03,USA,NBC,False,350,7,Justin Haley,Spire Motorsports,Gainbridge,False,14.04,0,237,23,Running,2.174,0.0,0.0,12.0,0.026490092,69.51006,102.09765,148.4564,120660.15,199647.28,320172.38,211924.9
5566,Iowa Corn 350 Powered by Ethanol,Iowa Speedway,short,2025-08-03,USA,NBC,False,350,11,Denny Hamlin,Joe Gibbs Racing,Bob's Discount Furniture,False,13.32,0,270,24,Running,2.174,0.0,0.0,9.0,0.0277022,71.951004,106.362335,155.26852,125850.95,208928.11,335277.53,221738.47
5566,Iowa Corn 350 Powered by Ethanol,Iowa Speedway,short,2025-08-03,USA,NBC,False,350,99,Daniel Suárez,Trackhouse Racing,Choice Privileges,False,21.54,0,85,25,Running,2.174,0.0,0.0,26.0,0.01659897,43.231525,63.884224,92.8064,75715.53,123767.375,201940.7,133024.55
5566,Iowa Corn 350 Powered by Ethanol,Iowa Speedway,short,2025-08-03,USA,NBC,False,350,41,Cole Custer,Haas Factory Team,HaasTooling.com,False,23.56,0,23,26,Running,2.174,0.0,0.0,27.0,0.014643303,37.52535,56.48583,82.77049,66670.984,109478.086,179842.5,117557.17
5566,Iowa Corn 350 Powered by Ethanol,Iowa Speedway,short,2025-08-03,USA,NBC,False,350,71,Michael McDowell,Spire Motorsports,Delaware Life,False,18.29,0,131,27,Running,2.174,0.0,0.0,19.0,0.020263288,53.47335,77.85571,113.12718,93276.45,152961.06,246908.42,162557.28
5566,Iowa Corn 350 Powered by Ethanol,Iowa Speedway,short,2025-08-03,USA,NBC,False,350,5,Kyle Larson,Hendrick Motorsports,HendrickCars.com,False,13.68,0,203,28,Running,2.174,0.0,0.0,11.0,0.027073298,70.74281,104.14473,151.97495,123311.664,204127.66,327405.34,216773.61
5566,Iowa Corn 350 Powered by Ethanol,Iowa Speedway,short,2025-08-03,USA,NBC,False,350,4,Noah Gragson,Front Row Motorsports,Rasmussen Air & Gas Energy,False,32.81,0,0,29,Running,2.174,0.0,0.0,33.0,0.008214815,19.467918,31.549206,49.973564,35080.113,61879.65,107988.555,67409.07
5566,Iowa Corn 350 Powered by Ethanol,Iowa Speedway,short,2025-08-03,USA,NBC,False,350,35,Riley Herbst,23XI Racing,Monster Energy Zero Sugar,False,28.37,0,0,30,Running,2.174,0.0,0.0,31.0,0.010854611,26.886211,41.838097,63.792107,48006.258,81106.016,136221.67,87856.67
5566,Iowa Corn 350 Powered by Ethanol,Iowa Speedway,short,2025-08-03,USA,NBC,False,350,88,Shane Van Gisbergen,Trackhouse Racing,Red Bull,False,24.74,0,15,31,Running,2.174,0.0,0.0,29.0,0.013608785,34.65408,52.551403,77.3607,61361.35,101729.42,167905.55,109407.14
5566,Iowa Corn 350 Powered by Ethanol,Iowa Speedway,short,2025-08-03,USA,NBC,False,350,51,Cody Ware,Rick Ware Racing,Costa Oil,False,33.49,0,0,32,Running,2.174,0.0,0.0,35.0,0.007871379,18.535967,30.309116,48.33656,33430.75,59016.97,104328.37,64750.086
5566,Iowa Corn 350 Powered by Ethanol,Iowa Speedway,short,2025-08-03,USA,NBC,False,350,47,Ricky Stenhouse Jr,HYAK Motorsports,NOS Energy,False,34.3,0,0,33,Running,2.174,0.0,0.0,36.0,0.0074823936,17.456682,28.841808,46.40269,31429.297,56324.547,100399.63,61726.348
5566,Iowa Corn 350 Powered by Ethanol,Iowa Speedway,short,2025-08-03,USA,NBC,False,350,34,Todd Gilliland,Front Row Motorsports,Love's Travel Stops,False,30.65,0,0,34,Running,2.174,0.0,0.0,32.0,0.009406878,22.853186,36.364983,55.99336,41076.04,70605.7,120827.016,76645.94
5566,Iowa Corn 350 Powered by Ethanol,Iowa Speedway,short,2025-08-03,USA,NBC,False,350,10,Ty Dillon,Kaulig Racing,Sea Best,False,33.37,0,0,35,Running,2.174,0.0,0.0,34.0,0.007933319,18.689245,30.535736,48.634056,33735.547,59461.85,104895.016,65211.133
5566,Iowa Corn 350 Powered by Ethanol,Iowa Speedway,short,2025-08-03,USA,NBC,False,350,38,Zane Smith,Front Row Motorsports,Mystik Lubricants,False,27.39,0,16,36,Running,2.174,0.0,0.0,30.0,0.011555271,28.740952,44.633644,66.993484,51215.125,86187.914,143889.84,93194.086
5566,Iowa Corn 350 Powered by Ethanol,Iowa Speedway,short,2025-08-03,USA,NBC,False,350,66,Joey Gase,Garage 66,King of the Hill on Hulu,False,37.0,0,0,37,Running,2.174,0.0,0.0,37.0,0.006332551,14.229635,24.433514,40.56082,25702.316,47766.28,87624.586,52677.266
5577,Go Bowling at The Glen,Watkins Glen International,road,2025-08-10,USA,NBC,False,90,88,Shane Van Gisbergen,Trackhouse Racing,WeatherTech,False,4.04,38,84,1,Running,1.85,0.4222222222222222,0.0,1.0,0.12338604,318.44302,471.2429,692.6689,483628.8,788590.75,1.2776219e+06,842670.5
5577,Go Bowling at The Glen,Watkins Glen International,road,2025-08-10,USA,NBC,False,90,20,Christopher Bell,Joe Gibbs Racing,DEWALT,False,8.87,0,80,2,Running,1.85,0.0,0.0,5.0,0.037139155,92.68347,141.95517,210.25052,139378.83,236528.4,388911.16,253491.73
5577,Go Bowling at The Glen,Watkins Glen International,road,2025-08-10,USA,NBC,False,90,17,Chris Buescher,RFK Racing,BuildSubmarines.com,False,11.06,5,68,3,Running,1.85,0.05555555555555555,0.0,7.0,0.042027146,110.03415,161.77924,233.43393,163457.38,270258.8,429186.12,285812.25
5577,Go Bowling at The Glen,Watkins Glen International,road,2025-08-10,USA,NBC,False,90,24,William Byron,Hendrick Motorsports,Raptor,False,7.85,0,78,4,Running,1.85,0.0,0.0,3.0,0.03952168,97.87511,151.2628,226.17868,147806.81,253440.39,419362.2,270606.22
5577,Go Bowling at The Glen,Watkins Glen International,road,2025-08-10,USA,NBC,False,90,19,Chase Briscoe,Joe Gibbs Racing,Bass Pro Shops,False,8.65,6,77,5,Running,1.85,0.06666666666666667,0.0,4.0,0.049242333,128.61221,189.83011,274.19165,191749.8,316296.0,508875.7,335508.9
5577,Go Bowling at The Glen,Watkins Glen International,road,2025-08-10,USA,NBC,False,90,12,Ryan Blaney,Team Penske,Menards\Richmond Water Heaters,False,4.55,35,83,6,Running,1.85,0.3888888888888889,0.0,2.0,0.11599423,300.1185,443.22955,649.03723,454297.78,742885.6,1.2024188e+06,792209.75
5577,Go Bowling at The Glen,Watkins Glen International,road,2025-08-10,USA,NBC,False,90,99,Daniel Suárez,Trackhouse Racing,Freeway Insurance,False,15.82,0,44,7,Running,1.85,0.0,0.0,13.0,0.024005018,63.04284,92.28037,134.25206,93520.63,154041.16,248284.67,163259.7
5577,Go Bowling at The Glen,Watkins Glen International,road,2025-08-10,USA,NBC,False,90,23,Bubba Wallace,23XI Racing,McDonald's,False,14.91,0,50,8,Running,1.85,0.0,0.0,10.0,0.025386164,66.50342,97.71899,142.31963,98311.06,162802.92,261043.94,172852.05
5577,Go Bowling at The Glen,Watkins Glen International,road,2025-08-10,USA,NBC,False,90,45,Tyler Reddick,23XI Racing,The Beast,False,17.33,0,39,9,Running,1.85,0.0,0.0,18.0,0.021780923,57.454453,83.871346,121.782845,85249.61,139572.25,225236.7,148553.7
5577,Go Bowling at The Glen,Watkins Glen International,road,2025-08-10,USA,NBC,False,90,1,Ross Chastain,Trackhouse Racing,Busch Light,False,10.04,0,76,10,Running,1.85,0.0,0.0,6.0,0.034488518,86.66962,132.0446,193.51016,130495.96,220734.22,359882.0,235245.39
5577,Go Bowling at The Glen,Watkins Glen International,road,2025-08-10,USA,NBC,False,90,16,AJ Allmendinger,Kaulig Racing,Grizzly Nicotine Pouches,False,16.39,0,33,11,Running,1.85,0.0,0.0,16.0,0.023141287,60.83449,88.93309,129.09552,90412.09,148211.39,238069.02,157536.75
5577,Go Bowling at The Glen,Watkins Glen International,road,2025-08-10,USA,NBC,False,90,43,Erik Jones,Legacy Motor Club,Family Dollar,False,21.18,0,23,12,Running,1.85,0.0,0.0,22.0,0.017186496,44.99618,66.0657,95.60101,66651.56,109384.8,176781.84,117005.195
5577,Go Bowling at The Glen,Watkins Glen International,road,2025-08-10,USA,NBC,False,90,60,Ryan Preece,RFK Racing,"Mohawk Northeast, Inc.",False,13.8,1,56,13,Running,1.85,0.011111111111111112,0.0,9.0,0.029169869,76.469696,112.58244,162.39284,113571.055,187197.23,299766.5,198428.67
5577,Go Bowling at The Glen,Watkins Glen International,road,2025-08-10,USA,NBC,False,90,22,Joey Logano,Team Penske,Shell Pennzoil,False,17.12,0,39,14,Running,1.85,0.0,0.0,17.0,0.022082426,58.208706,85.00534,123.30475,86292.91,141453.55,227902.08,150512.75
5577,Go Bowling at The Glen,Watkins Glen International,road,2025-08-10,USA,NBC,False,90,3,Austin Dillon,Richard Childress Racing,BREZTRI,False,21.25,0,24,15,Running,1.85,0.0,0.0,23.0,0.017111244,44.7455,65.805084,95.24446,66391.81,108855.086,176149.95,116501.484
5577,Go Bowling at The Glen,Watkins Glen International,road,2025-08-10,USA,NBC,False,90,2,Austin Cindric,Team Penske,Snap On,False,15.44,0,53,16,Running,1.85,0.0,0.0,12.0,0.024574745,64.47371,94.56085,137.4516,95596.555,157581.81,253338.19,167195.8
5577,Go Bowling at The Glen,Watkins Glen International,road,2025-08-10,USA,NBC,False,90,38,Zane Smith,Front Row Motorsports,Long John Silver's,False,25.53,0,10,17,Running,1.85,0.0,0.0,29.0,0.013111379,33.329834,50.63188,74.40524,50449.56,83404.97,137526.84,89645.48
5577,Go Bowling at The Glen,Watkins Glen International,road,2025-08-10,USA,NBC,False,90,77,Carson Hocevar,Spire Motorsports,Delaware Life,False,17.47,0,39,18,Running,1.85,0.0,0.0,19.0,0.021595158,56.953438,83.0224,120.67787,84623.375,138340.4,223391.92,147262.5
5577,Go Bowling at The Glen,Watkins Glen International,road,2025-08-10,USA,NBC,False,90,71,Michael McDowell,Spire Motorsports,Go Bowling,False,15.85,0,49,19,Running,1.85,0.0,0.0,14.0,0.023955975,62.906406,92.14746,133.99152,93387.16,153708.12,247689.45,162953.08
5577,Go Bowling at The Glen,Watkins Glen International,road,2025-08-10,USA,NBC,False,90,48,Alex Bowman,Hendrick Motorsports,Ally,False,13.66,0,59,20,Running,1.85,0.0,0.0,8.0,0.027491108,70.78348,105.200035,154.00899,105880.91,176305.0,283547.62,187001.56
5577,Go Bowling at The Glen,Watkins Glen International,road,2025-08-10,USA,NBC,False,90,4,Noah Gragson,Front Row Motorsports,A&W Root Beer,False,26.41,0,12,21,Running,1.85,0.0,0.0,30.0,0.012399084,31.470716,47.816296,70.904366,47431.598,78901.83,130983.87,84979.95
5577,Go Bowling at The Glen,Watkins Glen International,road,2025-08-10,USA,NBC,False,90,8,Kyle Busch,Richard Childress Racing,zone / Fastrac,False,15.88,0,54,22,Running,1.85,0.0,0.0,15.0,0.023905002,62.76496,91.978775,133.72662,93235.16,153370.98,247060.94,162647.02
5577,Go Bowling at The Glen,Watkins Glen International,road,2025-08-10,USA,NBC,False,90,47,Ricky Stenhouse Jr,HYAK Motorsports,Real American Beer,False,25.26,0,18,23,Running,1.85,0.0,0.0,28.0,0.013335142,33.954277,51.501663,75.51408,51415.523,84949.914,139452.47,91130.28
5577,Go Bowling at The Glen,Watkins Glen International,road,2025-08-10,USA,NBC,False,90,35,Riley Herbst,23XI Racing,Monster Energy Zero Sugar,False,21.87,0,22,24,Running,1.85,0.0,0.0,24.0,0.016452283,42.870556,63.396233,91.60999,63941.35,104605.016,169931.2,112137.875
5577,Go Bowling at The Glen,Watkins Glen International,road,2025-08-10,USA,NBC,False,90,11,Denny Hamlin,Joe Gibbs Racing,Progressive,False,27.19,0,7,25,Running,1.85,0.0,0.0,31.0,0.011826184,29.777515,45.65525,67.9332,44894.094,75285.84,124868.26,81058.055
5577,Go Bowling at The Glen,Watkins Glen International,road,2025-08-10,USA,NBC,False,90,9,Chase Elliott,Hendrick Motorsports,NAPA Auto Parts,False,19.07,0,31,26,Running,1.85,0.0,0.0,20.0,0.01951763,51.552437,75.136856,108.91301,76439.48,125470.55,203028.75,133313.84
5577,Go Bowling at The Glen,Watkins Glen International,road,2025-08-10,USA,NBC,False,90,7,Justin Haley,Spire Motorsports,Gainbridge,False,22.77,0,10,27,Running,1.85,0.0,0.0,25.0,0.015569171,40.522743,59.844444,87.15986,60170.25,98649.41,161210.39,106106.805
5577,Go Bowling at The Glen,Watkins Glen International,road,2025-08-10,USA,NBC,False,90,34,Todd Gilliland,Front Row Motorsports,OVERPLAY,False,24.58,0,2,28,Running,1.85,0.0,0.0,27.0,0.013906194,35.636963,53.630264,78.60853,53852.3,88456.92,145339.16,94985.51
5577,Go Bowling at The Glen,Watkins Glen International,road,2025-08-10,USA,NBC,False,90,51,Cody Ware,Rick Ware Racing,Evel Knievel Museum,False,29.1,0,10,29,Running,1.85,0.0,0.0,33.0,0.010500435,26.040892,40.44197,61.402138,39559.797,66719.03,111892.27,72236.79
5577,Go Bowling at The Glen,Watkins Glen International,road,2025-08-10,USA,NBC,False,90,10,Ty Dillon,Kaulig Racing,Sea Best,False,28.89,0,4,30,Running,1.85,0.0,0.0,32.0,0.010640983,26.46391,41.043854,62.09692,40222.844,67551.53,113000.94,73155.2
5577,Go Bowling at The Glen,Watkins Glen International,road,2025-08-10,USA,NBC,False,90,6,Brad Keselowski,RFK Racing,Nexlizet,False,15.15,5,50,31,Running,1.85,0.05555555555555555,0.0,11.0,0.03456229,90.97953,132.95328,190.94392,137114.31,222250.61,354092.84,235619.34
5577,Go Bowling at The Glen,Watkins Glen International,road,2025-08-10,USA,NBC,False,90,42,John H. Nemechek,Legacy Motor Club,Mobil 1,False,22.91,0,19,32,Running,1.85,0.0,0.0,26.0,0.015434166,40.08982,59.366432,86.47171,59722.258,97738.29,159972.56,105199.555
5577,Go Bowling at The Glen,Watkins Glen International,road,2025-08-10,USA,NBC,False,90,54,Ty Gibbs,Joe Gibbs Racing,Monster Energy,False,19.31,0,44,33,Running,1.85,0.0,0.0,21.0,0.01924058,50.78293,73.940445,107.43332,75380.336,123561.45,199479.25,131344.38
5577,Go Bowling at The Glen,Watkins Glen International,road,2025-08-10,USA,NBC,False,90,41,Cole Custer,Haas Factory Team,HaasTooling.com,False,31.76,0,2,34,Running,1.85,0.0,0.0,36.0,0.008885157,21.548847,34.319492,52.911594,32957.684,56782.13,97261.336,61598.83
5577,Go Bowling at The Glen,Watkins Glen International,road,2025-08-10,USA,NBC,False,90,21,Josh Berry,Wood Brothers Racing,Freightliner,False,30.52,0,1,35,Running,1.85,0.0,0.0,34.0,0.009595003,23.6098,37.063828,56.50042,35933.32,61190.375,103853.5,66336.41
5577,Go Bowling at The Glen,Watkins Glen International,road,2025-08-10,USA,NBC,False,90,78,Katherine Legge,Live Fast Motorsports,Desnuda,False,31.6,0,0,36,Running,1.85,0.0,0.0,35.0,0.008973184,21.812939,34.694695,53.336765,33362.203,57304.055,97890.76,62189.492
5577,Go Bowling at The Glen,Watkins Glen International,road,2025-08-10,USA,NBC,False,90,66,Josh Bilicki,Garage 66,Southern Tier Security,False,34.02,0,0,37,Running,1.85,0.0,0.0,37.0,0.007710408,18.202494,29.616432,47.019947,27971.453,49366.945,86445.58,53857.535
5577,Go Bowling at The Glen,Watkins Glen International,road,2025-08-10,USA,NBC,False,90,44,JJ Yeley,NY Racing Team,Syracuse Football NIL,True,34.54,0,0,38,Running,1.85,0.0,0.0,38.0,0.0074609006,17.565613,28.725866,45.830566,26947.19,47601.844,84188.23,52225.883
5577,Go Bowling at The Glen,Watkins Glen International,road,2025-08-10,USA,NBC,False,90,5,Kyle Larson,Hendrick Motorsports,HendrickCars.com,False,38.16,0,0,39,Running,1.85,0.0,0.0,39.0,0.0059628394,13.335724,23.002018,38.250576,20541.535,38273.4,70252.33,42217.008
5572,Cook Out 400,Richmond Raceway,short,2025-08-16,USA,NBC,False,400,3,Austin Dillon,Richard Childress Racing,Bass Pro/Winchester,False,5.96,107,385,1,Running,1.39,0.2675,0.0,2.0,0.08878261,230.52434,338.77832,491.26923,259909.34,428025.28,689786.75,454206.1
5572,Cook Out 400,Richmond Raceway,short,2025-08-16,USA,NBC,False,400,48,Alex Bowman,Hendrick Motorsports,Ally,False,8.35,0,345,2,Running,1.39,0.0,0.0,5.0,0.037308868,93.31401,142.76215,211.79086,105865.77,179556.19,295204.7,191670.31
5572,Cook Out 400,Richmond Raceway,short,2025-08-16,USA,NBC,False,400,12,Ryan Blaney,Team Penske,BodyArmor Sports Drink,False,5.58,39,380,3,Running,1.39,0.0975,0.0,1.0,0.060956452,158.34924,236.0253,341.7427,177798.45,295545.56,477285.9,313095.84
5572,Cook Out 400,Richmond Raceway,short,2025-08-16,USA,NBC,False,400,22,Joey Logano,Team Penske,Shell Pennzoil,False,11.88,0,311,4,Running,1.39,0.0,0.0,10.0,0.029910222,77.02213,114.33848,167.82245,86890.8,144113.92,233135.66,153107.95
5572,Cook Out 400,Richmond Raceway,short,2025-08-16,USA,NBC,False,400,2,Austin Cindric,Team Penske,Menards\Richmond Water Heaters,False,7.85,2,393,5,Running,1.39,0.005,0.0,4.0,0.039297782,98.53164,150.76729,224.05246,111584.42,189680.25,311934.06,202217.2
5572,Cook Out 400,Richmond Raceway,short,2025-08-16,USA,NBC,False,400,5,Kyle Larson,Hendrick Motorsports,HendrickCars.com,False,13.69,9,303,6,Running,1.39,0.0225,0.0,13.0,0.030513553,80.49249,117.5916,169.30252,89539.305,147804.31,235110.7,155983.78
5572,Cook Out 400,Richmond Raceway,short,2025-08-16,USA,NBC,False,400,99,Daniel Suárez,Trackhouse Racing,Quaker State,False,7.75,1,355,7,Running,1.39,0.0025,0.0,3.0,0.039105944,97.65693,150.15585,223.65257,110779.84,188835.16,311478.94,201332.42
5572,Cook Out 400,Richmond Raceway,short,2025-08-16,USA,NBC,False,400,21,Josh Berry,Wood Brothers Racing,eero,False,11.37,0,338,8,Running,1.39,0.0,0.0,7.0,0.030899778,79.08101,118.16406,173.42555,89537.88,148835.28,240873.97,158135.66
5572,Cook Out 400,Richmond Raceway,short,2025-08-16,USA,NBC,False,400,6,Brad Keselowski,RFK Racing,BuildSubmarines.com,False,11.43,2,325,9,Running,1.39,0.005,0.0,8.0,0.031639837,81.38617,120.88891,177.763,91696.79,152763.6,244939.25,161848.61
5572,Cook Out 400,Richmond Raceway,short,2025-08-16,USA,NBC,False,400,11,Denny Hamlin,Joe Gibbs Racing,Progressive,False,13.54,0,262,10,Running,1.39,0.0,0.0,12.0,0.02694944,69.76159,103.34799,151.36993,78425.375,130366.12,207817.39,137870.47
5572,Cook Out 400,Richmond Raceway,short,2025-08-16,USA,NBC,False,400,38,Zane Smith,Front Row Motorsports,Long John Silver's,False,19.98,0,113,11,Running,1.39,0.0,0.0,20.0,0.018022327,47.27918,69.13579,100.363625,52740.793,86424.984,139052.55,92253.695
5572,Cook Out 400,Richmond Raceway,short,2025-08-16,USA,NBC,False,400,24,William Byron,Hendrick Motorsports,Liberty University,False,11.76,0,323,12,Running,1.39,0.0,0.0,9.0,0.030146623,77.43417,115.22426,169.06566,87439.59,145147.33,235092.3,154275.89
5572,Cook Out 400,Richmond Raceway,short,2025-08-16,USA,NBC,False,400,19,Chase Briscoe,Joe Gibbs Racing,Bass Pro Shops,False,15.02,0,231,13,Running,1.39,0.0,0.0,15.0,0.02456133,64.51758,94.60306,137.73112,72254.95,118252.7,190035.94,125623.62
5572,Cook Out 400,Richmond Raceway,short,2025-08-16,USA,NBC,False,400,88,Shane Van Gisbergen,Trackhouse Racing,WeatherTech,False,18.91,0,150,14,Running,1.39,0.0,0.0,19.0,0.01923435,50.772064,73.755165,107.06476,56632.12,92516.35,148917.56,98568.69
5572,Cook Out 400,Richmond Raceway,short,2025-08-16,USA,NBC,False,400,77,Carson Hocevar,Spire Motorsports,Delaware Life,False,14.74,10,186,15,Running,1.39,0.025,0.0,14.0,0.029215962,77.11593,112.39549,161.2504,86163.305,141085.9,223847.69,149415.94
5572,Cook Out 400,Richmond Raceway,short,2025-08-16,USA,NBC,False,400,8,Kyle Busch,Richard Childress Racing,Rebel Bourbon,False,23.9,0,62,16,Running,1.39,0.0,0.0,26.0,0.01411478,36.18725,54.469723,80.13967,41131.668,67477.32,110494.97,72517.28
5572,Cook Out 400,Richmond Raceway,short,2025-08-16,USA,NBC,False,400,71,Michael McDowell,Spire Motorsports,Workforce,False,17.57,6,111,17,Running,1.39,0.015,0.0,16.0,0.023467172,62.278633,90.0613,129.39697,69552.78,113263.94,180310.25,120062.664
5572,Cook Out 400,Richmond Raceway,short,2025-08-16,USA,NBC,False,400,54,Ty Gibbs,Joe Gibbs Racing,SiriusXM,False,24.94,0,81,18,Running,1.39,0.0,0.0,29.0,0.013222754,33.81232,51.19453,74.97402,38199.24,63375.29,104206.65,68064.15
5572,Cook Out 400,Richmond Raceway,short,2025-08-16,USA,NBC,False,400,1,Ross Chastain,Trackhouse Racing,Jockey Infinite Cool Underwear,False,20.78,0,60,19,Running,1.39,0.0,0.0,22.0,0.017154563,44.96163,65.93289,95.351746,50092.336,82037.33,133067.58,87810.27
5572,Cook Out 400,Richmond Raceway,short,2025-08-16,USA,NBC,False,400,10,Ty Dillon,Kaulig Racing,Sea Best,False,23.7,0,7,20,Running,1.39,0.0,0.0,25.0,0.014296707,36.687897,55.125015,80.999985,41683.01,68337.414,111776.21,73408.18
5572,Cook Out 400,Richmond Raceway,short,2025-08-16,USA,NBC,False,400,20,Christopher Bell,Joe Gibbs Racing,DEWALT,False,12.95,0,269,21,Running,1.39,0.0,0.0,11.0,0.027971052,72.02584,107.225975,156.89307,81168.71,135299.95,216274.25,143095.81
5572,Cook Out 400,Richmond Raceway,short,2025-08-16,USA,NBC,False,400,16,AJ Allmendinger,Kaulig Racing,Black's Tire,False,21.12,0,112,22,Running,1.39,0.0,0.0,23.0,0.016783398,43.939552,64.64997,93.50618,49021.633,80391.55,130659.234,85990.42
5572,Cook Out 400,Richmond Raceway,short,2025-08-16,USA,NBC,False,400,47,Ricky Stenhouse Jr,HYAK Motorsports,Ram Self Storage,False,28.54,0,16,23,Running,1.39,0.0,0.0,32.0,0.0105618425,26.249432,40.818462,62.05934,29927.64,50456.914,85056.336,54743.64
5572,Cook Out 400,Richmond Raceway,short,2025-08-16,USA,NBC,False,400,41,Cole Custer,Haas Factory Team,HaasTooling.com,False,24.04,0,32,24,Running,1.39,0.0,0.0,27.0,0.013989638,35.898674,54.01568,79.418495,40738.03,66881.7,109595.22,71900.45
5572,Cook Out 400,Richmond Raceway,short,2025-08-16,USA,NBC,False,400,34,Todd Gilliland,Front Row Motorsports,Love's Travel Stops,False,24.36,0,27,25,Running,1.39,0.0,0.0,28.0,0.01371023,35.130787,53.05726,77.78789,39844.4,65687.59,107687.46,70510.95
5572,Cook Out 400,Richmond Raceway,short,2025-08-16,USA,NBC,False,400,43,Erik Jones,Legacy Motor Club,Dollar Tree,False,20.33,0,17,26,Running,1.39,0.0,0.0,21.0,0.01763277,46.297546,67.69241,97.92232,51481.23,84551.11,136410.92,90281.375
5572,Cook Out 400,Richmond Raceway,short,2025-08-16,USA,NBC,False,400,4,Noah Gragson,Front Row Motorsports,ArmorGuard,False,28.47,0,0,27,Running,1.39,0.0,0.0,31.0,0.010608381,26.36684,41.00551,62.33097,30048.994,50708.6,85333.51,54974.625
5572,Cook Out 400,Richmond Raceway,short,2025-08-16,USA,NBC,False,400,23,Bubba Wallace,23XI Racing,Leidos,False,10.63,123,284,28,Running,1.39,0.3075,0.0,6.0,0.08398472,215.44913,319.69812,472.74713,246531.06,399720.9,655558.6,431003.06
5572,Cook Out 400,Richmond Raceway,short,2025-08-16,USA,NBC,False,400,67,Corey Heim,23XI Racing,Robinhood,False,33.61,0,0,29,Running,1.39,0.0,0.0,37.0,0.0077048396,18.176937,29.713089,47.136932,20998.414,36920.18,64960.14,40451.664
5572,Cook Out 400,Richmond Raceway,short,2025-08-16,USA,NBC,False,400,17,Chris Buescher,RFK Racing,Fifth Third Bank,False,21.5,0,46,30,Running,1.39,0.0,0.0,24.0,0.016386725,42.81195,63.12684,91.748795,47897.73,78436.81,127604.945,84003.29
5572,Cook Out 400,Richmond Raceway,short,2025-08-16,USA,NBC,False,400,35,Riley Herbst,23XI Racing,Monster Energy,False,31.71,0,0,31,Running,1.39,0.0,0.0,34.0,0.008673627,21.01857,33.45352,51.98582,24146.877,41678.297,72094.46,45282.55
5572,Cook Out 400,Richmond Raceway,short,2025-08-16,USA,NBC,False,400,51,Cody Ware,Rick Ware Racing,Arrowhead Brass,False,35.32,0,1,32,Running,1.39,0.0,0.0,38.0,0.0069240257,15.994822,26.708502,43.206837,18405.371,33382.547,59598.543,36567.457
5572,Cook Out 400,Richmond Raceway,short,2025-08-16,USA,NBC,False,400,33,Jesse Love,Richard Childress Racing,C4 Energy,False,33.59,0,0,33,Running,1.39,0.0,0.0,36.0,0.0077139903,18.206194,29.755486,47.1774,21028.764,36963.938,65032.91,40499.598
5572,Cook Out 400,Richmond Raceway,short,2025-08-16,USA,NBC,False,400,45,Tyler Reddick,23XI Racing,Chumba Casino,False,17.99,41,184,34,Running,1.39,0.1025,0.0,17.0,0.037713155,97.85083,143.9831,208.83531,111004.33,180475.81,291233.78,192782.14
5572,Cook Out 400,Richmond Raceway,short,2025-08-16,USA,NBC,False,400,60,Ryan Preece,RFK Racing,Kroger/Kleenex,False,18.09,60,178,35,Running,1.39,0.15,0.0,18.0,0.045653693,116.16139,173.09972,255.23807,132958.19,217788.62,354609.84,233111.08
5572,Cook Out 400,Richmond Raceway,short,2025-08-16,USA,NBC,False,400,42,John H. Nemechek,Legacy Motor Club,Pye Barker Fire & Safety,False,31.89,0,0,36,Running,1.39,0.0,0.0,35.0,0.008579824,20.723635,33.082962,51.588085,23857.162,41284.875,71413.08,44799.85
5572,Cook Out 400,Richmond Raceway,short,2025-08-16,USA,NBC,False,400,7,Justin Haley,Spire Motorsports,Gainbridge Super League,False,30.43,0,33,37,Accident,1.39,0.0,1.0,33.0,0.021613102,52.0326,81.28473,127.09785,59277.57,102290.17,171455.34,110479.57
5572,Cook Out 400,Richmond Raceway,short,2025-08-16,USA,NBC,False,400,9,Chase Elliott,Hendrick Motorsports,UniFirst,False,27.55,0,80,38,Accident,1.39,0.0,1.0,30.0,0.023411054,57.489864,88.72248,136.04004,64842.605,111026.375,184134.95,119710.84
5574,Coke Zero Sugar 400,Daytona International Speedway,superspeedway,2025-08-23,NBC,NBC,True,160,12,Ryan Blaney,Team Penske,Advance Auto Parts,False,15.97,27,71,1,Running,3.297,0.16875,0.0,15.0,0.049213443,126.36405,187.62244,274.41177,341830.62,559282.3,913887.4,597860.2
5574,Coke Zero Sugar 400,Daytona International Speedway,superspeedway,2025-08-23,NBC,NBC,True,160,99,Daniel Suárez,Trackhouse Racing,Coca-Cola,False,13.87,6,82,2,Running,3.297,0.0375,0.0,11.0,0.031481326,83.03958,121.47803,174.57362,221499.69,361763.16,579252.44,382807.66
5574,Coke Zero Sugar 400,Daytona International Speedway,superspeedway,2025-08-23,NBC,NBC,True,160,7,Justin Haley,Spire Motorsports,Gainbridge,False,12.7,2,97,3,Running,3.297,0.0125,0.0,7.0,0.029495284,76.132545,112.84163,165.65848,204513.95,340018.12,542476.44,358373.22
5574,Coke Zero Sugar 400,Daytona International Speedway,superspeedway,2025-08-23,NBC,NBC,True,160,41,Cole Custer,Haas Factory Team,Haas/Bonanza,False,17.26,7,76,4,Running,3.297,0.04375,0.0,17.0,0.027604703,72.970695,105.98306,152.49007,195174.14,317000.5,502971.47,335321.53
5574,Coke Zero Sugar 400,Daytona International Speedway,superspeedway,2025-08-23,NBC,NBC,True,160,43,Erik Jones,Legacy Motor Club,Dollar Tree,False,15.21,10,79,5,Running,3.297,0.0625,0.0,14.0,0.033422016,87.76084,128.55397,184.10852,236141.14,384965.0,609930.8,405950.88
5574,Coke Zero Sugar 400,Daytona International Speedway,superspeedway,2025-08-23,NBC,NBC,True,160,5,Kyle Larson,Hendrick Motorsports,HendrickCars.com,False,10.36,3,128,6,Running,3.297,0.01875,0.0,3.0,0.03477531,89.56671,134.14096,195.58229,239609.56,401450.62,642987.44,424081.8
5574,Coke Zero Sugar 400,Daytona International Speedway,superspeedway,2025-08-23,NBC,NBC,True,160,17,Chris Buescher,RFK Racing,Fifth Third Bank,False,10.95,0,129,7,Running,3.297,0.0,0.0,4.0,0.030634223,77.50853,117.73021,173.84262,209569.89,350584.47,572957.06,373546.22
5574,Coke Zero Sugar 400,Daytona International Speedway,superspeedway,2025-08-23,NBC,NBC,True,160,54,Ty Gibbs,Joe Gibbs Racing,Monster Energy,False,17.31,0,76,8,Running,3.297,0.0,0.0,18.0,0.020566437,54.284523,79.24916,115.298,143096.14,235421.06,377616.16,250040.14
5574,Coke Zero Sugar 400,Daytona International Speedway,superspeedway,2025-08-23,NBC,NBC,True,160,21,Josh Berry,Wood Brothers Racing,DEX Imaging,False,14.91,0,78,9,Running,3.297,0.0,0.0,13.0,0.023931805,62.453835,91.85974,134.09114,165883.94,274817.94,439044.44,290675.8
5574,Coke Zero Sugar 400,Daytona International Speedway,superspeedway,2025-08-23,NBC,NBC,True,160,9,Chase Elliott,Hendrick Motorsports,NAPA Auto Parts,False,13.96,0,99,10,Running,3.297,0.0,0.0,12.0,0.025404071,65.659256,97.351494,142.75468,175445.69,292308.4,468737.56,308620.94
5574,Coke Zero Sugar 400,Daytona International Speedway,superspeedway,2025-08-23,NBC,NBC,True,160,34,Todd Gilliland,Front Row Motorsports,Grillo's Pickles,False,18.4,0,60,11,Running,3.297,0.0,0.0,23.0,0.019189421,50.66633,73.84015,107.06674,133929.66,219037.62,351343.84,233594.86
5574,Coke Zero Sugar 400,Daytona International Speedway,superspeedway,2025-08-23,NBC,NBC,True,160,71,Michael McDowell,Spire Motorsports,Fly Alliance,False,12.28,3,111,12,Running,3.297,0.01875,0.0,6.0,0.03122415,80.91847,119.50009,175.65094,216676.58,359331.12,572867.0,379467.38
5574,Coke Zero Sugar 400,Daytona International Speedway,superspeedway,2025-08-23,NBC,NBC,True,160,20,Christopher Bell,Joe Gibbs Racing,Rheem,False,13.14,4,115,13,Running,3.297,0.025,0.0,9.0,0.03074289,80.38794,117.84774,171.53308,214533.02,354470.44,566189.1,373328.78
5574,Coke Zero Sugar 400,Daytona International Speedway,superspeedway,2025-08-23,NBC,NBC,True,160,60,Ryan Preece,RFK Racing,Kroger/Little Bites/Capri Sun,False,9.32,3,134,14,Running,3.297,0.01875,0.0,2.0,0.036898993,94.22718,142.64456,209.59491,252033.28,424345.44,693867.25,450741.94
5574,Coke Zero Sugar 400,Daytona International Speedway,superspeedway,2025-08-23,NBC,NBC,True,160,1,Ross Chastain,Trackhouse Racing,Safety Culture,False,12.93,7,103,15,Running,3.297,0.04375,0.0,8.0,0.034053296,89.1492,131.44507,189.60544,238953.27,390951.72,626076.44,413893.72
5574,Coke Zero Sugar 400,Daytona International Speedway,superspeedway,2025-08-23,NBC,NBC,True,160,88,Shane Van Gisbergen,Trackhouse Racing,Red Bull,False,20.19,6,43,16,Running,3.297,0.0375,0.0,24.0,0.0231813,61.263847,89.01619,128.68626,163379.86,264890.7,423858.12,281431.62
5574,Coke Zero Sugar 400,Daytona International Speedway,superspeedway,2025-08-23,NBC,NBC,True,160,42,John H. Nemechek,Legacy Motor Club,Pye Barker Fire & Safety,False,17.56,7,55,17,Running,3.297,0.04375,0.0,22.0,0.0272156,71.97364,104.51103,150.36366,192473.62,311923.78,496258.94,330662.97
5574,Coke Zero Sugar 400,Daytona International Speedway,superspeedway,2025-08-23,NBC,NBC,True,160,6,Brad Keselowski,RFK Racing,Consumer Cellular,False,11.55,0,111,18,Running,3.297,0.0,0.0,5.0,0.02950001,75.24187,113.09061,166.95654,202431.66,337268.34,549565.1,359548.4
5574,Coke Zero Sugar 400,Daytona International Speedway,superspeedway,2025-08-23,NBC,NBC,True,160,24,William Byron,Hendrick Motorsports,Liberty University,False,17.44,5,79,19,Running,3.297,0.03125,0.0,21.0,0.02540111,67.01708,97.55354,140.36421,179090.64,292724.12,462617.22,308372.7
5574,Coke Zero Sugar 400,Daytona International Speedway,superspeedway,2025-08-23,NBC,NBC,True,160,51,Cody Ware,Rick Ware Racing,Arby's Jamocha Shake,False,17.33,23,64,20,Running,3.297,0.14375,0.0,19.0,0.04343696,111.774345,165.50275,241.91513,301369.7,494011.8,804205.2,527366.75
5574,Coke Zero Sugar 400,Daytona International Speedway,superspeedway,2025-08-23,NBC,NBC,True,160,45,Tyler Reddick,23XI Racing,McDonald's,False,20.7,0,32,21,Running,3.297,0.0,0.0,25.0,0.016661968,43.736794,63.8415,93.30085,115788.06,189639.08,306540.03,202506.34
5574,Coke Zero Sugar 400,Daytona International Speedway,superspeedway,2025-08-23,NBC,NBC,True,160,10,Ty Dillon,Kaulig Racing,Sea Best,False,17.18,9,60,22,Running,3.297,0.05625,0.0,16.0,0.029727519,78.499146,114.40368,163.70059,209007.42,340383.47,542039.75,360722.1
5574,Coke Zero Sugar 400,Daytona International Speedway,superspeedway,2025-08-23,NBC,NBC,True,160,19,Chase Briscoe,Joe Gibbs Racing,Bass Pro Shops,False,13.4,6,110,23,Running,3.297,0.0375,0.0,10.0,0.03223493,84.78107,124.609024,179.59444,227303.28,371416.62,593036.06,392167.75
5574,Coke Zero Sugar 400,Daytona International Speedway,superspeedway,2025-08-23,NBC,NBC,True,160,3,Austin Dillon,Richard Childress Racing,BREZTRI,False,17.43,4,63,24,Running,3.297,0.025,0.0,20.0,0.024410523,64.482735,93.85892,134.98755,171933.27,281657.6,445395.16,296456.6
5574,Coke Zero Sugar 400,Daytona International Speedway,superspeedway,2025-08-23,NBC,NBC,True,160,11,Denny Hamlin,Joe Gibbs Racing,King's Hawaiian,False,25.47,0,24,25,Running,3.297,0.0,0.0,29.0,0.012357665,31.914305,47.856842,70.088615,85041.87,140537.64,230118.72,151075.4
5574,Coke Zero Sugar 400,Daytona International Speedway,superspeedway,2025-08-23,NBC,NBC,True,160,16,AJ Allmendinger,Kaulig Racing,Celsius,False,22.11,0,27,26,Running,3.297,0.0,0.0,26.0,0.015267465,39.92208,58.5283,85.31668,106480.61,173235.25,281902.9,185622.02
5574,Coke Zero Sugar 400,Daytona International Speedway,superspeedway,2025-08-23,NBC,NBC,True,160,22,Joey Logano,Team Penske,Shell Pennzoil,False,8.55,27,128,27,Running,3.297,0.16875,0.0,1.0,0.06271722,163.78244,241.31609,349.21533,438201.3,719513.5,1.1475368e+06,761422.25
5574,Coke Zero Sugar 400,Daytona International Speedway,superspeedway,2025-08-23,NBC,NBC,True,160,44,Joey Gase,NY Racing Team,NFPA,True,30.58,0,1,28,Running,3.297,0.0,0.0,33.0,0.008948809,22.216127,34.80779,52.909443,60094.258,102165.81,172754.95,110907.22
5574,Coke Zero Sugar 400,Daytona International Speedway,superspeedway,2025-08-23,NBC,NBC,True,160,66,Casey Mears,Garage 66,S I Yachts,False,30.55,0,1,29,Running,3.297,0.0,0.0,32.0,0.008966012,22.265045,34.857613,52.98984,60226.42,102345.68,173038.77,111107.14
5574,Coke Zero Sugar 400,Daytona International Speedway,superspeedway,2025-08-23,NBC,NBC,True,160,33,Austin Hill,Richard Childress Racing,United Rentals,False,27.64,0,21,30,Running,3.297,0.0,0.0,30.0,0.01075949,27.393032,41.724274,61.63512,73320.31,122994.71,203684.97,132411.75
5574,Coke Zero Sugar 400,Daytona International Speedway,superspeedway,2025-08-23,NBC,NBC,True,160,38,Zane Smith,Front Row Motorsports,Aaron's Rent to Own,False,29.84,0,4,31,Running,3.297,0.0,0.0,31.0,0.009373954,23.422148,36.442986,54.97413,63171.676,106969.04,179336.66,115948.555
5574,Coke Zero Sugar 400,Daytona International Speedway,superspeedway,2025-08-23,NBC,NBC,True,160,78,BJ McLeod,Live Fast Motorsports,Pigeon Forge Racing Coaster,False,24.85,0,8,32,Accident,3.297,0.0,1.0,27.0,0.024244051,61.37692,92.31651,138.62848,162894.97,273524.7,445979.7,293841.56
5574,Coke Zero Sugar 400,Daytona International Speedway,superspeedway,2025-08-23,NBC,NBC,True,160,8,Kyle Busch,Richard Childress Racing,Cheddar's Scratch Kitchen,False,30.96,0,26,33,Running,3.297,0.0,0.0,34.0,0.008736854,21.606773,33.98754,51.9189,58528.914,99746.47,169497.31,108408.61
5574,Coke Zero Sugar 400,Daytona International Speedway,superspeedway,2025-08-23,NBC,NBC,True,160,77,Carson Hocevar,Spire Motorsports,Modo Casino,False,25.23,0,35,34,Engine,3.297,0.0,0.0,28.0,0.012553474,32.370026,48.521194,71.11783,86350.09,142688.06,233466.12,153303.02
5574,Coke Zero Sugar 400,Daytona International Speedway,superspeedway,2025-08-23,NBC,NBC,True,160,47,Ricky Stenhouse Jr,HYAK Motorsports,Jack Links Duos,False,33.01,0,7,35,Accident,3.297,0.0,1.0,37.0,0.019244503,46.50802,72.45598,112.36022,125354.766,216138.16,360577.1,232854.78
5574,Coke Zero Sugar 400,Daytona International Speedway,superspeedway,2025-08-23,NBC,NBC,True,160,48,Alex Bowman,Hendrick Motorsports,Ally,False,32.61,0,8,36,Accident,3.297,0.0,1.0,36.0,0.01943471,47.11331,73.29885,113.33956,126837.36,218274.6,364048.47,235168.1
5574,Coke Zero Sugar 400,Daytona International Speedway,superspeedway,2025-08-23,NBC,NBC,True,160,23,Bubba Wallace,23XI Racing,Columbia,False,31.48,1,26,37,Accident,3.297,0.00625,1.0,35.0,0.021009888,51.44516,79.471756,121.313835,139540.45,235691.6,390432.3,254097.27
5574,Coke Zero Sugar 400,Daytona International Speedway,superspeedway,2025-08-23,NBC,NBC,True,160,4,Noah Gragson,Front Row Motorsports,Zep,False,33.76,0,13,38,Accident,3.297,0.0,1.0,38.0,0.018906336,45.462936,71.11863,110.63595,122808.49,211721.06,354438.47,228670.77
5574,Coke Zero Sugar 400,Daytona International Speedway,superspeedway,2025-08-23,NBC,NBC,True,160,2,Austin Cindric,Team Penske,Menards/Maytag,False,34.58,0,16,39,Accident,3.297,0.0,1.0,39.0,0.018566186,44.448845,69.75217,108.914085,119961.22,207098.62,347711.28,224315.6
5574,Coke Zero Sugar 400,Daytona International Speedway,superspeedway,2025-08-23,NBC,NBC,True,160,35,Riley Herbst,23XI Racing,Chumba Casino,False,37.25,0,0,40,Accident,3.297,0.0,1.0,40.0,0.017550282,41.279736,65.697845,103.39222,112053.24,194993.73,331593.0,211582.89
5575,Cook Out Southern 500,Darlington Raceway,intermediate,2025-08-31,USA,NBC,False,367,19,Chase Briscoe,Joe Gibbs Racing,Bass Pro Shops,False,1.76,309,363,1,Running,1.88,0.8419618528610354,0.0,1.0,0.20084676,510.97833,766.2745,1146.4156,790751.1,1.2932286e+06,2.1398722e+06,1.3970831e+06
5575,Cook Out Southern 500,Darlington Raceway,intermediate,2025-08-31,USA,NBC,False,367,45,Tyler Reddick,23XI Racing,Pinnacle,False,4.59,3,351,2,Running,1.88,0.008174386920980926,0.0,2.0,0.048082367,118.30493,184.26694,277.71027,182539.11,313571.62,521097.2,334964.75
5575,Cook Out Southern 500,Darlington Raceway,intermediate,2025-08-31,USA,NBC,False,367,43,Erik Jones,Legacy Motor Club,Dollar Tree,False,8.52,0,300,3,Running,1.88,0.0,0.0,5.0,0.036490433,91.57581,139.681,204.49876,140355.22,236928.34,387048.94,252762.31
5575,Cook Out Southern 500,Darlington Raceway,intermediate,2025-08-31,USA,NBC,False,367,42,John H. Nemechek,Legacy Motor Club,Pye Barker Fire & Safety,False,8.61,15,312,4,Running,1.88,0.04087193460490463,0.0,7.0,0.043387022,113.2101,167.53572,242.03773,170426.72,284100.38,453364.28,300176.28
5575,Cook Out Southern 500,Darlington Raceway,intermediate,2025-08-31,USA,NBC,False,367,16,AJ Allmendinger,Kaulig Racing,Black's Tire,False,11.32,0,225,5,Running,1.88,0.0,0.0,9.0,0.030611143,78.616135,117.069275,171.27582,119709.44,199754.75,320117.12,211597.19
5575,Cook Out Southern 500,Darlington Raceway,intermediate,2025-08-31,USA,NBC,False,367,23,Bubba Wallace,23XI Racing,U.S. Air Force,False,6.18,10,360,6,Running,1.88,0.027247956403269755,0.0,4.0,0.0470287,119.26854,180.05289,265.59894,181327.81,306445.3,499177.06,326147.97
5575,Cook Out Southern 500,Darlington Raceway,intermediate,2025-08-31,USA,NBC,False,367,11,Denny Hamlin,Joe Gibbs Racing,SportClips Haircuts,False,9.38,12,303,7,Running,1.88,0.0326975476839237,0.0,8.0,0.040280405,105.376274,154.90216,224.58115,158123.02,263825.44,420448.28,278382.34
5575,Cook Out Southern 500,Darlington Raceway,intermediate,2025-08-31,USA,NBC,False,367,8,Kyle Busch,Richard Childress Racing,Morgan & Morgan,False,15.5,0,226,8,Running,1.88,0.0,0.0,14.0,0.023496877,61.83342,90.38364,131.19745,93282.95,152796.94,246197.36,162720.62
5575,Cook Out Southern 500,Darlington Raceway,intermediate,2025-08-31,USA,NBC,False,367,77,Carson Hocevar,Spire Motorsports,Chili's Ride the 'Dente,False,15.23,0,198,9,Running,1.88,0.0,0.0,13.0,0.023895632,62.823875,91.887146,133.3401,94890.68,155683.36,250692.83,165488.58
5575,Cook Out Southern 500,Darlington Raceway,intermediate,2025-08-31,USA,NBC,False,367,17,Chris Buescher,RFK Racing,Kroger/Tree Top,False,16.92,0,199,10,Running,1.88,0.0,0.0,18.0,0.021452874,56.74282,82.57855,119.73163,85547.65,140179.1,225150.88,148942.23
5575,Cook Out Southern 500,Darlington Raceway,intermediate,2025-08-31,USA,NBC,False,367,1,Ross Chastain,Trackhouse Racing,Busch Light Retro,False,5.55,3,354,11,Running,1.88,0.008174386920980926,0.0,3.0,0.045346897,112.84279,173.76416,261.0657,172596.27,295170.1,487818.7,315472.38
5575,Cook Out Southern 500,Darlington Raceway,intermediate,2025-08-31,USA,NBC,False,367,2,Austin Cindric,Team Penske,Discount Tire,False,13.07,0,248,12,Running,1.88,0.0,0.0,10.0,0.027377896,71.26911,105.16067,153.55702,107635.29,178474.38,286332.9,189487.84
5575,Cook Out Southern 500,Darlington Raceway,intermediate,2025-08-31,USA,NBC,False,367,38,Zane Smith,Front Row Motorsports,TitleMax,False,25.17,0,36,13,Running,1.88,0.0,0.0,27.0,0.012900278,32.635803,49.710854,73.71406,50015.01,83239.03,138562.64,89752.7
5575,Cook Out Southern 500,Darlington Raceway,intermediate,2025-08-31,USA,NBC,False,367,4,Noah Gragson,Front Row Motorsports,Long John Silver's,False,20.07,0,59,14,Running,1.88,0.0,0.0,23.0,0.01771155,46.24869,68.119896,98.469086,69922.82,114398.266,185824.86,122565.805
5575,Cook Out Southern 500,Darlington Raceway,intermediate,2025-08-31,USA,NBC,False,367,6,Brad Keselowski,RFK Racing,BuildSubmarines.com,False,28.02,0,9,15,Running,1.88,0.0,0.0,29.0,0.010807739,26.746128,41.57486,63.44806,41290.89,69729.484,117112.76,75571.45
5575,Cook Out Southern 500,Darlington Raceway,intermediate,2025-08-31,USA,NBC,False,367,60,Ryan Preece,RFK Racing,Trimble,False,16.58,0,199,16,Running,1.88,0.0,0.0,16.0,0.021914843,58.040504,84.40497,122.22689,87443.07,142824.56,230570.06,152125.8
5575,Cook Out Southern 500,Darlington Raceway,intermediate,2025-08-31,USA,NBC,False,367,9,Chase Elliott,Hendrick Motorsports,NAPA Auto Parts,False,17.66,8,100,17,Running,1.88,0.021798365122615803,0.0,20.0,0.02442283,64.269005,93.545135,133.81473,97416.51,158538.38,252676.55,168310.67
5575,Cook Out Southern 500,Darlington Raceway,intermediate,2025-08-31,USA,NBC,False,367,12,Ryan Blaney,Team Penske,Menards \ Dutch Boy,False,17.05,0,159,18,Running,1.88,0.0,0.0,19.0,0.021262657,56.282837,81.85108,118.770805,84771.5,139001.9,223637.47,147743.38
5575,Cook Out Southern 500,Darlington Raceway,intermediate,2025-08-31,USA,NBC,False,367,5,Kyle Larson,Hendrick Motorsports,HendrickCars.com,False,8.56,2,329,19,Running,1.88,0.005449591280653951,0.0,6.0,0.037383385,94.416176,143.17944,209.17653,144189.56,242549.72,395098.25,258633.56
5575,Cook Out Southern 500,Darlington Raceway,intermediate,2025-08-31,USA,NBC,False,367,22,Joey Logano,Team Penske,Shell Pennzoil,False,16.47,0,167,20,Running,1.88,0.0,0.0,15.0,0.022074226,58.408226,84.980774,123.14383,88070.91,143794.08,232053.53,153170.97
5575,Cook Out Southern 500,Darlington Raceway,intermediate,2025-08-31,USA,NBC,False,367,24,William Byron,Hendrick Motorsports,All-Pro Auto Reconditioning,False,14.52,0,254,21,Running,1.88,0.0,0.0,11.0,0.025026422,65.64381,96.31358,140.08292,99078.33,162857.97,262495.3,173004.7
5575,Cook Out Southern 500,Darlington Raceway,intermediate,2025-08-31,USA,NBC,False,367,54,Ty Gibbs,Joe Gibbs Racing,Monster Energy,False,15.02,0,205,22,Running,1.88,0.0,0.0,12.0,0.024233792,63.72512,93.16577,135.05225,96227.24,157592.19,253775.83,167675.3
5575,Cook Out Southern 500,Darlington Raceway,intermediate,2025-08-31,USA,NBC,False,367,3,Austin Dillon,Richard Childress Racing,BPS/Winchester Deer Season XP,False,19.32,0,109,23,Running,1.88,0.0,0.0,21.0,0.018547779,48.57289,71.257034,102.92897,73311.09,120331.87,193954.1,128366.0
5575,Cook Out Southern 500,Darlington Raceway,intermediate,2025-08-31,USA,NBC,False,367,41,Cole Custer,Haas Factory Team,Autodesk / HaasTooling Add-In,False,21.43,0,27,24,Running,1.88,0.0,0.0,24.0,0.016287163,42.2292,62.627556,91.16469,63953.543,104637.28,171540.1,112739.02
5575,Cook Out Southern 500,Darlington Raceway,intermediate,2025-08-31,USA,NBC,False,367,99,Daniel Suárez,Trackhouse Racing,Freeway Insurance,False,28.44,0,26,25,Running,1.88,0.0,0.0,30.0,0.010522226,26.03516,40.58601,61.74075,40053.84,67995.8,114553.58,73689.82
5575,Cook Out Southern 500,Darlington Raceway,intermediate,2025-08-31,USA,NBC,False,367,34,Todd Gilliland,Front Row Motorsports,Grillo's Pickles,False,27.16,0,15,26,Running,1.88,0.0,0.0,28.0,0.011415937,28.283428,44.00495,66.19401,43786.727,73556.78,122863.62,79584.016
5575,Cook Out Southern 500,Darlington Raceway,intermediate,2025-08-31,USA,NBC,False,367,7,Justin Haley,Spire Motorsports,Gainbridge,False,19.98,0,84,27,Running,1.88,0.0,0.0,22.0,0.017809626,46.609474,68.487564,98.96296,70179.08,114997.75,186714.88,123247.02
5575,Cook Out Southern 500,Darlington Raceway,intermediate,2025-08-31,USA,NBC,False,367,35,Riley Herbst,23XI Racing,Chumba Casino,False,28.55,0,2,28,Running,1.88,0.0,0.0,31.0,0.010448866,25.830408,40.303993,61.36411,39739.11,67633.57,113991.13,73205.23
5575,Cook Out Southern 500,Darlington Raceway,intermediate,2025-08-31,USA,NBC,False,367,20,Christopher Bell,Joe Gibbs Racing,Rheem,False,16.91,2,193,29,Running,1.88,0.005449591280653951,0.0,17.0,0.02241132,59.379665,86.280174,124.61331,89298.41,146631.78,235039.92,155549.69
5575,Cook Out Southern 500,Darlington Raceway,intermediate,2025-08-31,USA,NBC,False,367,47,Ricky Stenhouse Jr,HYAK Motorsports,Pudgy Penguins,False,29.85,0,6,30,Running,1.88,0.0,0.0,32.0,0.009632592,23.492067,37.122173,56.99411,36422.184,62408.625,106577.39,67725.36
5575,Cook Out Southern 500,Darlington Raceway,intermediate,2025-08-31,USA,NBC,False,367,48,Alex Bowman,Hendrick Motorsports,Ally,False,30.76,0,0,31,Running,1.88,0.0,0.0,33.0,0.009101665,21.884106,35.04479,54.268528,34108.45,59160.168,101754.555,64147.562
5575,Cook Out Southern 500,Darlington Raceway,intermediate,2025-08-31,USA,NBC,False,367,88,Shane Van Gisbergen,Trackhouse Racing,WeatherTech,False,23.64,3,46,32,Running,1.88,0.008174386920980926,0.0,26.0,0.015616018,40.06824,60.103783,87.92929,61098.793,100596.1,165061.77,108268.13
5575,Cook Out Southern 500,Darlington Raceway,intermediate,2025-08-31,USA,NBC,False,367,71,Michael McDowell,Spire Motorsports,Delaware Life,False,23.43,0,36,33,Running,1.88,0.0,0.0,25.0,0.014382257,36.764687,55.494743,81.2364,56486.1,92878.51,152487.34,99764.39
5575,Cook Out Southern 500,Darlington Raceway,intermediate,2025-08-31,USA,NBC,False,367,10,Ty Dillon,Kaulig Racing,Grizzly Nicotine Pouches,False,33.2,0,0,34,Running,1.88,0.0,0.0,34.0,0.0078059547,18.32989,30.08114,47.996853,28582.56,50605.46,89572.29,55502.797
5575,Cook Out Southern 500,Darlington Raceway,intermediate,2025-08-31,USA,NBC,False,367,66,Timmy Hill,Garage 66,Garage 66,False,35.72,0,0,35,Running,1.88,0.0,0.0,37.0,0.0066846446,15.1611805,25.75679,42.294666,23583.238,43553.883,78641.52,47851.812
5575,Cook Out Southern 500,Darlington Raceway,intermediate,2025-08-31,USA,NBC,False,367,44,Derek Kraus,NY Racing Team,,True,34.96,0,4,36,Mechanical,1.88,0.0,0.0,36.0,0.006996699,16.025743,26.986149,43.913963,24867.688,45700.055,81937.94,50034.684
5575,Cook Out Southern 500,Darlington Raceway,intermediate,2025-08-31,USA,NBC,False,367,51,Cody Ware,Rick Ware Racing,Parts Plus,False,33.73,0,1,37,Suspension,1.88,0.0,0.0,35.0,0.007551985,17.615564,29.085571,46.7082,27430.05,49075.023,87266.22,53792.79
5575,Cook Out Southern 500,Darlington Raceway,intermediate,2025-08-31,USA,NBC,False,367,21,Josh Berry,Wood Brothers Racing,Motorcraft \ Quick Lane,False,38.0,0,0,38,Running,1.88,0.0,0.0,38.0,0.0058020353,12.739015,22.240784,37.649803,19934.992,37890.1,70315.7,41885.45
5564,Enjoy Illinois 300,World Wide Technology Raceway,short,2025-09-07,USA,NBC,False,240,11,Denny Hamlin,Joe Gibbs Racing,Progressive,False,5.53,75,213,1,Running,1.525,0.3125,0.0,1.0,0.096623495,250.60843,368.4057,538.1451,311222.97,509129.34,827944.7,543481.6
5564,Enjoy Illinois 300,World Wide Technology Raceway,short,2025-09-07,USA,NBC,False,240,19,Chase Briscoe,Joe Gibbs Racing,Bass Pro Shops,False,13.92,15,116,2,Running,1.525,0.0625,0.0,12.0,0.036608752,96.43107,141.08443,202.54054,119644.27,193952.56,308423.88,205778.53
5564,Enjoy Illinois 300,World Wide Technology Raceway,short,2025-09-07,USA,NBC,False,240,9,Chase Elliott,Hendrick Motorsports,NAPA Auto Parts,False,10.34,4,169,3,Running,1.525,0.016666666666666666,0.0,7.0,0.03560784,92.68602,136.788,199.96404,114002.3,189792.75,302722.72,200290.08
5564,Enjoy Illinois 300,World Wide Technology Raceway,short,2025-09-07,USA,NBC,False,240,12,Ryan Blaney,Team Penske,Menards\Pennzoil,False,8.24,5,209,4,Running,1.525,0.020833333333333332,0.0,5.0,0.040920377,105.08565,157.91624,230.58383,130014.64,217370.0,349447.75,230619.2
5564,Enjoy Illinois 300,World Wide Technology Raceway,short,2025-09-07,USA,NBC,False,240,22,Joey Logano,Team Penske,Hunt Brothers Pizza,False,7.22,2,220,5,Running,1.525,0.008333333333333333,0.0,2.0,0.041246396,103.711494,158.75627,234.99611,129051.36,218952.97,358306.1,233166.5
5564,Enjoy Illinois 300,World Wide Technology Raceway,short,2025-09-07,USA,NBC,False,240,42,John H. Nemechek,Legacy Motor Club,Pye Barker Fire & Safety,False,11.32,0,156,6,Running,1.525,0.0,0.0,8.0,0.030873697,79.61282,117.95832,173.38173,98621.086,163550.44,263570.03,173575.69
5564,Enjoy Illinois 300,World Wide Technology Raceway,short,2025-09-07,USA,NBC,False,240,20,Christopher Bell,Joe Gibbs Racing,DEWALT,False,7.57,0,211,7,Running,1.525,0.0,0.0,3.0,0.039037313,97.58194,149.85284,222.89497,121733.82,206498.62,340006.2,220376.92
5564,Enjoy Illinois 300,World Wide Technology Raceway,short,2025-09-07,USA,NBC,False,240,23,Bubba Wallace,23XI Racing,McDonald's,False,7.61,73,202,8,Running,1.525,0.30416666666666664,0.0,4.0,0.089575574,232.379,342.6209,499.3017,290200.66,469592.56,766130.94,504287.2
5564,Enjoy Illinois 300,World Wide Technology Raceway,short,2025-09-07,USA,NBC,False,240,17,Chris Buescher,RFK Racing,Body Guard,False,12.48,0,203,9,Running,1.525,0.0,0.0,10.0,0.028723985,74.29674,110.088844,161.16364,91683.766,152588.23,244253.08,161305.31
5564,Enjoy Illinois 300,World Wide Technology Raceway,short,2025-09-07,USA,NBC,False,240,54,Ty Gibbs,Joe Gibbs Racing,SiriusXM,False,14.4,1,117,10,Running,1.525,0.004166666666666667,0.0,14.0,0.026127711,68.84622,100.63078,146.90384,84402.01,138542.81,221350.12,146848.88
5564,Enjoy Illinois 300,World Wide Technology Raceway,short,2025-09-07,USA,NBC,False,240,24,William Byron,Hendrick Motorsports,Z by HP,False,11.99,0,178,11,Running,1.525,0.0,0.0,9.0,0.029599294,76.51956,113.49089,166.67474,94734.914,156879.0,252668.6,166373.69
5564,Enjoy Illinois 300,World Wide Technology Raceway,short,2025-09-07,USA,NBC,False,240,5,Kyle Larson,Hendrick Motorsports,HendrickCars.com,False,8.5,52,191,12,Running,1.525,0.21666666666666667,0.0,6.0,0.07292777,189.85783,279.40222,404.15335,236498.42,384003.06,622202.5,410296.38
5564,Enjoy Illinois 300,World Wide Technology Raceway,short,2025-09-07,USA,NBC,False,240,60,Ryan Preece,RFK Racing,BuildSubmarines.com,False,24.35,0,28,13,Running,1.525,0.0,0.0,26.0,0.013680318,35.064373,52.950737,77.57173,43383.773,71856.62,118104.305,77300.27
5564,Enjoy Illinois 300,World Wide Technology Raceway,short,2025-09-07,USA,NBC,False,240,71,Michael McDowell,Spire Motorsports,Delaware Life,False,18.34,0,106,14,Running,1.525,0.0,0.0,18.0,0.019892909,52.399117,76.23068,110.84336,64274.324,105058.72,169148.3,111811.42
5564,Enjoy Illinois 300,World Wide Technology Raceway,short,2025-09-07,USA,NBC,False,240,77,Carson Hocevar,Spire Motorsports,Zeigler Auto Group,False,19.76,0,51,15,Running,1.525,0.0,0.0,21.0,0.018235216,47.7584,69.91105,101.22488,58508.383,95812.82,155085.55,102409.92
5564,Enjoy Illinois 300,World Wide Technology Raceway,short,2025-09-07,USA,NBC,False,240,45,Tyler Reddick,23XI Racing,Jordan Brand,False,17.03,0,133,16,Running,1.525,0.0,0.0,17.0,0.0215635,56.87435,82.96942,120.413506,69644.07,113896.0,183145.55,121289.25
5564,Enjoy Illinois 300,World Wide Technology Raceway,short,2025-09-07,USA,NBC,False,240,6,Brad Keselowski,RFK Racing,Consumer Cellular,False,14.72,13,142,17,Running,1.525,0.05416666666666667,0.0,15.0,0.033977162,89.38023,131.11058,187.04077,110721.766,179910.88,285512.2,190771.94
5564,Enjoy Illinois 300,World Wide Technology Raceway,short,2025-09-07,USA,NBC,False,240,3,Austin Dillon,Richard Childress Racing,Dow DayGlo,False,24.75,0,27,18,Running,1.525,0.0,0.0,27.0,0.013335601,34.081062,51.596542,75.6957,42156.418,70134.875,115408.92,75442.73
5564,Enjoy Illinois 300,World Wide Technology Raceway,short,2025-09-07,USA,NBC,False,240,2,Austin Cindric,Team Penske,Freightliner,False,13.71,0,155,19,Running,1.525,0.0,0.0,11.0,0.026596367,69.51619,102.151474,149.20193,85227.68,141199.97,225419.56,149282.12
5564,Enjoy Illinois 300,World Wide Technology Raceway,short,2025-09-07,USA,NBC,False,240,47,Ricky Stenhouse Jr,HYAK Motorsports,Ram Self Storage,False,24.97,0,28,20,Running,1.525,0.0,0.0,29.0,0.013150467,33.573376,50.935043,74.874435,41547.027,69185.92,113987.99,74441.195
5564,Enjoy Illinois 300,World Wide Technology Raceway,short,2025-09-07,USA,NBC,False,240,43,Erik Jones,Legacy Motor Club,Family Dollar,False,20.05,0,76,21,Running,1.525,0.0,0.0,23.0,0.017904937,47.00999,68.75647,99.49159,57441.89,94157.25,152418.81,100594.02
5564,Enjoy Illinois 300,World Wide Technology Raceway,short,2025-09-07,USA,NBC,False,240,8,Kyle Busch,Richard Childress Racing,Rebel Bourbon,False,19.97,0,58,22,Running,1.525,0.0,0.0,22.0,0.017998982,47.24452,69.03423,99.904335,57739.027,94647.62,153155.8,101091.54
5564,Enjoy Illinois 300,World Wide Technology Raceway,short,2025-09-07,USA,NBC,False,240,16,AJ Allmendinger,Kaulig Racing,Celsius,False,22.02,0,39,23,Running,1.525,0.0,0.0,24.0,0.01583304,41.03511,61.02263,88.898865,50563.01,83157.04,135474.75,89120.18
5564,Enjoy Illinois 300,World Wide Technology Raceway,short,2025-09-07,USA,NBC,False,240,1,Ross Chastain,Trackhouse Racing,Busch Light,False,14.19,0,155,24,Running,1.525,0.0,0.0,13.0,0.025793184,67.80942,99.33867,145.22511,83180.49,136797.42,219159.48,144848.27
5564,Enjoy Illinois 300,World Wide Technology Raceway,short,2025-09-07,USA,NBC,False,240,88,Shane Van Gisbergen,Trackhouse Racing,WeatherTech,False,24.05,0,30,25,Running,1.525,0.0,0.0,25.0,0.0139370095,35.767647,53.963005,79.25117,44278.05,73264.125,120214.51,78724.98
5564,Enjoy Illinois 300,World Wide Technology Raceway,short,2025-09-07,USA,NBC,False,240,48,Alex Bowman,Hendrick Motorsports,Ally,False,16.39,0,130,26,Running,1.525,0.0,0.0,16.0,0.02244832,59.43482,86.47711,125.167046,72349.61,118172.24,190527.28,126222.445
5564,Enjoy Illinois 300,World Wide Technology Raceway,short,2025-09-07,USA,NBC,False,240,41,Cole Custer,Haas Factory Team,Haas/Andy's,False,26.98,0,7,27,Running,1.525,0.0,0.0,30.0,0.011605596,29.017159,44.874355,67.14191,36253.28,61043.043,101437.92,65912.516
5564,Enjoy Illinois 300,World Wide Technology Raceway,short,2025-09-07,USA,NBC,False,240,7,Justin Haley,Spire Motorsports,Gainbridge,False,27.35,0,11,28,Running,1.525,0.0,0.0,31.0,0.011341713,28.28422,43.86113,66.03306,35373.99,59609.848,99637.08,64457.87
5564,Enjoy Illinois 300,World Wide Technology Raceway,short,2025-09-07,USA,NBC,False,240,51,Cody Ware,Rick Ware Racing,Parts Plus,False,32.18,0,0,29,Running,1.525,0.0,0.0,35.0,0.008398853,20.061064,32.370422,50.906834,25451.617,44222.754,77152.14,48283.285
5564,Enjoy Illinois 300,World Wide Technology Raceway,short,2025-09-07,USA,NBC,False,240,4,Noah Gragson,Front Row Motorsports,Beef a Roo,False,19.54,0,61,30,Running,1.525,0.0,0.0,20.0,0.018487725,48.509766,70.88904,102.846016,59194.465,97324.14,156789.52,103810.414
5564,Enjoy Illinois 300,World Wide Technology Raceway,short,2025-09-07,USA,NBC,False,240,35,Riley Herbst,23XI Racing,Monster Energy,False,24.77,0,20,31,Running,1.525,0.0,0.0,28.0,0.013319157,34.039116,51.552254,75.63037,42101.6,70057.67,115258.125,75351.04
5564,Enjoy Illinois 300,World Wide Technology Raceway,short,2025-09-07,USA,NBC,False,240,34,Todd Gilliland,Front Row Motorsports,Morton Buildings,False,28.17,0,3,32,Running,1.525,0.0,0.0,32.0,0.0107662175,26.813032,41.700417,63.490334,33431.414,56628.098,95336.03,61353.266
5564,Enjoy Illinois 300,World Wide Technology Raceway,short,2025-09-07,USA,NBC,False,240,38,Zane Smith,Front Row Motorsports,Long John Silver's,False,18.6,0,113,33,Running,1.525,0.0,0.0,19.0,0.019589784,51.63671,75.114395,109.43706,63101.477,103368.41,166322.34,110024.45
5564,Enjoy Illinois 300,World Wide Technology Raceway,short,2025-09-07,USA,NBC,False,240,10,Ty Dillon,Kaulig Racing,DraftKings,False,30.96,0,0,34,Accident,1.525,0.0,1.0,33.0,0.021138258,50.900146,79.65021,124.04083,63707.867,109772.83,184365.72,118604.76
5564,Enjoy Illinois 300,World Wide Technology Raceway,short,2025-09-07,USA,NBC,False,240,99,Daniel Suárez,Trackhouse Racing,Choice Privileges Waffle,False,31.21,0,10,35,Accident,1.525,0.0,1.0,34.0,0.020990483,50.520805,79.07556,123.39172,63201.81,108957.75,183171.7,117837.516
5564,Enjoy Illinois 300,World Wide Technology Raceway,short,2025-09-07,USA,NBC,False,240,21,Josh Berry,Wood Brothers Racing,Motorcraft \ Quick Lane,False,32.63,0,32,36,Accident,1.525,0.0,1.0,36.0,0.020269964,48.42138,76.14731,119.503204,60412.707,104780.27,177564.72,113699.35
5578,Bass Pro Shops Night Race,Bristol Motor Speedway,short,2025-09-13,USA,NBC,False,500,20,Christopher Bell,Joe Gibbs Racing,DEWALT,False,11.38,12,353,1,Running,1.536,0.024,0.0,10.0,0.03404534,89.27193,131.21364,190.30083,110016.664,183212.72,291186.3,192537.75
5578,Bass Pro Shops Night Race,Bristol Motor Speedway,short,2025-09-13,USA,NBC,False,500,6,Brad Keselowski,RFK Racing,Castrol / TravelCenters of America,False,8.77,33,435,2,Running,1.536,0.066,0.0,5.0,0.046444558,121.4156,179.41628,258.01376,151216.25,248574.22,396622.9,262797.16
5578,Bass Pro Shops Night Race,Bristol Motor Speedway,short,2025-09-13,USA,NBC,False,500,38,Zane Smith,Front Row Motorsports,Long John Silver's,False,7.87,5,442,3,Running,1.536,0.01,0.0,3.0,0.039034657,98.602295,149.96277,221.1075,123485.36,208448.44,341058.16,221930.78
5578,Bass Pro Shops Night Race,Bristol Motor Speedway,short,2025-09-13,USA,NBC,False,500,12,Ryan Blaney,Team Penske,Menards \ Sylvania,False,7.2,30,473,4,Running,1.536,0.06,0.0,2.0,0.04910061,127.145035,189.70464,275.14496,157779.31,262512.6,423506.06,278355.62
5578,Bass Pro Shops Night Race,Bristol Motor Speedway,short,2025-09-13,USA,NBC,False,500,22,Joey Logano,Team Penske,Shell Pennzoil,False,16.17,7,214,5,Running,1.536,0.014,0.0,16.0,0.024516307,64.77622,94.57251,136.0766,80220.5,131005.56,208008.83,138895.11
5578,Bass Pro Shops Night Race,Bristol Motor Speedway,short,2025-09-13,USA,NBC,False,500,67,Corey Heim,23XI Racing,Robinhood,False,22.92,0,88,6,Running,1.536,0.0,0.0,24.0,0.014617383,37.726856,56.347374,82.217094,47041.727,76997.98,126022.59,82808.42
5578,Bass Pro Shops Night Race,Bristol Motor Speedway,short,2025-09-13,USA,NBC,False,500,77,Carson Hocevar,Spire Motorsports,Delaware Life,False,9.48,26,402,7,Running,1.536,0.052,0.0,6.0,0.042569652,111.3615,164.41893,237.7208,137428.36,227966.28,362952.25,240724.05
5578,Bass Pro Shops Night Race,Bristol Motor Speedway,short,2025-09-13,USA,NBC,False,500,48,Alex Bowman,Hendrick Motorsports,Ally Open Road Sweeps,False,11.17,5,368,8,Running,1.536,0.01,0.0,9.0,0.03208434,82.97549,122.95361,180.28972,103411.414,171679.36,274196.25,181627.22
5578,Bass Pro Shops Night Race,Bristol Motor Speedway,short,2025-09-13,USA,NBC,False,500,19,Chase Briscoe,Joe Gibbs Racing,Bass Pro Shops,False,10.47,127,384,9,Running,1.536,0.254,0.0,8.0,0.07391365,190.91673,282.78964,411.1614,241658.86,389137.3,636252.06,419300.56
5578,Bass Pro Shops Night Race,Bristol Motor Speedway,short,2025-09-13,USA,NBC,False,500,54,Ty Gibbs,Joe Gibbs Racing,Monster Energy,False,4.81,201,463,10,Running,1.536,0.402,0.0,1.0,0.11240223,291.08636,429.84027,628.74725,365745.56,592926.4,973906.5,637417.8
5578,Bass Pro Shops Night Race,Bristol Motor Speedway,short,2025-09-13,USA,NBC,False,500,17,Chris Buescher,RFK Racing,Body Guard,False,8.64,0,416,11,Running,1.536,0.0,0.0,4.0,0.035662167,89.51527,136.41763,201.97131,112321.11,190135.12,310836.72,202298.08
5578,Bass Pro Shops Night Race,Bristol Motor Speedway,short,2025-09-13,USA,NBC,False,500,24,William Byron,Hendrick Motorsports,Raptor,False,13.03,0,292,12,Running,1.536,0.0,0.0,12.0,0.0270807,70.00699,103.86299,151.87093,87028.18,144735.39,232026.72,153096.19
5578,Bass Pro Shops Night Race,Bristol Motor Speedway,short,2025-09-13,USA,NBC,False,500,7,Justin Haley,Spire Motorsports,Nations Guard,False,22.15,0,56,13,Running,1.536,0.0,0.0,23.0,0.015336702,39.78153,58.955948,85.70039,49238.387,80933.39,132101.7,86809.125
5578,Bass Pro Shops Night Race,Bristol Motor Speedway,short,2025-09-13,USA,NBC,False,500,42,John H. Nemechek,Legacy Motor Club,Pye Barker Fire & Safety,False,13.57,0,320,14,Running,1.536,0.0,0.0,13.0,0.026178233,67.870865,100.51387,146.67981,83907.71,140009.56,223430.52,147973.9
5578,Bass Pro Shops Night Race,Bristol Motor Speedway,short,2025-09-13,USA,NBC,False,500,45,Tyler Reddick,23XI Racing,Pinnacle,False,18.35,0,163,15,Running,1.536,0.0,0.0,19.0,0.019361198,50.977093,74.34117,108.06855,63084.375,102978.14,165844.42,109749.484
5578,Bass Pro Shops Night Race,Bristol Motor Speedway,short,2025-09-13,USA,NBC,False,500,8,Kyle Busch,Richard Childress Racing,Lucas Oil,False,23.47,0,22,16,Running,1.536,0.0,0.0,26.0,0.014123872,36.31838,54.557373,79.886086,45475.848,74539.17,121761.375,80069.71
5578,Bass Pro Shops Night Race,Bristol Motor Speedway,short,2025-09-13,USA,NBC,False,500,71,Michael McDowell,Spire Motorsports,Gainbridge,False,19.69,0,192,17,Running,1.536,0.0,0.0,22.0,0.017858958,46.93601,68.39769,99.46747,57714.414,94775.77,152538.03,101008.22
5578,Bass Pro Shops Night Race,Bristol Motor Speedway,short,2025-09-13,USA,NBC,False,500,35,Riley Herbst,23XI Racing,Monster Energy Zero Sugar,False,23.19,0,36,18,Running,1.536,0.0,0.0,25.0,0.014371665,37.098564,55.462196,81.15425,46217.297,75773.18,124059.16,81451.8
5578,Bass Pro Shops Night Race,Bristol Motor Speedway,short,2025-09-13,USA,NBC,False,500,1,Ross Chastain,Trackhouse Racing,Moose Fraternity,False,19.48,0,115,19,Running,1.536,0.0,0.0,21.0,0.018093344,47.55467,69.29567,100.7865,58564.77,96074.83,154526.94,102328.13
5578,Bass Pro Shops Night Race,Bristol Motor Speedway,short,2025-09-13,USA,NBC,False,500,43,Erik Jones,Legacy Motor Club,Dollar Tree,False,16.06,0,234,20,Running,1.536,0.0,0.0,15.0,0.02235771,58.829895,86.14049,124.97842,72396.5,118591.14,191532.69,126574.12
5578,Bass Pro Shops Night Race,Bristol Motor Speedway,short,2025-09-13,USA,NBC,False,500,60,Ryan Preece,RFK Racing,Kroger / SToK,False,17.6,0,175,21,Running,1.536,0.0,0.0,18.0,0.02028156,53.569855,78.12816,113.37552,66068.11,107985.89,173692.89,114985.16
5578,Bass Pro Shops Night Race,Bristol Motor Speedway,short,2025-09-13,USA,NBC,False,500,47,Ricky Stenhouse Jr,HYAK Motorsports,NOS Energy,False,15.16,5,271,22,Running,1.536,0.01,0.0,14.0,0.025332447,66.729,97.637535,140.64781,82212.67,135207.98,215623.05,143328.11
5578,Bass Pro Shops Night Race,Bristol Motor Speedway,short,2025-09-13,USA,NBC,False,500,4,Noah Gragson,Front Row Motorsports,Rush Truck Centers,False,26.39,0,23,23,Running,1.536,0.0,0.0,28.0,0.01175569,29.635805,45.376236,67.273575,37105.41,62263.992,103029.55,67040.73
5578,Bass Pro Shops Night Race,Bristol Motor Speedway,short,2025-09-13,USA,NBC,False,500,34,Todd Gilliland,Front Row Motorsports,Love's Travel Stops,False,29.55,0,0,24,Running,1.536,0.0,0.0,31.0,0.009645421,23.918404,37.391254,57.002823,30124.87,50945.664,86475.59,55419.33
5578,Bass Pro Shops Night Race,Bristol Motor Speedway,short,2025-09-13,USA,NBC,False,500,33,Austin Hill,Richard Childress Racing,United Rentals,False,32.25,0,0,25,Running,1.536,0.0,0.0,35.0,0.008164593,19.584906,31.495853,49.27931,25001.113,43290.035,75406.266,47170.336
5578,Bass Pro Shops Night Race,Bristol Motor Speedway,short,2025-09-13,USA,NBC,False,500,88,Shane Van Gisbergen,Trackhouse Racing,Wendy's Breakfast Baconator,False,30.88,0,0,26,Running,1.536,0.0,0.0,33.0,0.008891478,21.725182,34.349365,53.073307,27448.26,47025.2,80777.34,51180.992
5578,Bass Pro Shops Night Race,Bristol Motor Speedway,short,2025-09-13,USA,NBC,False,500,10,Ty Dillon,Kaulig Racing,Grizzly Nicotine Pouches,False,29.34,0,17,27,Running,1.536,0.0,0.0,30.0,0.009773264,24.264902,37.86064,57.80682,30463.123,51663.0,87492.586,56121.55
5578,Bass Pro Shops Night Race,Bristol Motor Speedway,short,2025-09-13,USA,NBC,False,500,3,Austin Dillon,Richard Childress Racing,Bass Pro Shops/Winchester,False,30.32,0,0,28,Running,1.536,0.0,0.0,32.0,0.0092030745,22.642584,35.615093,54.586273,28554.496,48608.336,83365.35,52922.31
5578,Bass Pro Shops Night Race,Bristol Motor Speedway,short,2025-09-13,USA,NBC,False,500,51,Cody Ware,Rick Ware Racing,Arby's Classic,False,34.59,0,0,29,Running,1.536,0.0,0.0,37.0,0.0070560053,16.405548,27.17457,43.65023,20857.896,37535.46,66646.414,41067.07
5578,Bass Pro Shops Night Race,Bristol Motor Speedway,short,2025-09-13,USA,NBC,False,500,2,Austin Cindric,Team Penske,Discount Tire,False,11.47,10,392,30,Running,1.536,0.02,0.0,11.0,0.03318377,86.793945,127.87155,186.00726,107228.89,178445.1,283684.62,187803.38
5578,Bass Pro Shops Night Race,Bristol Motor Speedway,short,2025-09-13,USA,NBC,False,500,11,Denny Hamlin,Joe Gibbs Racing,King's Hawaiian,False,16.28,3,340,31,Running,1.536,0.006,0.0,17.0,0.023058243,60.964287,88.7616,128.253,74932.164,122551.164,196508.81,130498.29
5578,Bass Pro Shops Night Race,Bristol Motor Speedway,short,2025-09-13,USA,NBC,False,500,5,Kyle Larson,Hendrick Motorsports,HendrickCars.com,False,24.57,0,70,32,Running,1.536,0.0,0.0,27.0,0.013170507,33.776333,50.987022,74.742645,42098.832,69649.3,114450.266,74873.945
5578,Bass Pro Shops Night Race,Bristol Motor Speedway,short,2025-09-13,USA,NBC,False,500,41,Cole Custer,Haas Factory Team,HaasTooling.com,False,35.4,0,1,33,Running,1.536,0.0,0.0,38.0,0.006709483,15.46166,25.851955,41.908047,19633.688,35666.785,63954.58,39153.285
5578,Bass Pro Shops Night Race,Bristol Motor Speedway,short,2025-09-13,USA,NBC,False,500,23,Bubba Wallace,23XI Racing,Robinhood,False,10.34,12,381,34,Accident,1.536,0.024,1.0,7.0,0.04796762,123.89652,184.40884,269.76642,152062.98,254404.61,415121.72,271303.03
5578,Bass Pro Shops Night Race,Bristol Motor Speedway,short,2025-09-13,USA,NBC,False,500,66,Chad Finchum,Garage 66,Barger Precast,False,36.69,0,0,35,Brakes,1.536,0.0,0.0,39.0,0.0061935075,14.014425,23.825397,39.257164,17898.885,32965.492,59986.39,36297.086
5578,Bass Pro Shops Night Race,Bristol Motor Speedway,short,2025-09-13,USA,NBC,False,500,16,AJ Allmendinger,Kaulig Racing,Grizzly Nicotine Pouches,False,19.1,24,186,36,Steering,1.536,0.048,0.0,20.0,0.026561558,69.718315,101.857834,146.61372,86739.33,141279.62,225645.5,149979.4
5578,Bass Pro Shops Night Race,Bristol Motor Speedway,short,2025-09-13,USA,NBC,False,500,99,Daniel Suárez,Trackhouse Racing,Freeway Insurance,False,31.14,0,19,37,Accident,1.536,0.0,1.0,34.0,0.020835351,50.04237,78.310165,122.33133,63017.39,108726.08,182397.56,117561.96
5578,Bass Pro Shops Night Race,Bristol Motor Speedway,short,2025-09-13,USA,NBC,False,500,9,Chase Elliott,Hendrick Motorsports,NAPA Auto Parts,False,26.67,0,84,38,Accident,1.536,0.0,1.0,29.0,0.023570728,58.170345,89.08778,136.37283,71823.3,123652.94,204950.6,133083.19
5578,Bass Pro Shops Night Race,Bristol Motor Speedway,short,2025-09-13,USA,NBC,False,500,21,Josh Berry,Wood Brothers Racing,Motorcraft \ Quick Lane,False,34.18,0,73,39,Brakes,1.536,0.0,0.0,36.0,0.007236216,16.939209,27.87566,44.490917,21524.61,38441.375,67999.81,42073.125
5567,Mobil 1 301,New Hampshire Motor Speedway,short,2025-09-21,USA,NBC,False,301,12,Ryan Blaney,Team Penske,Menards \ Libman,False,3.44,116,296,1,Running,1.29,0.3853820598006645,0.0,2.0,0.112916164,291.6073,430.84943,631.35,307847.38,500901.12,820352.5,537035.3
5567,Mobil 1 301,New Hampshire Motor Speedway,short,2025-09-21,USA,NBC,False,301,21,Josh Berry,Wood Brothers Racing,Motorcraft \ Quick Lane,False,8.36,10,250,2,Running,1.29,0.03322259136212625,0.0,6.0,0.041204356,107.36277,158.5568,230.43997,111622.52,185480.66,296113.88,195664.19
5567,Mobil 1 301,New Hampshire Motor Speedway,short,2025-09-21,USA,NBC,False,301,24,William Byron,Hendrick Motorsports,Raptor,False,4.48,0,293,3,Running,1.29,0.0,0.0,3.0,0.04537601,111.62166,174.14574,262.62186,117596.21,203579.56,337229.2,217101.2
5567,Mobil 1 301,New Hampshire Motor Speedway,short,2025-09-21,USA,NBC,False,301,22,Joey Logano,Team Penske,Shell Pennzoil,False,2.03,147,301,4,Running,1.29,0.4883720930232558,0.0,1.0,0.13477725,347.33914,513.8181,754.47076,366619.66,595085.75,979446.1,640671.6
5567,Mobil 1 301,New Hampshire Motor Speedway,short,2025-09-21,USA,NBC,False,301,9,Chase Elliott,Hendrick Motorsports,NAPA Auto Parts,False,11.98,3,224,5,Running,1.29,0.009966777408637873,0.0,12.0,0.03005414,78.71462,115.47424,168.00894,82021.05,134861.19,215380.38,142591.2
5567,Mobil 1 301,New Hampshire Motor Speedway,short,2025-09-21,USA,NBC,False,301,20,Christopher Bell,Joe Gibbs Racing,Rheem,False,10.87,0,260,6,Running,1.29,0.0,0.0,10.0,0.030433362,78.72554,116.64522,170.63338,82167.21,136437.6,219394.42,144469.61
5567,Mobil 1 301,New Hampshire Motor Speedway,short,2025-09-21,USA,NBC,False,301,5,Kyle Larson,Hendrick Motorsports,HendrickCars.com,False,6.05,4,292,7,Running,1.29,0.013289036544850499,0.0,4.0,0.043374993,109.46172,166.45425,245.58022,114831.266,194288.5,317128.12,206802.62
5567,Mobil 1 301,New Hampshire Motor Speedway,short,2025-09-21,USA,NBC,False,301,71,Michael McDowell,Spire Motorsports,Gainbridge,False,10.62,0,298,8,Running,1.29,0.0,0.0,9.0,0.03091101,79.76773,118.40014,173.75558,83535.47,138375.81,222466.88,146769.03
5567,Mobil 1 301,New Hampshire Motor Speedway,short,2025-09-21,USA,NBC,False,301,1,Ross Chastain,Trackhouse Racing,Kubota,False,11.49,0,258,9,Running,1.29,0.0,0.0,11.0,0.02926847,75.68438,112.29364,164.01707,78932.73,131516.44,209958.03,138928.05
5567,Mobil 1 301,New Hampshire Motor Speedway,short,2025-09-21,USA,NBC,False,301,19,Chase Briscoe,Joe Gibbs Racing,Bass Pro Shops,False,12.85,19,171,10,Running,1.29,0.06312292358803986,0.0,14.0,0.037352543,98.365036,143.75058,206.30717,103111.05,167258.38,266019.44,177476.14
5567,Mobil 1 301,New Hampshire Motor Speedway,short,2025-09-21,USA,NBC,False,301,77,Carson Hocevar,Spire Motorsports,Delaware Life,False,7.11,0,290,11,Running,1.29,0.0,0.0,5.0,0.03851888,96.646194,147.18793,217.57007,101847.555,172317.97,281361.78,183425.7
5567,Mobil 1 301,New Hampshire Motor Speedway,short,2025-09-21,USA,NBC,False,301,11,Denny Hamlin,Joe Gibbs Racing,Progressive,False,9.92,0,298,12,Running,1.29,0.0,0.0,7.0,0.03230116,83.125084,123.30727,181.3859,87006.18,144492.28,232925.55,153414.05
5567,Mobil 1 301,New Hampshire Motor Speedway,short,2025-09-21,USA,NBC,False,301,3,Austin Dillon,Richard Childress Racing,Toys For Tots,False,21.09,0,50,13,Running,1.29,0.0,0.0,21.0,0.016090743,41.521133,61.96797,90.50835,43464.62,71188.99,116485.836,76521.625
5567,Mobil 1 301,New Hampshire Motor Speedway,short,2025-09-21,USA,NBC,False,301,60,Ryan Preece,RFK Racing,"Mohawk Northeast, Inc.",False,18.47,0,106,14,Running,1.29,0.0,0.0,17.0,0.018927354,49.57579,72.55374,104.94239,51279.45,84046.52,136129.39,89892.03
5567,Mobil 1 301,New Hampshire Motor Speedway,short,2025-09-21,USA,NBC,False,301,48,Alex Bowman,Hendrick Motorsports,Ally,False,10.33,0,292,15,Running,1.29,0.0,0.0,8.0,0.031486653,81.18491,120.41504,176.87918,84888.27,140810.12,227132.5,149484.67
5567,Mobil 1 301,New Hampshire Motor Speedway,short,2025-09-21,USA,NBC,False,301,4,Noah Gragson,Front Row Motorsports,FARM RICH,False,18.92,0,75,16,Running,1.29,0.0,0.0,19.0,0.018403513,48.28778,70.72533,102.4945,49946.45,81832.05,132580.89,87431.67
5567,Mobil 1 301,New Hampshire Motor Speedway,short,2025-09-21,USA,NBC,False,301,2,Austin Cindric,Team Penske,AutoTrader,False,17.61,0,68,17,Running,1.29,0.0,0.0,15.0,0.019963143,52.492886,76.4427,111.249825,54335.688,89141.7,143348.66,94798.375
5567,Mobil 1 301,New Hampshire Motor Speedway,short,2025-09-21,USA,NBC,False,301,17,Chris Buescher,RFK Racing,Kroger Health / Flublok,False,18.6,0,52,18,Running,1.29,0.0,0.0,18.0,0.01878907,49.1555,72.00108,104.24443,50919.36,83309.47,135088.03,89173.91
5567,Mobil 1 301,New Hampshire Motor Speedway,short,2025-09-21,USA,NBC,False,301,34,Todd Gilliland,Front Row Motorsports,Grillo's Pickles,False,24.82,0,7,19,Running,1.29,0.0,0.0,26.0,0.012740932,32.07027,49.147057,73.04115,33805.086,56578.094,93653.65,60980.383
5567,Mobil 1 301,New Hampshire Motor Speedway,short,2025-09-21,USA,NBC,False,301,16,AJ Allmendinger,Kaulig Racing,Campers Inn RV,False,17.95,0,78,20,Running,1.29,0.0,0.0,16.0,0.019547863,51.335217,74.83705,108.84465,53040.273,87111.94,140105.84,92825.86
5567,Mobil 1 301,New Hampshire Motor Speedway,short,2025-09-21,USA,NBC,False,301,45,Tyler Reddick,23XI Racing,SiriusXM,False,12.07,0,195,21,Running,1.29,0.0,0.0,13.0,0.028240222,73.36486,108.469795,158.15906,76137.164,126812.05,202553.02,133945.42
5567,Mobil 1 301,New Hampshire Motor Speedway,short,2025-09-21,USA,NBC,False,301,35,Riley Herbst,23XI Racing,BeatBox,False,23.71,0,8,22,Running,1.29,0.0,0.0,25.0,0.013638202,34.717857,52.74459,77.403915,36425.32,60584.586,100001.23,65224.594
5567,Mobil 1 301,New Hampshire Motor Speedway,short,2025-09-21,USA,NBC,False,301,6,Brad Keselowski,RFK Racing,BuildSubmarines.com,False,22.71,0,33,23,Running,1.29,0.0,0.0,24.0,0.014530661,37.1812,56.18982,82.437584,38998.07,64486.81,105979.76,69314.34
5567,Mobil 1 301,New Hampshire Motor Speedway,short,2025-09-21,USA,NBC,False,301,41,Cole Custer,Haas Factory Team,HaasTooling.com,False,27.53,0,4,24,Running,1.29,0.0,0.0,28.0,0.0107481,26.69276,41.623447,63.580536,28141.193,47715.086,80778.414,51793.62
5567,Mobil 1 301,New Hampshire Motor Speedway,short,2025-09-21,USA,NBC,False,301,47,Ricky Stenhouse Jr,HYAK Motorsports,Hyak Motorsports,False,27.66,0,0,25,Running,1.29,0.0,0.0,29.0,0.010663347,26.455112,41.315216,63.05768,27867.887,47269.414,80128.07,51391.297
5567,Mobil 1 301,New Hampshire Motor Speedway,short,2025-09-21,USA,NBC,False,301,23,Bubba Wallace,23XI Racing,McDonald's,False,20.77,0,41,26,Running,1.29,0.0,0.0,20.0,0.016414158,42.46766,63.17575,92.02542,44271.957,72862.31,118596.64,78036.055
5567,Mobil 1 301,New Hampshire Motor Speedway,short,2025-09-21,USA,NBC,False,301,38,Zane Smith,Front Row Motorsports,Long John Silver's,False,21.51,0,35,27,Running,1.29,0.0,0.0,22.0,0.015673151,40.404465,60.46775,88.532234,42322.812,69387.36,113654.04,74580.57
5567,Mobil 1 301,New Hampshire Motor Speedway,short,2025-09-21,USA,NBC,False,301,43,Erik Jones,Legacy Motor Club,Family Dollar,False,28.47,0,4,28,Running,1.29,0.0,0.0,30.0,0.010145376,24.967506,39.255672,60.05728,26419.8,44997.305,77040.234,48957.52
5567,Mobil 1 301,New Hampshire Motor Speedway,short,2025-09-21,USA,NBC,False,301,10,Ty Dillon,Kaulig Racing,Sea Best / BJ's Wholesale Club,False,28.47,0,5,29,Running,1.29,0.0,0.0,31.0,0.010145376,24.967506,39.255672,60.05728,26419.8,44997.305,77040.234,48957.52
5567,Mobil 1 301,New Hampshire Motor Speedway,short,2025-09-21,USA,NBC,False,301,8,Kyle Busch,Richard Childress Racing,Morgan & Morgan,False,31.91,0,0,30,Running,1.29,0.0,0.0,35.0,0.008191684,19.303625,31.540731,50.139748,20588.56,36393.08,64174.76,39896.684
5567,Mobil 1 301,New Hampshire Motor Speedway,short,2025-09-21,USA,NBC,False,301,51,Cody Ware,Rick Ware Racing,Parts Plus,False,31.84,2,4,31,Running,1.29,0.006644518272425249,0.0,34.0,0.0093556605,22.492865,36.006184,56.43635,23974.027,41732.35,72497.56,45318.984
5567,Mobil 1 301,New Hampshire Motor Speedway,short,2025-09-21,USA,NBC,False,301,88,Shane Van Gisbergen,Trackhouse Racing,Jockey Infinite Cool Underwear,False,22.69,0,117,32,Running,1.29,0.0,0.0,23.0,0.014548471,37.238354,56.262108,82.57216,39050.0,64568.367,106099.59,69398.7
5567,Mobil 1 301,New Hampshire Motor Speedway,short,2025-09-21,USA,NBC,False,301,7,Justin Haley,Spire Motorsports,Nations Guard,False,29.27,0,0,33,Running,1.29,0.0,0.0,32.0,0.009660406,23.540337,37.289513,57.704468,24994.639,42848.266,73709.83,46672.625
5567,Mobil 1 301,New Hampshire Motor Speedway,short,2025-09-21,USA,NBC,False,301,42,John H. Nemechek,Legacy Motor Club,Paye Barker Fire & Safety,False,31.55,0,0,34,Accident,1.29,0.0,1.0,33.0,0.020457333,48.91001,76.98964,120.34417,51696.832,89561.7,151718.05,97167.46
5567,Mobil 1 301,New Hampshire Motor Speedway,short,2025-09-21,USA,NBC,False,301,54,Ty Gibbs,Joe Gibbs Racing,Monster Energy,False,26.66,0,109,35,Accident,1.29,0.0,1.0,27.0,0.023322344,57.51016,88.51616,135.67491,60558.965,102855.375,170813.38,110984.12
5567,Mobil 1 301,New Hampshire Motor Speedway,short,2025-09-21,USA,NBC,False,301,99,Daniel Suárez,Trackhouse Racing,Choice Privileges,False,32.0,0,1,36,Accident,1.29,0.0,1.0,36.0,0.020236194,48.21628,76.16664,119.280396,51079.72,88570.125,150377.38,96096.055
5579,Hollywood Casino 400 Presented by ESPN BET,Kansas Speedway,intermediate,2025-09-28,USA,NBC,False,273,9,Chase Elliott,Hendrick Motorsports,Kelley Blue Book,False,4.21,24,265,1,Running,1.49,0.08791208791208792,0.0,3.0,0.059514575,154.08942,230.51328,333.90778,185598.28,309303.25,497325.03,327485.78
5579,Hollywood Casino 400 Presented by ESPN BET,Kansas Speedway,intermediate,2025-09-28,USA,NBC,False,273,11,Denny Hamlin,Joe Gibbs Racing,SportClips Haircuts,False,1.89,159,273,2,Running,1.49,0.5824175824175825,0.0,1.0,0.1470123,380.28107,561.39215,827.80035,462534.2,749206.44,1.2317768e+06,809254.6
5579,Hollywood Casino 400 Presented by ESPN BET,Kansas Speedway,intermediate,2025-09-28,USA,NBC,False,273,20,Christopher Bell,Joe Gibbs Racing,Rheem,False,3.31,43,271,3,Running,1.49,0.1575091575091575,0.0,2.0,0.07348969,191.54308,283.39783,410.65387,231084.89,381794.75,612668.0,404502.8
5579,Hollywood Casino 400 Presented by ESPN BET,Kansas Speedway,intermediate,2025-09-28,USA,NBC,False,273,19,Chase Briscoe,Joe Gibbs Racing,Bass Pro Shops,False,5.19,19,272,4,Running,1.49,0.0695970695970696,0.0,5.0,0.053818416,139.0808,207.8085,302.14563,167726.11,278929.0,449868.0,295923.4
5579,Hollywood Casino 400 Presented by ESPN BET,Kansas Speedway,intermediate,2025-09-28,USA,NBC,False,273,23,Bubba Wallace,23XI Racing,U.S. Air Force,False,8.01,13,241,5,Running,1.49,0.047619047619047616,0.0,6.0,0.043323465,112.90433,167.3648,242.75548,135102.02,225005.14,359587.4,237713.19
5579,Hollywood Casino 400 Presented by ESPN BET,Kansas Speedway,intermediate,2025-09-28,USA,NBC,False,273,5,Kyle Larson,Hendrick Motorsports,HendrickCars.com,False,4.46,1,272,6,Running,1.49,0.003663003663003663,0.0,4.0,0.044903398,110.39878,172.25244,259.5981,134402.33,232351.1,387538.56,248292.27
5579,Hollywood Casino 400 Presented by ESPN BET,Kansas Speedway,intermediate,2025-09-28,USA,NBC,False,273,45,Tyler Reddick,23XI Racing,The Beast,False,11.96,0,176,7,Running,1.49,0.0,0.0,9.0,0.027700294,72.06634,106.39039,155.18184,86748.516,143691.06,229063.81,151992.98
5579,Hollywood Casino 400 Presented by ESPN BET,Kansas Speedway,intermediate,2025-09-28,USA,NBC,False,273,6,Brad Keselowski,RFK Racing,Solomon Plumbing,False,24.85,5,53,8,Running,1.49,0.018315018315018316,0.0,27.0,0.015430097,39.36343,59.03329,87.4445,47730.47,79420.65,130638.37,84918.93
5579,Hollywood Casino 400 Presented by ESPN BET,Kansas Speedway,intermediate,2025-09-28,USA,NBC,False,273,24,William Byron,Hendrick Motorsports,Cincinnati,False,17.23,0,137,9,Running,1.49,0.0,0.0,16.0,0.019905418,52.404655,76.42059,111.069046,62585.855,102574.695,165228.89,109354.79
5579,Hollywood Casino 400 Presented by ESPN BET,Kansas Speedway,intermediate,2025-09-28,USA,NBC,False,273,88,Shane Van Gisbergen,Trackhouse Racing,Red Bull,False,24.01,0,65,10,Running,1.49,0.0,0.0,24.0,0.01306289,33.282738,50.492073,74.041,40325.363,67020.94,110602.62,72149.13
5579,Hollywood Casino 400 Presented by ESPN BET,Kansas Speedway,intermediate,2025-09-28,USA,NBC,False,273,1,Ross Chastain,Trackhouse Racing,Kubota,False,8.82,0,269,11,Running,1.49,0.0,0.0,7.0,0.033724442,85.84556,129.05692,189.86522,104615.44,174323.84,282451.66,185393.23
5579,Hollywood Casino 400 Presented by ESPN BET,Kansas Speedway,intermediate,2025-09-28,USA,NBC,False,273,34,Todd Gilliland,Front Row Motorsports,Dean's Dip,False,27.84,0,11,12,Running,1.49,0.0,0.0,32.0,0.010276584,25.451231,39.86373,60.71084,31071.555,52608.586,89285.79,57263.273
5579,Hollywood Casino 400 Presented by ESPN BET,Kansas Speedway,intermediate,2025-09-28,USA,NBC,False,273,10,Ty Dillon,Kaulig Racing,DraftKings,False,24.82,0,14,13,Running,1.49,0.0,0.0,26.0,0.012432905,31.320734,47.993965,70.97613,38042.39,63790.613,105292.516,68692.016
5579,Hollywood Casino 400 Presented by ESPN BET,Kansas Speedway,intermediate,2025-09-28,USA,NBC,False,273,71,Michael McDowell,Spire Motorsports,Gainbridge,False,27.3,0,6,14,Running,1.49,0.0,0.0,30.0,0.0106304195,26.362192,41.111984,62.434433,32194.906,54571.64,92018.43,59149.598
5579,Hollywood Casino 400 Presented by ESPN BET,Kansas Speedway,intermediate,2025-09-28,USA,NBC,False,273,17,Chris Buescher,RFK Racing,Body Guard,False,10.1,0,253,15,Running,1.49,0.0,0.0,8.0,0.031152511,80.10609,119.08581,174.7534,96961.25,161241.33,259334.1,170934.4
5579,Hollywood Casino 400 Presented by ESPN BET,Kansas Speedway,intermediate,2025-09-28,USA,NBC,False,273,43,Erik Jones,Legacy Motor Club,AdventHealth,False,26.42,0,36,16,Running,1.49,0.0,0.0,28.0,0.011236745,27.955647,43.34366,65.27877,34228.977,57745.137,96430.24,62365.258
5579,Hollywood Casino 400 Presented by ESPN BET,Kansas Speedway,intermediate,2025-09-28,USA,NBC,False,273,99,Daniel Suárez,Trackhouse Racing,Freeway Hispanic Heritage,False,27.24,6,14,17,Running,1.49,0.02197802197802198,0.0,29.0,0.0142850615,36.186516,54.812813,82.35274,43926.977,73343.89,122319.39,78985.19
5579,Hollywood Casino 400 Presented by ESPN BET,Kansas Speedway,intermediate,2025-09-28,USA,NBC,False,273,7,Justin Haley,Spire Motorsports,Nations Guard,False,19.76,0,20,18,Running,1.49,0.0,0.0,17.0,0.01706139,44.566833,65.332535,94.978584,53320.22,87159.516,142215.97,93540.96
5579,Hollywood Casino 400 Presented by ESPN BET,Kansas Speedway,intermediate,2025-09-28,USA,NBC,False,273,8,Kyle Busch,Richard Childress Racing,Cheddar's Scratch Kitchen,False,24.65,0,8,19,Running,1.49,0.0,0.0,25.0,0.012557846,31.727093,48.4637,71.62873,38476.73,64449.11,106449.94,69402.88
5579,Hollywood Casino 400 Presented by ESPN BET,Kansas Speedway,intermediate,2025-09-28,USA,NBC,False,273,41,Cole Custer,Haas Factory Team,Haas/Andy's,False,28.34,0,5,20,Running,1.49,0.0,0.0,33.0,0.009953959,24.638731,38.604736,59.089363,30099.252,50969.023,87003.945,55572.965
5579,Hollywood Casino 400 Presented by ESPN BET,Kansas Speedway,intermediate,2025-09-28,USA,NBC,False,273,22,Joey Logano,Team Penske,Shell Pennzoil,False,14.53,0,166,21,Running,1.49,0.0,0.0,11.0,0.023560368,62.041218,90.67136,131.80145,73873.33,121180.11,195056.9,129363.234
5579,Hollywood Casino 400 Presented by ESPN BET,Kansas Speedway,intermediate,2025-09-28,USA,NBC,False,273,35,Riley Herbst,23XI Racing,Monster Energy,False,29.07,0,3,22,Running,1.49,0.0,0.0,34.0,0.009519417,23.30317,36.8568,57.01769,28557.727,48759.367,84071.11,53198.883
5579,Hollywood Casino 400 Presented by ESPN BET,Kansas Speedway,intermediate,2025-09-28,USA,NBC,False,273,4,Noah Gragson,Front Row Motorsports,Beef a Roo,False,20.27,0,42,23,Running,1.49,0.0,0.0,18.0,0.01652721,42.954353,63.46186,92.34885,51483.812,84572.45,137909.98,90654.76
5579,Hollywood Casino 400 Presented by ESPN BET,Kansas Speedway,intermediate,2025-09-28,USA,NBC,False,273,12,Ryan Blaney,Team Penske,Menards\Richmond Water Heaters,False,14.94,1,179,24,Running,1.49,0.003663003663003663,0.0,13.0,0.023543786,62.338562,90.994736,131.04425,74296.586,121345.484,194993.8,129363.45
5579,Hollywood Casino 400 Presented by ESPN BET,Kansas Speedway,intermediate,2025-09-28,USA,NBC,False,273,54,Ty Gibbs,Joe Gibbs Racing,SAIA LTL Freight,False,15.3,0,160,25,Running,1.49,0.0,0.0,14.0,0.022434652,59.428787,86.27205,125.29868,70478.41,115215.08,185750.88,123293.24
5579,Hollywood Casino 400 Presented by ESPN BET,Kansas Speedway,intermediate,2025-09-28,USA,NBC,False,273,60,Ryan Preece,RFK Racing,Kroger/ Minute Rice,False,27.71,0,26,26,Running,1.49,0.0,0.0,31.0,0.01035966,25.686161,40.145103,61.141125,31343.912,53122.79,89851.266,57711.504
5579,Hollywood Casino 400 Presented by ESPN BET,Kansas Speedway,intermediate,2025-09-28,USA,NBC,False,273,3,Austin Dillon,Richard Childress Racing,BPS/Winchester Deer Season XP,False,29.78,0,5,27,Running,1.49,0.0,0.0,35.0,0.009112859,22.13659,35.24485,54.70146,27123.191,46801.74,80834.65,50992.12
5579,Hollywood Casino 400 Presented by ESPN BET,Kansas Speedway,intermediate,2025-09-28,USA,NBC,False,273,48,Alex Bowman,Hendrick Motorsports,Ally,False,16.05,0,203,28,Running,1.49,0.0,0.0,15.0,0.021395784,56.52244,82.239075,119.88408,67504.26,110151.5,177582.9,117667.38
5579,Hollywood Casino 400 Presented by ESPN BET,Kansas Speedway,intermediate,2025-09-28,USA,NBC,False,273,77,Carson Hocevar,Spire Motorsports,Delaware Life,False,12.1,0,211,29,Running,1.49,0.0,0.0,10.0,0.02747352,71.472176,105.42743,153.77269,85898.03,142445.56,227908.42,150659.34
5579,Hollywood Casino 400 Presented by ESPN BET,Kansas Speedway,intermediate,2025-09-28,USA,NBC,False,273,2,Austin Cindric,Team Penske,Discount Tire,False,22.83,0,4,30,Running,1.49,0.0,0.0,23.0,0.0140901115,36.056194,54.39444,79.58259,43676.492,72174.59,118231.76,77516.23
5579,Hollywood Casino 400 Presented by ESPN BET,Kansas Speedway,intermediate,2025-09-28,USA,NBC,False,273,38,Zane Smith,Front Row Motorsports,Speedy Cash,False,14.8,0,163,31,Accident,1.49,0.0,1.0,12.0,0.034749523,89.053406,133.52573,196.38898,106889.695,178587.25,291264.16,190676.48
5579,Hollywood Casino 400 Presented by ESPN BET,Kansas Speedway,intermediate,2025-09-28,USA,NBC,False,273,42,John H. Nemechek,Legacy Motor Club,Dollar Tree,False,22.52,1,11,32,Accident,1.49,0.003663003663003663,1.0,22.0,0.026587965,67.33394,101.53027,152.075,80881.22,135956.94,221408.22,145741.73
5579,Hollywood Casino 400 Presented by ESPN BET,Kansas Speedway,intermediate,2025-09-28,USA,NBC,False,273,21,Josh Berry,Wood Brothers Racing,Menards \ Dutch Boy,False,20.77,1,41,33,Accident,1.49,0.003663003663003663,1.0,20.0,0.028212514,71.66924,107.802155,160.31067,86207.21,144957.6,234840.0,154662.83
5579,Hollywood Casino 400 Presented by ESPN BET,Kansas Speedway,intermediate,2025-09-28,USA,NBC,False,273,44,JJ Yeley,NY Racing Team,PCNY Concierge,True,34.6,0,6,34,Running,1.49,0.0,0.0,36.0,0.006744479,15.369847,26.07359,42.68917,18988.457,34807.93,62863.66,38342.85
5579,Hollywood Casino 400 Presented by ESPN BET,Kansas Speedway,intermediate,2025-09-28,USA,NBC,False,273,47,Ricky Stenhouse Jr,HYAK Motorsports,Ram Self Storage,False,20.63,0,86,35,Running,1.49,0.0,0.0,19.0,0.016157325,41.93835,62.101486,90.28743,50242.33,82665.91,135184.69,88673.98
5579,Hollywood Casino 400 Presented by ESPN BET,Kansas Speedway,intermediate,2025-09-28,USA,NBC,False,273,16,AJ Allmendinger,Kaulig Racing,Action Industries,False,21.42,0,116,36,Accident,1.49,0.0,1.0,21.0,0.026958637,68.44827,102.83728,154.11746,82084.9,137905.95,225017.28,147961.5
5579,Hollywood Casino 400 Presented by ESPN BET,Kansas Speedway,intermediate,2025-09-28,USA,NBC,False,273,51,Cody Ware,Rick Ware Racing,Evel Knievel Museum,False,35.08,0,12,37,Accident,1.49,0.0,1.0,37.0,0.01844946,43.1976,69.40967,108.55821,52984.92,92894.27,158382.73,100755.125
5581,Bank of America ROVAL 400,Charlotte Motor Speedway Road Course,road,2025-10-05,USA,NBC,False,109,88,Shane Van Gisbergen,Trackhouse Racing,WeatherTech,False,2.26,57,109,1,Running,1.544,0.5229357798165137,0.0,1.0,0.14505666,371.5661,553.1931,816.9266,473108.66,767546.56,1.2533396e+06,825761.44
5581,Bank of America ROVAL 400,Charlotte Motor Speedway Road Course,road,2025-10-05,USA,NBC,False,109,5,Kyle Larson,Hendrick Motorsports,HendrickCars.com,False,3.04,27,109,2,Running,1.544,0.24770642201834864,0.0,2.0,0.094975054,248.42604,363.24945,530.377,309756.62,510129.38,821205.8,540153.8
5581,Bank of America ROVAL 400,Charlotte Motor Speedway Road Course,road,2025-10-05,USA,NBC,False,109,20,Christopher Bell,Joe Gibbs Racing,DEWALT,False,5.1,0,107,3,Running,1.544,0.0,0.0,3.0,0.045454316,111.70026,174.1837,261.99673,141272.36,243002.62,404143.6,259996.88
5581,Bank of America ROVAL 400,Charlotte Motor Speedway Road Course,road,2025-10-05,USA,NBC,False,109,17,Chris Buescher,RFK Racing,Fifth Third Bank,False,6.29,5,100,4,Running,1.544,0.045871559633027525,0.0,4.0,0.050162837,129.62881,193.76022,281.60168,160842.02,269088.8,434360.62,285900.6
5581,Bank of America ROVAL 400,Charlotte Motor Speedway Road Course,road,2025-10-05,USA,NBC,False,109,71,Michael McDowell,Spire Motorsports,Delaware Life/FIG,False,7.77,0,102,5,Running,1.544,0.0,0.0,5.0,0.038539916,96.34394,147.13705,216.49905,120956.55,205243.28,335336.56,219102.86
5581,Bank of America ROVAL 400,Charlotte Motor Speedway Road Course,road,2025-10-05,USA,NBC,False,109,60,Ryan Preece,RFK Racing,Kroger / Totino's Ultimate,False,11.94,0,76,6,Running,1.544,0.0,0.0,9.0,0.029637013,76.28886,113.33979,165.8612,95209.6,158590.12,255000.5,168162.58
5581,Bank of America ROVAL 400,Charlotte Motor Speedway Road Course,road,2025-10-05,USA,NBC,False,109,99,Daniel Suárez,Trackhouse Racing,Choice Privileges,False,9.55,0,95,7,Running,1.544,0.0,0.0,7.0,0.03440166,87.8736,131.79825,193.0441,109862.72,183516.05,298420.0,195623.72
5581,Bank of America ROVAL 400,Charlotte Motor Speedway Road Course,road,2025-10-05,USA,NBC,False,109,9,Chase Elliott,Hendrick Motorsports,UniFirst,False,12.83,0,77,8,Running,1.544,0.0,0.0,10.0,0.027968269,72.82476,107.43048,156.87291,90311.914,149760.62,240230.6,158995.75
5581,Bank of America ROVAL 400,Charlotte Motor Speedway Road Course,road,2025-10-05,USA,NBC,False,109,16,AJ Allmendinger,Kaulig Racing,Celsius,False,8.17,13,101,9,Running,1.544,0.11926605504587157,0.0,6.0,0.058117643,153.64494,223.55093,323.57843,192147.44,313522.3,499435.75,330674.47
5581,Bank of America ROVAL 400,Charlotte Motor Speedway Road Course,road,2025-10-05,USA,NBC,False,109,45,Tyler Reddick,23XI Racing,Jordan Brand,False,10.38,3,85,10,Running,1.544,0.027522935779816515,0.0,8.0,0.037484795,97.87951,144.29788,209.07793,121179.92,201564.6,321332.62,212611.72
5581,Bank of America ROVAL 400,Charlotte Motor Speedway Road Course,road,2025-10-05,USA,NBC,False,109,24,William Byron,Hendrick Motorsports,Valvoline Blood Cancer United,False,15.27,0,68,11,Running,1.544,0.0,0.0,14.0,0.023994282,63.133324,92.30275,133.95203,78217.31,128132.97,206434.62,136450.8
5581,Bank of America ROVAL 400,Charlotte Motor Speedway Road Course,road,2025-10-05,USA,NBC,False,109,54,Ty Gibbs,Joe Gibbs Racing,Monster Energy,False,15.44,0,56,12,Running,1.544,0.0,0.0,15.0,0.023728328,62.553432,91.385086,132.60104,77470.07,126795.83,204278.4,135010.25
5581,Bank of America ROVAL 400,Charlotte Motor Speedway Road Course,road,2025-10-05,USA,NBC,False,109,12,Ryan Blaney,Team Penske,Discount Tire,False,13.44,4,67,13,Running,1.544,0.03669724770642202,0.0,12.0,0.033261027,87.62957,127.70145,183.55002,109381.234,178658.39,283256.72,189044.78
5581,Bank of America ROVAL 400,Charlotte Motor Speedway Road Course,road,2025-10-05,USA,NBC,False,109,19,Chase Briscoe,Joe Gibbs Racing,Bass Pro Shops,False,14.18,0,73,14,Running,1.544,0.0,0.0,13.0,0.025734484,67.54769,98.95053,143.91234,83696.82,137653.4,221595.52,146076.88
5581,Bank of America ROVAL 400,Charlotte Motor Speedway Road Course,road,2025-10-05,USA,NBC,False,109,23,Bubba Wallace,23XI Racing,Leidos,False,16.21,0,56,15,Running,1.544,0.0,0.0,16.0,0.022585362,59.72734,86.91556,126.00998,73990.66,120828.91,194887.31,128683.13
5581,Bank of America ROVAL 400,Charlotte Motor Speedway Road Course,road,2025-10-05,USA,NBC,False,109,21,Josh Berry,Wood Brothers Racing,DEX Imaging,False,23.42,0,17,16,Running,1.544,0.0,0.0,25.0,0.014485471,36.887093,55.95748,82.018005,46645.223,76887.14,126393.63,82545.48
5581,Bank of America ROVAL 400,Charlotte Motor Speedway Road Course,road,2025-10-05,USA,NBC,False,109,34,Todd Gilliland,Front Row Motorsports,Love's Travel Stops,False,24.4,0,8,17,Running,1.544,0.0,0.0,26.0,0.013621636,34.614773,52.51886,77.57353,43530.266,72305.984,119571.016,77770.36
5581,Bank of America ROVAL 400,Charlotte Motor Speedway Road Course,road,2025-10-05,USA,NBC,False,109,48,Alex Bowman,Hendrick Motorsports,Ally,False,19.54,0,28,18,Running,1.544,0.0,0.0,20.0,0.018433914,48.168278,70.83275,102.34238,59640.594,97841.44,158359.89,104696.46
5581,Bank of America ROVAL 400,Charlotte Motor Speedway Road Course,road,2025-10-05,USA,NBC,False,109,47,Ricky Stenhouse Jr,HYAK Motorsports,Real American Beer,False,22.24,0,15,19,Running,1.544,0.0,0.0,22.0,0.0155858025,40.00107,60.12954,87.7474,50369.203,82601.8,135138.38,88707.38
5581,Bank of America ROVAL 400,Charlotte Motor Speedway Road Course,road,2025-10-05,USA,NBC,False,109,22,Joey Logano,Team Penske,Shell Pennzoil,False,17.47,0,30,20,Running,1.544,0.0,0.0,18.0,0.020880712,55.140224,80.353516,116.471725,68295.25,111917.64,181064.73,118991.39
5581,Bank of America ROVAL 400,Charlotte Motor Speedway Road Course,road,2025-10-05,USA,NBC,False,109,1,Ross Chastain,Trackhouse Racing,Busch Light,False,13.28,0,76,21,Running,1.544,0.0,0.0,11.0,0.027205512,71.10784,104.79482,152.50034,87886.09,145615.47,233705.5,154561.38
5581,Bank of America ROVAL 400,Charlotte Motor Speedway Road Course,road,2025-10-05,USA,NBC,False,109,41,Cole Custer,Haas Factory Team,HaasTooling.com,False,23.03,0,18,22,Running,1.544,0.0,0.0,23.0,0.01483877,37.97644,57.195557,83.876495,47882.56,78796.34,129414.016,84530.74
5581,Bank of America ROVAL 400,Charlotte Motor Speedway Road Course,road,2025-10-05,USA,NBC,False,109,11,Denny Hamlin,Joe Gibbs Racing,Progressive,False,17.43,0,42,23,Running,1.544,0.0,0.0,17.0,0.020933995,55.299244,80.5581,116.78566,68449.086,112228.32,181607.86,119287.29
5581,Bank of America ROVAL 400,Charlotte Motor Speedway Road Course,road,2025-10-05,USA,NBC,False,109,38,Zane Smith,Front Row Motorsports,Long John Silver's,False,24.82,0,6,24,Running,1.544,0.0,0.0,27.0,0.013267279,33.58066,51.155247,75.84316,42296.41,70389.64,116988.266,75813.46
5581,Bank of America ROVAL 400,Charlotte Motor Speedway Road Course,road,2025-10-05,USA,NBC,False,109,7,Justin Haley,Spire Motorsports,Gainbridge STEM,False,17.77,0,46,25,Running,1.544,0.0,0.0,19.0,0.020493023,54.104065,78.78941,114.38597,67021.836,109646.49,176968.03,116798.68
5581,Bank of America ROVAL 400,Charlotte Motor Speedway Road Course,road,2025-10-05,USA,NBC,False,109,42,John H. Nemechek,Legacy Motor Club,Family Dollar,False,26.55,0,5,26,Running,1.544,0.0,0.0,28.0,0.011936773,29.70087,46.02117,68.85324,37528.227,63276.203,105415.77,68283.16
5581,Bank of America ROVAL 400,Charlotte Motor Speedway Road Course,road,2025-10-05,USA,NBC,False,109,10,Ty Dillon,Kaulig Racing,Sea Best,False,23.11,0,14,27,Running,1.544,0.0,0.0,24.0,0.014766147,37.79346,56.97619,83.47324,47634.28,78349.03,128684.18,84119.44
5581,Bank of America ROVAL 400,Charlotte Motor Speedway Road Course,road,2025-10-05,USA,NBC,False,109,4,Noah Gragson,Front Row Motorsports,Rush Truck Centers,False,28.34,0,5,28,Running,1.544,0.0,0.0,30.0,0.010654267,26.328955,41.09234,62.58461,33279.008,56646.383,95555.31,61314.547
5581,Bank of America ROVAL 400,Charlotte Motor Speedway Road Course,road,2025-10-05,USA,NBC,False,109,77,Carson Hocevar,Spire Motorsports,Modo Casino,False,29.66,0,4,29,Running,1.544,0.0,0.0,33.0,0.009809561,23.91153,37.828487,58.100643,30466.133,52195.047,89218.62,56657.62
5581,Bank of America ROVAL 400,Charlotte Motor Speedway Road Course,road,2025-10-05,USA,NBC,False,109,43,Erik Jones,Legacy Motor Club,TriState Vacuum & Rentall LLC,False,26.95,0,2,30,Running,1.544,0.0,0.0,29.0,0.011640146,28.844934,44.8694,67.53458,36675.957,61592.586,102863.67,66656.71
5581,Bank of America ROVAL 400,Charlotte Motor Speedway Road Course,road,2025-10-05,USA,NBC,False,109,3,Austin Dillon,Richard Childress Racing,Titan Risk Solutions,False,28.34,0,1,31,Running,1.544,0.0,0.0,31.0,0.010654267,26.328955,41.09234,62.58461,33279.008,56646.383,95555.31,61314.547
5581,Bank of America ROVAL 400,Charlotte Motor Speedway Road Course,road,2025-10-05,USA,NBC,False,109,66,Josh Bilicki,Garage 66,Truan Equipment,False,33.3,0,0,32,Running,1.544,0.0,0.0,35.0,0.007804633,18.270742,30.104769,48.13459,23343.943,41607.35,73951.68,45645.33
5581,Bank of America ROVAL 400,Charlotte Motor Speedway Road Course,road,2025-10-05,USA,NBC,False,109,51,Cody Ware,Rick Ware Racing,Parts Plus-Pronto,False,31.55,0,0,33,Running,1.544,0.0,0.0,34.0,0.008718466,20.767635,33.460068,52.68855,26515.035,46599.41,80911.69,50627.49
5581,Bank of America ROVAL 400,Charlotte Motor Speedway Road Course,road,2025-10-05,USA,NBC,False,109,8,Kyle Busch,Richard Childress Racing,Bank OZK,False,36.27,0,0,34,Running,1.544,0.0,0.0,37.0,0.006498597,14.558715,25.052746,41.553402,18709.078,34712.754,63765.164,38336.64
5581,Bank of America ROVAL 400,Charlotte Motor Speedway Road Course,road,2025-10-05,USA,NBC,False,109,6,Brad Keselowski,RFK Racing,Castrol,False,21.03,0,33,35,Drivetrain,1.544,0.0,0.0,21.0,0.016804952,43.709526,64.61493,93.99742,54186.44,88837.42,145211.92,95530.016
5581,Bank of America ROVAL 400,Charlotte Motor Speedway Road Course,road,2025-10-05,USA,NBC,False,109,2,Austin Cindric,Team Penske,Menards\Richmond Water Heaters,False,34.05,0,2,36,Running,1.544,0.0,0.0,36.0,0.0074473945,17.245214,28.727882,46.37983,21994.096,39902.31,71359.39,43670.844
5581,Bank of America ROVAL 400,Charlotte Motor Speedway Road Course,road,2025-10-05,USA,NBC,False,109,35,Riley Herbst,23XI Racing,Monster Energy Zero Sugar,False,28.43,0,2,37,Running,1.544,0.0,0.0,32.0,0.010592971,26.139666,40.842026,62.27212,33074.684,56317.61,95196.97,60984.6
5582,South Point 400,Las Vegas Motor Speedway,intermediate,2025-10-12,USA,NBC,False,267,11,Denny Hamlin,Joe Gibbs Racing,ampm,False,4.74,9,264,1,Running,1.717,0.033707865168539325,0.0,2.0,0.048195727,122.09224,185.5896,274.20847,170159.73,287550.06,474212.94,306641.9
5582,South Point 400,Las Vegas Motor Speedway,intermediate,2025-10-12,USA,NBC,False,267,5,Kyle Larson,Hendrick Motorsports,HendrickCars.com,False,2.84,129,265,2,Running,1.717,0.48314606741573035,0.0,1.0,0.12518539,323.23123,479.1552,704.61066,455641.94,739375.4,1.2142972e+06,794305.0
5582,South Point 400,Las Vegas Motor Speedway,intermediate,2025-10-12,USA,NBC,False,267,20,Christopher Bell,Joe Gibbs Racing,Rheem,False,7.22,0,257,3,Running,1.717,0.0,0.0,6.0,0.03659559,91.34198,139.80446,208.39542,128287.29,217833.9,358702.06,232607.22
5582,South Point 400,Las Vegas Motor Speedway,intermediate,2025-10-12,USA,NBC,False,267,19,Chase Briscoe,Joe Gibbs Racing,Bass Pro Shops,False,4.86,57,258,4,Running,1.717,0.21348314606741572,0.0,3.0,0.07678312,199.7336,294.89795,429.01898,280034.9,458097.44,730679.44,485365.53
5582,South Point 400,Las Vegas Motor Speedway,intermediate,2025-10-12,USA,NBC,False,267,45,Tyler Reddick,23XI Racing,Jordan Brand,False,5.03,1,259,5,Running,1.717,0.003745318352059925,0.0,4.0,0.04252534,104.8669,163.86462,246.2331,147471.6,253688.0,423676.5,271459.6
5582,South Point 400,Las Vegas Motor Speedway,intermediate,2025-10-12,USA,NBC,False,267,22,Joey Logano,Team Penske,Shell Pennzoil,False,10.79,1,218,6,Running,1.717,0.003745318352059925,0.0,7.0,0.029952535,77.13184,114.40178,167.60591,107867.836,178801.98,287131.84,189117.23
5582,South Point 400,Las Vegas Motor Speedway,intermediate,2025-10-12,USA,NBC,False,267,48,Alex Bowman,Hendrick Motorsports,Ally,False,10.97,0,219,7,Running,1.717,0.0,0.0,8.0,0.029005408,74.547035,110.9796,162.49667,104136.55,173246.94,278319.25,183251.4
5582,South Point 400,Las Vegas Motor Speedway,intermediate,2025-10-12,USA,NBC,False,267,8,Kyle Busch,Richard Childress Racing,zone nicotine pouches,False,19.62,0,104,8,Running,1.717,0.0,0.0,20.0,0.016880168,44.056347,64.68877,94.19862,61301.176,99775.5,162441.4,106782.25
5582,South Point 400,Las Vegas Motor Speedway,intermediate,2025-10-12,USA,NBC,False,267,60,Ryan Preece,RFK Racing,Sysco / crumbl,False,21.58,0,123,9,Running,1.717,0.0,0.0,23.0,0.014959705,38.76016,57.482887,83.87187,53547.117,88353.46,144425.39,94668.43
5582,South Point 400,Las Vegas Motor Speedway,intermediate,2025-10-12,USA,NBC,False,267,6,Brad Keselowski,RFK Racing,Nexlizet,False,15.62,2,146,10,Running,1.717,0.00749063670411985,0.0,14.0,0.022749249,60.68125,87.79966,126.27672,83294.13,135848.72,216944.02,144370.34
5582,South Point 400,Las Vegas Motor Speedway,intermediate,2025-10-12,USA,NBC,False,267,2,Austin Cindric,Team Penske,AutoTrader,False,25.07,0,10,11,Running,1.717,0.0,0.0,26.0,0.0119699,30.416403,46.3201,68.42427,42465.156,70914.2,117561.67,76536.95
5582,South Point 400,Las Vegas Motor Speedway,intermediate,2025-10-12,USA,NBC,False,267,17,Chris Buescher,RFK Racing,Kroger / International Delight,False,12.37,0,246,12,Running,1.717,0.0,0.0,10.0,0.026548013,69.096886,101.79692,148.77866,95503.92,158598.66,253550.66,167753.58
5582,South Point 400,Las Vegas Motor Speedway,intermediate,2025-10-12,USA,NBC,False,267,4,Noah Gragson,Front Row Motorsports,Rush Truck Centers,False,17.02,0,94,13,Running,1.717,0.0,0.0,15.0,0.019783877,52.198433,76.21395,110.38107,71743.08,117617.58,189023.58,125416.84
5582,South Point 400,Las Vegas Motor Speedway,intermediate,2025-10-12,USA,NBC,False,267,47,Ricky Stenhouse Jr,HYAK Motorsports,Real American Beer,False,19.92,0,34,14,Running,1.717,0.0,0.0,21.0,0.016571302,43.13435,63.44346,92.296295,59902.816,97823.34,159510.16,104827.29
5582,South Point 400,Las Vegas Motor Speedway,intermediate,2025-10-12,USA,NBC,False,267,43,Erik Jones,Legacy Motor Club,Dollar Tree,False,20.95,0,32,15,Running,1.717,0.0,0.0,22.0,0.015547878,40.322937,59.7107,87.02897,55824.43,91993.35,150244.52,98396.49
5582,South Point 400,Las Vegas Motor Speedway,intermediate,2025-10-12,USA,NBC,False,267,71,Michael McDowell,Spire Motorsports,Delaware Life,False,22.82,0,51,16,Running,1.717,0.0,0.0,25.0,0.013817852,35.566864,53.341835,78.03444,49384.96,81616.625,133460.64,87757.42
5582,South Point 400,Las Vegas Motor Speedway,intermediate,2025-10-12,USA,NBC,False,267,35,Riley Herbst,23XI Racing,Hungry Jack,False,25.58,0,7,17,Running,1.717,0.0,0.0,29.0,0.011586046,29.353472,44.969933,66.60262,40958.066,68948.375,113943.58,74209.93
5582,South Point 400,Las Vegas Motor Speedway,intermediate,2025-10-12,USA,NBC,False,267,9,Chase Elliott,Hendrick Motorsports,NAPA Auto Parts,False,14.37,0,134,18,Running,1.717,0.0,0.0,12.0,0.023395617,61.227634,90.0509,131.21724,84551.11,139173.56,223714.38,147953.69
5582,South Point 400,Las Vegas Motor Speedway,intermediate,2025-10-12,USA,NBC,False,267,16,AJ Allmendinger,Kaulig Racing,Celsius,False,18.18,0,75,19,Running,1.717,0.0,0.0,16.0,0.018429523,48.433098,70.65277,103.14211,66822.65,109240.72,176768.27,116713.27
5582,South Point 400,Las Vegas Motor Speedway,intermediate,2025-10-12,USA,NBC,False,267,99,Daniel Suárez,Trackhouse Racing,Freeway Hispanic Heritage,False,19.15,0,54,20,Running,1.717,0.0,0.0,19.0,0.017370608,45.520477,66.4769,97.14783,63080.51,102746.75,166938.38,109922.41
5582,South Point 400,Las Vegas Motor Speedway,intermediate,2025-10-12,USA,NBC,False,267,34,Todd Gilliland,Front Row Motorsports,Love's Travel Stops,False,28.3,1,13,21,Running,1.717,0.003745318352059925,0.0,31.0,0.010390939,25.83976,40.34295,61.23554,36284.863,61589.957,104393.65,66762.54
5582,South Point 400,Las Vegas Motor Speedway,intermediate,2025-10-12,USA,NBC,False,267,23,Bubba Wallace,23XI Racing,Robinhood,False,18.57,5,125,22,Running,1.717,0.018726591760299626,0.0,18.0,0.02102704,55.43306,80.46343,116.75082,76690.48,125193.44,200098.62,132767.12
5582,South Point 400,Las Vegas Motor Speedway,intermediate,2025-10-12,USA,NBC,False,267,1,Ross Chastain,Trackhouse Racing,Tootsies Orchid Lounge,False,25.12,0,7,23,Running,1.717,0.0,0.0,27.0,0.011929201,30.327261,46.192223,68.22765,42310.95,70754.11,117224.56,76305.43
5582,South Point 400,Las Vegas Motor Speedway,intermediate,2025-10-12,USA,NBC,False,267,38,Zane Smith,Front Row Motorsports,Long John Silver's,False,21.91,0,9,24,Running,1.717,0.0,0.0,24.0,0.014647676,37.9596,56.391266,82.29005,52445.773,86506.6,141257.88,92775.1
5582,South Point 400,Las Vegas Motor Speedway,intermediate,2025-10-12,USA,NBC,False,267,3,Austin Dillon,Richard Childress Racing,Get Bioethanol,False,18.49,0,118,25,Running,1.717,0.0,0.0,17.0,0.018077191,47.49489,69.31618,101.32859,65360.15,106917.5,173617.67,114496.37
5582,South Point 400,Las Vegas Motor Speedway,intermediate,2025-10-12,USA,NBC,False,267,21,Josh Berry,Wood Brothers Racing,Motorcraft \ Quick Lane,False,27.94,0,3,26,Running,1.717,0.0,0.0,30.0,0.0100066345,24.799301,38.824898,58.931477,34968.06,59358.74,100068.84,64371.15
5582,South Point 400,Las Vegas Motor Speedway,intermediate,2025-10-12,USA,NBC,False,267,7,Justin Haley,Spire Motorsports,Fly Alliance,False,29.01,0,12,27,Running,1.717,0.0,0.0,33.0,0.009349657,23.063787,36.36019,55.821217,32449.555,55389.953,94744.51,60371.96
5582,South Point 400,Las Vegas Motor Speedway,intermediate,2025-10-12,USA,NBC,False,267,41,Cole Custer,Haas Factory Team,HaasTooling.com,False,29.0,1,9,28,Running,1.717,0.003745318352059925,0.0,32.0,0.009970203,24.705595,38.805237,59.314877,34819.36,59182.41,100880.39,64175.344
5582,South Point 400,Las Vegas Motor Speedway,intermediate,2025-10-12,USA,NBC,False,267,42,John H. Nemechek,Legacy Motor Club,Pye Barker Fire & Safety,False,25.29,0,6,29,Running,1.717,0.0,0.0,28.0,0.011806178,29.950533,45.729073,67.64465,41785.918,70095.83,116065.836,75523.87
5582,South Point 400,Las Vegas Motor Speedway,intermediate,2025-10-12,USA,NBC,False,267,44,JJ Yeley,NY Racing Team,Epoxy Depot,True,34.57,0,7,30,Running,1.717,0.0,0.0,37.0,0.0066343816,15.2754965,25.550093,41.758945,21683.55,39471.258,70836.72,43411.312
5582,South Point 400,Las Vegas Motor Speedway,intermediate,2025-10-12,USA,NBC,False,267,78,Katherine Legge,Live Fast Motorsports,Desnuda,False,36.76,0,0,31,Running,1.717,0.0,0.0,38.0,0.0057864226,12.891989,22.179497,37.572937,18459.824,34541.19,63245.055,38183.797
5582,South Point 400,Las Vegas Motor Speedway,intermediate,2025-10-12,USA,NBC,False,267,77,Carson Hocevar,Spire Motorsports,Classic Collision,False,13.72,6,173,32,Accident,1.717,0.02247191011235955,1.0,11.0,0.039274435,102.22445,150.9451,219.16779,140776.3,233335.38,377202.25,248023.78
5582,South Point 400,Las Vegas Motor Speedway,intermediate,2025-10-12,USA,NBC,False,267,88,Shane Van Gisbergen,Trackhouse Racing,Jockey New Zealand,False,15.25,0,156,33,Accident,1.717,0.0,1.0,13.0,0.033416398,86.04319,128.23572,188.26488,118735.16,198176.34,322674.5,211348.08
5582,South Point 400,Las Vegas Motor Speedway,intermediate,2025-10-12,USA,NBC,False,267,54,Ty Gibbs,Joe Gibbs Racing,SAIA LTL Freight,False,11.37,0,224,34,Accident,1.717,0.0,1.0,9.0,0.039670013,101.71265,152.15562,222.31989,140257.25,235067.06,383196.03,249991.55
5582,South Point 400,Las Vegas Motor Speedway,intermediate,2025-10-12,USA,NBC,False,267,51,Cody Ware,Rick Ware Racing,Arby's Steak Nuggets,False,33.99,0,0,35,Accident,1.717,0.0,1.0,35.0,0.018463079,43.952797,69.351524,108.15768,61838.184,107178.34,181494.95,116234.09
5582,South Point 400,Las Vegas Motor Speedway,intermediate,2025-10-12,USA,NBC,False,267,24,William Byron,Hendrick Motorsports,Relay Payments,False,6.96,55,230,36,Accident,1.717,0.20599250936329588,1.0,5.0,0.081401736,212.75337,312.1441,450.51483,298356.16,484266.2,777510.1,515017.3
5582,South Point 400,Las Vegas Motor Speedway,intermediate,2025-10-12,USA,NBC,False,267,10,Ty Dillon,Kaulig Racing,Sugarlands x Field & Stream,False,34.48,0,0,37,Accident,1.717,0.0,1.0,36.0,0.018279783,43.285915,68.55963,107.21569,61060.76,105989.91,179795.95,114957.02
5582,South Point 400,Las Vegas Motor Speedway,intermediate,2025-10-12,USA,NBC,False,267,12,Ryan Blaney,Team Penske,Menards\Cardell Cabinetry,False,31.37,0,63,38,Accident,1.717,0.0,1.0,34.0,0.019604288,47.5148,73.86843,114.20041,66980.2,114505.97,190969.7,123763.4
5580,YellaWood 500,Talladega Superspeedway,superspeedway,2025-10-19,NBC,NBC,True,193,19,Chase Briscoe,Joe Gibbs Racing,,False,12.88,16,125,1,Unknown (feed empty),2.556,0.08290155440414508,0.0,5.0,0.04426597,117.43556,170.58392,245.21179,242657.12,395167.8,630717.3,417105.03
5580,YellaWood 500,Talladega Superspeedway,superspeedway,2025-10-19,NBC,NBC,True,193,34,Todd Gilliland,Front Row Motorsports,,False,15.24,11,104,2,Unknown (feed empty),2.556,0.05699481865284974,0.0,12.0,0.035612714,94.395256,137.31021,197.1878,195129.38,316850.44,506055.3,335827.6
5580,YellaWood 500,Talladega Superspeedway,superspeedway,2025-10-19,NBC,NBC,True,193,54,Ty Gibbs,Joe Gibbs Racing,,False,14.08,4,103,3,Unknown (feed empty),2.556,0.02072538860103627,0.0,10.0,0.031384014,82.21846,121.09064,175.39355,168346.39,280037.8,445377.2,295369.5
5580,YellaWood 500,Talladega Superspeedway,superspeedway,2025-10-19,NBC,NBC,True,193,23,Bubba Wallace,23XI Racing,,False,13.71,5,115,4,Unknown (feed empty),2.556,0.025906735751295335,0.0,9.0,0.032950312,86.452354,126.91925,183.9573,176778.73,294003.4,467199.78,309992.75
5580,YellaWood 500,Talladega Superspeedway,superspeedway,2025-10-19,NBC,NBC,True,193,41,Cole Custer,Haas Factory Team,,False,20.94,0,51,5,Unknown (feed empty),2.556,0.0,0.0,26.0,0.018072639,47.566204,69.3627,100.7495,97630.305,160211.6,258684.92,170287.9
5580,YellaWood 500,Talladega Superspeedway,superspeedway,2025-10-19,NBC,NBC,True,193,77,Carson Hocevar,Spire Motorsports,,False,18.0,0,77,6,Unknown (feed empty),2.556,0.0,0.0,19.0,0.02174265,57.081783,83.62377,121.337776,117219.195,192597.19,308818.22,204493.95
5580,YellaWood 500,Talladega Superspeedway,superspeedway,2025-10-19,NBC,NBC,True,193,45,Tyler Reddick,23XI Racing,,False,16.17,3,83,7,Unknown (feed empty),2.556,0.015544041450777202,0.0,14.0,0.027073216,71.35593,104.473976,150.617,145955.4,240167.14,381908.03,254625.05
5580,YellaWood 500,Talladega Superspeedway,superspeedway,2025-10-19,NBC,NBC,True,193,20,Christopher Bell,Joe Gibbs Racing,,False,13.01,0,128,8,Unknown (feed empty),2.556,0.0,0.0,7.0,0.029693719,75.863434,113.96929,166.72032,157358.83,262730.9,427743.06,280046.4
5580,YellaWood 500,Talladega Superspeedway,superspeedway,2025-10-19,NBC,NBC,True,193,38,Zane Smith,Front Row Motorsports,,False,21.59,2,50,9,Unknown (feed empty),2.556,0.010362694300518135,0.0,28.0,0.0191797,50.76585,73.459404,106.216156,103957.09,169241.81,272514.28,180412.36
5580,YellaWood 500,Talladega Superspeedway,superspeedway,2025-10-19,NBC,NBC,True,193,6,Brad Keselowski,RFK Racing,,False,11.45,7,138,10,Unknown (feed empty),2.556,0.03626943005181347,0.0,3.0,0.03903754,102.01511,150.93466,218.24927,208906.25,348272.03,556389.6,368216.28
5580,YellaWood 500,Talladega Superspeedway,superspeedway,2025-10-19,NBC,NBC,True,193,88,Shane Van Gisbergen,Trackhouse Racing,,False,18.28,0,74,11,Unknown (feed empty),2.556,0.0,0.0,20.0,0.021361038,56.08987,82.14028,118.88529,115142.55,189110.72,303956.4,200945.75
5580,YellaWood 500,Talladega Superspeedway,superspeedway,2025-10-19,NBC,NBC,True,193,99,Daniel Suárez,Trackhouse Racing,,False,18.7,2,73,12,Unknown (feed empty),2.556,0.010362694300518135,0.0,22.0,0.022547986,59.73122,86.538666,124.53243,121877.81,199980.28,318463.03,212586.05
5580,YellaWood 500,Talladega Superspeedway,superspeedway,2025-10-19,NBC,NBC,True,193,1,Ross Chastain,Trackhouse Racing,,False,18.65,3,71,13,Unknown (feed empty),2.556,0.015544041450777202,0.0,21.0,0.02350974,62.25706,90.32642,130.20993,127696.516,208762.78,331015.94,221619.05
5580,YellaWood 500,Talladega Superspeedway,superspeedway,2025-10-19,NBC,NBC,True,193,42,John H. Nemechek,Legacy Motor Club,,False,19.07,11,56,14,Unknown (feed empty),2.556,0.05699481865284974,0.0,23.0,0.030196784,78.76944,116.3062,165.55414,165346.6,267237.03,426135.03,283910.9
5580,YellaWood 500,Talladega Superspeedway,superspeedway,2025-10-19,NBC,NBC,True,193,60,Ryan Preece,RFK Racing,,False,15.01,1,123,15,Unknown (feed empty),2.556,0.0051813471502590676,0.0,11.0,0.02712308,70.344635,103.97167,151.83607,145468.05,240598.11,386235.6,255170.42
5580,YellaWood 500,Talladega Superspeedway,superspeedway,2025-10-19,NBC,NBC,True,193,22,Joey Logano,Team Penske,,False,7.6,35,155,16,Unknown (feed empty),2.556,0.18134715025906736,0.0,1.0,0.07335964,191.87166,280.5954,408.7303,396555.16,653744.75,1.04815456e+06,690616.7
5580,YellaWood 500,Talladega Superspeedway,superspeedway,2025-10-19,NBC,NBC,True,193,71,Michael McDowell,Spire Motorsports,,False,12.55,5,130,17,Unknown (feed empty),2.556,0.025906735751295335,0.0,4.0,0.035091177,92.091866,135.32553,196.3363,187462.89,313407.0,498988.6,330455.06
5580,YellaWood 500,Talladega Superspeedway,superspeedway,2025-10-19,NBC,NBC,True,193,66,Casey Mears,Garage 66,,False,29.74,0,7,18,Unknown (feed empty),2.556,0.0,0.0,31.0,0.01047034,26.14735,40.46034,60.674225,54636.71,92156.75,153448.1,99424.39
5580,YellaWood 500,Talladega Superspeedway,superspeedway,2025-10-19,NBC,NBC,True,193,8,Kyle Busch,Richard Childress Racing,,False,10.43,26,150,19,Unknown (feed empty),2.556,0.13471502590673576,0.0,2.0,0.05825974,153.78622,223.91797,323.46893,317212.12,518501.8,832622.6,549034.2
5580,YellaWood 500,Talladega Superspeedway,superspeedway,2025-10-19,NBC,NBC,True,193,10,Ty Dillon,Kaulig Racing,,False,17.85,2,87,20,Unknown (feed empty),2.556,0.010362694300518135,0.0,18.0,0.023722017,62.58567,91.02763,131.52385,128132.77,209974.34,336092.72,223263.88
5580,YellaWood 500,Talladega Superspeedway,superspeedway,2025-10-19,NBC,NBC,True,193,62,Anthony Alfredo,Beard Motorsports,,False,17.16,2,90,21,Unknown (feed empty),2.556,0.010362694300518135,0.0,17.0,0.024703532,65.131195,94.98904,137.41574,132979.25,218605.3,349898.5,232380.22
5580,YellaWood 500,Talladega Superspeedway,superspeedway,2025-10-19,NBC,NBC,True,193,33,Austin Hill,Richard Childress Racing,,False,19.47,0,74,22,Unknown (feed empty),2.556,0.0,0.0,24.0,0.019807603,52.28734,76.043816,110.35998,107287.91,175706.39,282437.9,186570.81
5580,YellaWood 500,Talladega Superspeedway,superspeedway,2025-10-19,NBC,NBC,True,193,12,Ryan Blaney,Team Penske,,False,12.92,3,115,23,Unknown (feed empty),2.556,0.015544041450777202,0.0,6.0,0.032568596,84.572,125.31657,182.60388,174036.94,290377.12,464507.16,306914.38
5580,YellaWood 500,Talladega Superspeedway,superspeedway,2025-10-19,NBC,NBC,True,193,11,Denny Hamlin,Joe Gibbs Racing,,False,20.4,3,69,24,Unknown (feed empty),2.556,0.015544041450777202,0.0,25.0,0.021421649,56.56501,82.18318,117.803825,116358.86,189592.1,302466.12,201352.23
5580,YellaWood 500,Talladega Superspeedway,superspeedway,2025-10-19,NBC,NBC,True,193,24,William Byron,Hendrick Motorsports,,False,16.08,4,94,25,Unknown (feed empty),2.556,0.02072538860103627,0.0,13.0,0.028112907,74.24962,108.21396,156.20772,151237.7,249839.19,397241.06,264348.6
5580,YellaWood 500,Talladega Superspeedway,superspeedway,2025-10-19,NBC,NBC,True,193,5,Kyle Larson,Hendrick Motorsports,,False,16.49,6,70,26,Unknown (feed empty),2.556,0.031088082901554404,0.0,15.0,0.029314559,77.314964,112.45108,161.41878,159170.39,260658.47,412241.28,275321.2
5580,YellaWood 500,Talladega Superspeedway,superspeedway,2025-10-19,NBC,NBC,True,193,3,Austin Dillon,Richard Childress Racing,,False,30.76,0,4,27,Unknown (feed empty),2.556,0.0,0.0,33.0,0.009814573,24.367159,37.922245,57.673264,51184.55,86316.33,144851.28,93501.766
5580,YellaWood 500,Talladega Superspeedway,superspeedway,2025-10-19,NBC,NBC,True,193,78,BJ McLeod,Live Fast Motorsports,,False,32.31,0,4,28,Unknown (feed empty),2.556,0.0,0.0,35.0,0.0088984575,21.87734,34.4255,52.54602,46071.727,78471.01,133324.47,85202.15
5580,YellaWood 500,Talladega Superspeedway,superspeedway,2025-10-19,NBC,NBC,True,193,48,Alex Bowman,Hendrick Motorsports,,False,21.05,0,52,29,Unknown (feed empty),2.556,0.0,0.0,27.0,0.017962977,47.31992,68.93874,100.046394,97030.22,159016.12,256792.22,169131.22
5580,YellaWood 500,Talladega Superspeedway,superspeedway,2025-10-19,NBC,NBC,True,193,17,Chris Buescher,RFK Racing,,False,13.52,4,129,30,Unknown (feed empty),2.556,0.02072538860103627,0.0,8.0,0.03237136,84.716896,124.776474,181.16716,173829.61,289108.06,460387.0,304816.38
5580,YellaWood 500,Talladega Superspeedway,superspeedway,2025-10-19,NBC,NBC,True,193,51,Cody Ware,Rick Ware Racing,,False,22.62,5,44,31,Unknown (feed empty),2.556,0.025906735751295335,0.0,30.0,0.020805256,54.737366,80.14865,114.9544,113286.4,183536.7,293463.78,195594.44
5580,YellaWood 500,Talladega Superspeedway,superspeedway,2025-10-19,NBC,NBC,True,193,35,Riley Herbst,23XI Racing,,False,22.44,1,46,32,Unknown (feed empty),2.556,0.0051813471502590676,0.0,29.0,0.017376672,45.748604,66.78243,96.05818,94068.13,152949.03,247767.5,163623.77
5580,YellaWood 500,Talladega Superspeedway,superspeedway,2025-10-19,NBC,NBC,True,193,21,Josh Berry,Wood Brothers Racing,,False,17.09,27,96,33,Unknown (feed empty),2.556,0.13989637305699482,0.0,16.0,0.047020957,122.049576,179.87537,261.9199,255483.61,412167.2,669525.56,443856.75
5580,YellaWood 500,Talladega Superspeedway,superspeedway,2025-10-19,NBC,NBC,True,193,2,Austin Cindric,Team Penske,,False,33.23,2,12,34,Unknown (feed empty),2.556,0.010362694300518135,0.0,37.0,0.010218872,25.398977,39.423485,60.25434,52993.0,90121.39,153140.84,97488.445
5580,YellaWood 500,Talladega Superspeedway,superspeedway,2025-10-19,NBC,NBC,True,193,43,Erik Jones,Legacy Motor Club,,False,34.64,0,4,35,Unknown (feed empty),2.556,0.0,0.0,38.0,0.007692864,18.395956,29.606873,46.55287,38946.656,68153.09,118343.85,74154.875
5580,YellaWood 500,Talladega Superspeedway,superspeedway,2025-10-19,NBC,NBC,True,193,4,Noah Gragson,Front Row Motorsports,,False,30.0,2,21,36,Unknown (feed empty),2.556,0.010362694300518135,0.0,32.0,0.01210562,30.692429,46.649963,69.27615,63641.016,106763.3,177131.6,114720.49
5580,YellaWood 500,Talladega Superspeedway,superspeedway,2025-10-19,NBC,NBC,True,193,16,AJ Allmendinger,Kaulig Racing,,False,34.76,1,4,37,Unknown (feed empty),2.556,0.0051813471502590676,0.0,39.0,0.008548195,20.835888,33.020523,51.154205,43656.99,75756.92,130797.734,82049.56
5580,YellaWood 500,Talladega Superspeedway,superspeedway,2025-10-19,NBC,NBC,True,193,47,Ricky Stenhouse Jr,HYAK Motorsports,,False,32.46,0,22,38,Unknown (feed empty),2.556,0.0,0.0,36.0,0.008816987,21.627731,34.134586,52.101135,45567.637,77766.92,132267.1,84441.15
5580,YellaWood 500,Talladega Superspeedway,superspeedway,2025-10-19,NBC,NBC,True,193,7,Justin Haley,Spire Motorsports,,False,30.84,0,41,39,Unknown (feed empty),2.556,0.0,0.0,34.0,0.0097659845,24.21902,37.730324,57.4375,50889.0,85831.36,144193.28,93053.18
5580,YellaWood 500,Talladega Superspeedway,superspeedway,2025-10-19,NBC,NBC,True,193,9,Chase Elliott,Hendrick Motorsports,,False,36.6,0,4,40,Unknown (feed empty),2.556,0.0,0.0,40.0,0.006799443,15.9501095,26.25148,42.13781,33790.61,60181.14,107122.93,66031.51
5584,Xfinity 500,Martinsville Speedway,short,2025-10-26,NBC,NBC,True,500,24,William Byron,Hendrick Motorsports,Cincinnati,False,1.8,304,500,1,Running,2.35,0.608,0.0,1.0,0.15846922,407.10965,605.55676,894.1004,787922.06,1.272744e+06,2.0961005e+06,1.375026e+06
5584,Xfinity 500,Martinsville Speedway,short,2025-10-26,NBC,NBC,True,500,12,Ryan Blaney,Team Penske,Discount Tire,False,7.29,177,424,2,Running,2.35,0.354,0.0,5.0,0.09877227,254.3694,377.2985,555.2276,492381.0,793679.6,1.3041336e+06,857925.75
5584,Xfinity 500,Martinsville Speedway,short,2025-10-26,NBC,NBC,True,500,9,Chase Elliott,Hendrick Motorsports,Llumar,False,5.0,0,497,3,Running,2.35,0.0,0.0,2.0,0.044598393,109.91617,171.15787,256.6676,211197.12,363422.44,603090.56,388387.97
5584,Xfinity 500,Martinsville Speedway,short,2025-10-26,NBC,NBC,True,500,1,Ross Chastain,Trackhouse Racing,Moose Fraternity,False,12.53,8,255,4,Running,2.35,0.016,0.0,11.0,0.030579008,80.298386,117.769745,170.16512,151293.23,249448.03,398529.12,264230.97
5584,Xfinity 500,Martinsville Speedway,short,2025-10-26,NBC,NBC,True,500,5,Kyle Larson,Hendrick Motorsports,HendrickCars.com,False,5.12,0,499,5,Running,2.35,0.0,0.0,3.0,0.04426527,109.04393,169.75624,254.62515,209824.55,360948.62,597670.94,385403.88
5584,Xfinity 500,Martinsville Speedway,short,2025-10-26,NBC,NBC,True,500,60,Ryan Preece,RFK Racing,Castrol / TravelCenters of America,False,9.72,0,437,6,Running,2.35,0.0,0.0,9.0,0.033264592,84.722404,127.12203,186.74484,162308.77,270152.12,438081.8,287330.72
5584,Xfinity 500,Martinsville Speedway,short,2025-10-26,NBC,NBC,True,500,20,Christopher Bell,Joe Gibbs Racing,Coofandy Menswear,False,8.02,0,499,7,Running,2.35,0.0,0.0,6.0,0.03695315,93.12604,141.20572,206.88292,178170.3,300944.5,490480.66,320121.56
5584,Xfinity 500,Martinsville Speedway,short,2025-10-26,NBC,NBC,True,500,22,Joey Logano,Team Penske,Shell Pennzoil,False,6.07,0,496,8,Running,2.35,0.0,0.0,4.0,0.041742124,103.41287,159.62744,238.73936,199048.94,340142.66,560432.94,362608.25
5584,Xfinity 500,Martinsville Speedway,short,2025-10-26,NBC,NBC,True,500,34,Todd Gilliland,Front Row Motorsports,Grillo's Pickles,False,9.3,0,499,9,Running,2.35,0.0,0.0,8.0,0.034128956,87.00493,130.67596,191.3986,166396.45,277115.53,449582.22,295090.47
5584,Xfinity 500,Martinsville Speedway,short,2025-10-26,NBC,NBC,True,500,21,Josh Berry,Wood Brothers Racing,Motorcraft \ Quick Lane,False,16.4,0,149,10,Running,2.35,0.0,0.0,17.0,0.021761818,57.533615,83.95244,121.63576,108224.56,177753.98,286447.5,188903.69
5584,Xfinity 500,Martinsville Speedway,short,2025-10-26,NBC,NBC,True,500,45,Tyler Reddick,23XI Racing,Chumba Casino,False,13.4,6,384,11,Running,2.35,0.012,0.0,13.0,0.028429018,74.793686,109.07953,157.69754,140923.81,231059.66,369136.44,245532.16
5584,Xfinity 500,Martinsville Speedway,short,2025-10-26,NBC,NBC,True,500,54,Ty Gibbs,Joe Gibbs Racing,Monster Energy,False,8.09,0,491,12,Running,2.35,0.0,0.0,7.0,0.036800243,92.75623,140.58244,205.89912,177349.75,299691.3,488183.38,318696.75
5584,Xfinity 500,Martinsville Speedway,short,2025-10-26,NBC,NBC,True,500,8,Kyle Busch,Richard Childress Racing,BetMGM,False,15.25,0,244,13,Running,2.35,0.0,0.0,15.0,0.023427496,61.7022,90.190506,130.50706,116827.516,190583.28,307036.12,202925.86
5584,Xfinity 500,Martinsville Speedway,short,2025-10-26,NBC,NBC,True,500,88,Shane Van Gisbergen,Trackhouse Racing,Safety Culture,False,13.56,0,388,14,Running,2.35,0.0,0.0,14.0,0.026116857,68.39426,100.59653,146.22542,129500.38,212566.77,342133.8,225544.7
5584,Xfinity 500,Martinsville Speedway,short,2025-10-26,NBC,NBC,True,500,2,Austin Cindric,Team Penske,Menards\Richmond Water Heaters,False,10.05,0,459,15,Running,2.35,0.0,0.0,10.0,0.03254973,83.20885,124.47327,182.42572,159341.05,264731.84,428199.97,281383.7
5584,Xfinity 500,Martinsville Speedway,short,2025-10-26,NBC,NBC,True,500,3,Austin Dillon,Richard Childress Racing,BPS/Winchester Waterfowl,False,22.78,0,14,16,Running,2.35,0.0,0.0,23.0,0.01469354,37.534393,56.779243,83.12739,72157.89,118842.71,195435.27,127552.53
5584,Xfinity 500,Martinsville Speedway,short,2025-10-26,NBC,NBC,True,500,41,Cole Custer,Haas Factory Team,Texas A&M University,False,13.29,0,322,17,Running,2.35,0.0,0.0,12.0,0.02656468,69.55673,102.28801,148.5148,131489.88,216245.78,347577.9,229396.52
5584,Xfinity 500,Martinsville Speedway,short,2025-10-26,NBC,NBC,True,500,23,Bubba Wallace,23XI Racing,Xfinity Mobile,False,20.49,0,0,18,Running,2.35,0.0,0.0,19.0,0.01695954,43.98162,65.117004,94.98638,83309.234,136675.8,223070.81,146730.75
5584,Xfinity 500,Martinsville Speedway,short,2025-10-26,NBC,NBC,True,500,7,Justin Haley,Spire Motorsports,Nations Guard,False,25.76,0,0,19,Running,2.35,0.0,0.0,28.0,0.01220911,30.554964,46.97461,70.37816,58462.832,98825.8,163619.12,106456.914
5584,Xfinity 500,Martinsville Speedway,short,2025-10-26,NBC,NBC,True,500,6,Brad Keselowski,RFK Racing,BuildSubmarines.com,False,21.65,0,0,20,Running,2.35,0.0,0.0,20.0,0.015766868,40.57334,60.78906,88.733475,77760.16,127150.35,208021.23,136663.58
5584,Xfinity 500,Martinsville Speedway,short,2025-10-26,NBC,NBC,True,500,42,John H. Nemechek,Legacy Motor Club,Pye Barker Fire & Safety,False,29.61,0,0,21,Running,2.35,0.0,0.0,32.0,0.0095983,23.292475,37.051857,56.933422,45357.258,77840.19,133323.97,84492.21
5584,Xfinity 500,Martinsville Speedway,short,2025-10-26,NBC,NBC,True,500,99,Daniel Suárez,Trackhouse Racing,Jockey Infinite Cool Underwear,False,25.34,0,0,22,Running,2.35,0.0,0.0,26.0,0.012535725,31.492449,48.362305,71.949554,60245.6,101468.53,168170.92,109193.14
5584,Xfinity 500,Martinsville Speedway,short,2025-10-26,NBC,NBC,True,500,48,Alex Bowman,Hendrick Motorsports,Ally,False,18.46,0,91,23,Running,2.35,0.0,0.0,18.0,0.019204982,50.4251,73.64343,106.82371,95116.34,155618.67,251026.38,166267.36
5584,Xfinity 500,Martinsville Speedway,short,2025-10-26,NBC,NBC,True,500,71,Michael McDowell,Spire Motorsports,Gainbridge/WIMNA,False,25.63,5,48,24,Running,2.35,0.01,0.0,27.0,0.014037015,35.715385,54.114014,79.8894,67891.234,113895.94,188052.23,122057.01
5584,Xfinity 500,Martinsville Speedway,short,2025-10-26,NBC,NBC,True,500,38,Zane Smith,Front Row Motorsports,Long John Silver's,False,23.43,0,0,25,Running,2.35,0.0,0.0,24.0,0.01411665,35.88914,54.493217,80.21355,68831.13,114117.805,187116.81,122603.016
5584,Xfinity 500,Martinsville Speedway,short,2025-10-26,NBC,NBC,True,500,10,Ty Dillon,Kaulig Racing,Grizzly Nicotine Pouches,False,27.47,0,0,26,Running,2.35,0.0,0.0,30.0,0.010981187,27.176964,42.258366,64.58337,52449.13,88656.41,149309.39,96039.36
5584,Xfinity 500,Martinsville Speedway,short,2025-10-26,NBC,NBC,True,500,47,Ricky Stenhouse Jr,HYAK Motorsports,JackLinks Non-Vegan,False,26.45,0,0,27,Running,2.35,0.0,0.0,29.0,0.011698772,29.064568,45.1911,67.99902,56170.633,94544.09,157786.61,102117.1
5584,Xfinity 500,Martinsville Speedway,short,2025-10-26,NBC,NBC,True,500,16,AJ Allmendinger,Kaulig Racing,Black's Tire,False,30.5,0,0,28,Running,2.35,0.0,0.0,33.0,0.009076392,21.78176,34.993767,54.548428,42457.93,73818.78,127568.89,80129.1
5584,Xfinity 500,Martinsville Speedway,short,2025-10-26,NBC,NBC,True,500,17,Chris Buescher,RFK Racing,Kroger / Core Power,False,29.07,0,0,29,Running,2.35,0.0,0.0,31.0,0.009930889,24.291843,38.302643,58.602043,46962.598,80285.49,137156.9,87260.805
5584,Xfinity 500,Martinsville Speedway,short,2025-10-26,NBC,NBC,True,500,4,Noah Gragson,Front Row Motorsports,FARM RICH,False,31.35,0,0,30,Running,2.35,0.0,0.0,34.0,0.008610342,20.466328,33.094707,52.227505,39877.62,69846.83,121909.75,76183.19
5584,Xfinity 500,Martinsville Speedway,short,2025-10-26,NBC,NBC,True,500,77,Carson Hocevar,Spire Motorsports,Modo Casino,False,25.02,0,46,31,Running,2.35,0.0,0.0,25.0,0.012778821,32.19781,49.35829,73.26824,61604.312,103404.47,171342.95,111327.586
5584,Xfinity 500,Martinsville Speedway,short,2025-10-26,NBC,NBC,True,500,51,Cody Ware,Rick Ware Racing,Rexzilla/Kick.com,False,34.66,0,0,32,Running,2.35,0.0,0.0,35.0,0.0069926935,16.017775,27.009571,44.088158,31092.455,57195.688,102885.91,62664.52
5584,Xfinity 500,Martinsville Speedway,short,2025-10-26,NBC,NBC,True,500,66,Casey Mears,Garage 66,S I Yachts,False,34.76,0,0,33,Electrical,2.35,0.0,0.0,36.0,0.006948975,15.890252,26.855705,43.88556,30858.705,56832.39,102247.97,62297.89
5584,Xfinity 500,Martinsville Speedway,short,2025-10-26,NBC,NBC,True,500,43,Erik Jones,Legacy Motor Club,Dollar Tree,False,22.09,0,134,34,Accident,2.35,0.0,1.0,22.0,0.02752826,69.01599,105.15813,158.60718,131428.67,222127.25,364926.44,238609.58
5584,Xfinity 500,Martinsville Speedway,short,2025-10-26,NBC,NBC,True,500,11,Denny Hamlin,Joe Gibbs Racing,King's Hawaiian,False,15.5,0,332,35,Engine,2.35,0.0,0.0,16.0,0.023048948,60.789673,88.78684,128.13083,114914.83,187753.1,302013.12,199787.2
5584,Xfinity 500,Martinsville Speedway,short,2025-10-26,NBC,NBC,True,500,35,Riley Herbst,23XI Racing,Monster Energy Zero Sugar,False,35.92,0,0,36,Engine,2.35,0.0,0.0,37.0,0.0064759506,14.508106,24.95301,41.40719,28379.145,52756.992,96661.62,58205.344
5584,Xfinity 500,Martinsville Speedway,short,2025-10-26,NBC,NBC,True,500,19,Chase Briscoe,Joe Gibbs Racing,Bass Pro Shops,False,22.0,0,292,37,Engine,2.35,0.0,0.0,21.0,0.015427869,39.641514,59.411476,86.91301,76018.21,124396.7,203780.61,133770.77
5585,NASCAR Cup Series Championship,Phoenix Raceway,short,2025-11-02,NBC,NBC,True,319,12,Ryan Blaney,Team Penske,Menards \ Dutch Boy,False,3.76,20,319,1,Running,2.774,0.06269592476489028,0.0,3.0,0.058929212,150.12796,227.2669,331.94165,335279.94,567342.1,928664.6,604840.2
5585,NASCAR Cup Series Championship,Phoenix Raceway,short,2025-11-02,NBC,NBC,True,319,6,Brad Keselowski,RFK Racing,Castrol,False,16.44,6,108,2,Running,2.774,0.018808777429467086,0.0,16.0,0.024994394,66.21674,95.7899,136.95187,147087.8,240425.75,383428.3,254605.47
5585,NASCAR Cup Series Championship,Phoenix Raceway,short,2025-11-02,NBC,NBC,True,319,5,Kyle Larson,Hendrick Motorsports,HendrickCars.com,False,8.14,0,262,3,Running,2.774,0.0,0.0,5.0,0.036598362,91.909065,139.83179,205.07793,208010.86,351294.5,573212.4,374168.1
5585,NASCAR Cup Series Championship,Phoenix Raceway,short,2025-11-02,NBC,NBC,True,319,22,Joey Logano,Team Penske,Shell Pennzoil,False,7.28,0,319,4,Running,2.774,0.0,0.0,4.0,0.038632415,96.57726,147.5844,218.33975,218076.14,369897.88,606675.94,395285.88
5585,NASCAR Cup Series Championship,Phoenix Raceway,short,2025-11-02,NBC,NBC,True,319,8,Kyle Busch,Richard Childress Racing,Cheddar's Scratch Kitchen,False,19.98,0,57,5,Running,2.774,0.0,0.0,20.0,0.017443672,45.545376,67.15016,97.15491,101507.34,166530.16,270271.84,178197.6
5585,NASCAR Cup Series Championship,Phoenix Raceway,short,2025-11-02,NBC,NBC,True,319,11,Denny Hamlin,Joe Gibbs Racing,Progressive,False,2.28,208,319,6,Running,2.774,0.6520376175548589,0.0,1.0,0.16401103,420.40558,627.478,929.6773,958806.94,1.5533496e+06,2.5751652e+06,1.6815446e+06
5585,NASCAR Cup Series Championship,Phoenix Raceway,short,2025-11-02,NBC,NBC,True,319,21,Josh Berry,Wood Brothers Racing,Motorcraft \ Quick Lane,False,8.93,0,301,7,Running,2.774,0.0,0.0,7.0,0.034847684,88.03148,133.18202,195.16766,199056.39,334115.1,544094.3,355808.2
5585,NASCAR Cup Series Championship,Phoenix Raceway,short,2025-11-02,NBC,NBC,True,319,71,Michael McDowell,Spire Motorsports,Tide,False,24.42,0,24,8,Running,2.774,0.0,0.0,26.0,0.013249984,33.631706,50.969376,75.4832,75799.95,126027.375,208915.9,135846.97
5585,NASCAR Cup Series Championship,Phoenix Raceway,short,2025-11-02,NBC,NBC,True,319,60,Ryan Preece,RFK Racing,Fry's / CELSIUS,False,22.43,0,36,9,Running,2.774,0.0,0.0,25.0,0.0149805555,38.48638,57.72257,84.47653,87082.71,142714.84,233861.27,153345.72
5585,NASCAR Cup Series Championship,Phoenix Raceway,short,2025-11-02,NBC,NBC,True,319,9,Chase Elliott,Hendrick Motorsports,NAPA Auto Parts,False,12.47,30,218,10,Running,2.774,0.09404388714733543,0.0,11.0,0.043820918,115.34555,169.37642,240.67429,261354.61,420977.12,674572.6,448261.12
5585,NASCAR Cup Series Championship,Phoenix Raceway,short,2025-11-02,NBC,NBC,True,319,20,Christopher Bell,Joe Gibbs Racing,DEWALT - Interstate Batteries,False,8.62,0,313,11,Running,2.774,0.0,0.0,6.0,0.0355122,89.42136,135.8215,198.85344,201916.61,341072.5,556129.9,362897.88
5585,NASCAR Cup Series Championship,Phoenix Raceway,short,2025-11-02,NBC,NBC,True,319,17,Chris Buescher,RFK Racing,Body Guard,False,12.64,0,315,12,Running,2.774,0.0,0.0,12.0,0.027581334,71.71717,105.815895,154.45729,159685.36,265646.06,425671.25,281368.47
5585,NASCAR Cup Series Championship,Phoenix Raceway,short,2025-11-02,NBC,NBC,True,319,1,Ross Chastain,Trackhouse Racing,Busch Light,False,9.2,0,299,13,Running,2.774,0.0,0.0,8.0,0.034260605,86.93612,130.84692,192.51727,196452.17,328484.47,535162.9,349751.38
5585,NASCAR Cup Series Championship,Phoenix Raceway,short,2025-11-02,NBC,NBC,True,319,7,Justin Haley,Spire Motorsports,Gainbridge,False,27.55,0,2,14,Running,2.774,0.0,0.0,30.0,0.0108964695,26.968761,41.96267,63.94282,61510.38,103848.03,174991.25,112446.07
5585,NASCAR Cup Series Championship,Phoenix Raceway,short,2025-11-02,NBC,NBC,True,319,48,Alex Bowman,Hendrick Motorsports,Ally,False,12.64,0,247,15,Running,2.774,0.0,0.0,13.0,0.027581334,71.71717,105.815895,154.45729,159685.36,265646.06,425671.25,281368.47
5585,NASCAR Cup Series Championship,Phoenix Raceway,short,2025-11-02,NBC,NBC,True,319,43,Erik Jones,Legacy Motor Club,Dollar Tree,False,20.37,0,69,16,Running,2.774,0.0,0.0,22.0,0.017019946,44.31772,65.56871,94.93846,99036.05,162240.69,263739.88,173974.36
5585,NASCAR Cup Series Championship,Phoenix Raceway,short,2025-11-02,NBC,NBC,True,319,47,Ricky Stenhouse Jr,HYAK Motorsports,Real American Beer,False,19.98,0,54,17,Running,2.774,0.0,0.0,21.0,0.017443672,45.545376,67.15016,97.15491,101507.34,166530.16,270271.84,178197.6
5585,NASCAR Cup Series Championship,Phoenix Raceway,short,2025-11-02,NBC,NBC,True,319,19,Chase Briscoe,Joe Gibbs Racing,Bass Pro Shops,False,11.93,3,243,18,Running,2.774,0.009404388714733543,0.0,9.0,0.030456321,79.43425,117.309235,170.05055,177794.69,293779.75,469146.28,310623.66
5585,NASCAR Cup Series Championship,Phoenix Raceway,short,2025-11-02,NBC,NBC,True,319,99,Daniel Suárez,Trackhouse Racing,Trackhouse,False,21.47,0,69,19,Running,2.774,0.0,0.0,24.0,0.01591342,41.1497,61.16755,89.263855,92432.12,151334.55,247573.22,162619.44
5585,NASCAR Cup Series Championship,Phoenix Raceway,short,2025-11-02,NBC,NBC,True,319,3,Austin Dillon,Richard Childress Racing,BPS/Winchester Waterfowl,False,25.48,0,0,20,Running,2.774,0.0,0.0,28.0,0.012394827,31.19364,47.77825,71.0451,70336.17,118390.24,196199.94,127395.56
5585,NASCAR Cup Series Championship,Phoenix Raceway,short,2025-11-02,NBC,NBC,True,319,54,Ty Gibbs,Joe Gibbs Racing,Monster Energy,False,21.13,0,43,21,Running,2.774,0.0,0.0,23.0,0.01625343,42.160393,62.361908,91.00118,94194.67,154306.98,252888.7,166043.39
5585,NASCAR Cup Series Championship,Phoenix Raceway,short,2025-11-02,NBC,NBC,True,319,34,Todd Gilliland,Front Row Motorsports,Love's Travel Stops,False,19.36,0,55,22,Running,2.774,0.0,0.0,18.0,0.018131347,47.453293,69.61661,100.78553,105457.96,173187.9,279619.78,185134.69
5585,NASCAR Cup Series Championship,Phoenix Raceway,short,2025-11-02,NBC,NBC,True,319,35,Riley Herbst,23XI Racing,Monster Energy Zero Sugar,False,25.49,0,8,23,Running,2.774,0.0,0.0,29.0,0.01238755,31.170908,47.743446,71.00305,70288.8,118317.14,196096.16,127318.58
5585,NASCAR Cup Series Championship,Phoenix Raceway,short,2025-11-02,NBC,NBC,True,319,88,Shane Van Gisbergen,Trackhouse Racing,WeatherTech,False,31.29,0,0,24,Running,2.774,0.0,0.0,31.0,0.0086180065,20.626202,33.132187,52.07077,47334.508,82722.96,143490.44,89927.28
5585,NASCAR Cup Series Championship,Phoenix Raceway,short,2025-11-02,NBC,NBC,True,319,41,Cole Custer,Haas Factory Team,Haas/Bonanza,False,25.02,0,8,25,Running,2.774,0.0,0.0,27.0,0.012750912,32.206825,49.12326,73.03102,72709.09,121472.59,201754.38,130993.28
5585,NASCAR Cup Series Championship,Phoenix Raceway,short,2025-11-02,NBC,NBC,True,319,45,Tyler Reddick,23XI Racing,The Beast,False,14.52,0,193,26,Running,2.774,0.0,0.0,14.0,0.024515186,64.37276,94.216095,136.71631,142982.45,235343.1,377985.34,250061.34
5585,NASCAR Cup Series Championship,Phoenix Raceway,short,2025-11-02,NBC,NBC,True,319,4,Noah Gragson,Front Row Motorsports,Long John Silver's,False,19.42,0,148,27,Running,2.774,0.0,0.0,19.0,0.018060677,47.267406,69.394554,100.45181,105100.31,172557.06,279079.94,184451.28
5585,NASCAR Cup Series Championship,Phoenix Raceway,short,2025-11-02,NBC,NBC,True,319,77,Carson Hocevar,Spire Motorsports,Delaware Life,False,12.2,0,224,28,Running,2.774,0.0,0.0,10.0,0.028370095,73.33237,108.469406,158.54315,164315.17,273294.62,437502.03,289272.22
5585,NASCAR Cup Series Championship,Phoenix Raceway,short,2025-11-02,NBC,NBC,True,319,38,Zane Smith,Front Row Motorsports,Aaron's Rent to Own,False,18.58,0,36,29,Running,2.774,0.0,0.0,17.0,0.019003112,49.951633,72.80572,105.69203,111118.51,182007.94,293102.5,194266.83
5585,NASCAR Cup Series Championship,Phoenix Raceway,short,2025-11-02,NBC,NBC,True,319,51,Cody Ware,Rick Ware Racing,Mighty Fire Breaker,False,33.31,0,0,30,Running,2.774,0.0,0.0,34.0,0.0075928057,17.688171,29.262617,46.936085,40665.035,72853.86,129201.1,79790.125
5585,NASCAR Cup Series Championship,Phoenix Raceway,short,2025-11-02,NBC,NBC,True,319,42,John H. Nemechek,Legacy Motor Club,Mobil 1,False,31.53,0,0,31,Running,2.774,0.0,0.0,32.0,0.008492501,20.231821,32.652264,51.465702,46492.438,81464.31,141749.28,88654.88
5585,NASCAR Cup Series Championship,Phoenix Raceway,short,2025-11-02,NBC,NBC,True,319,44,JJ Yeley,NY Racing Team,Fanatics Sportbook,True,34.18,0,0,32,Running,2.774,0.0,0.0,36.0,0.0071879523,16.583183,27.724518,44.876186,38016.957,69301.23,123604.516,75802.02
5585,NASCAR Cup Series Championship,Phoenix Raceway,short,2025-11-02,NBC,NBC,True,319,24,William Byron,Hendrick Motorsports,Axalta,False,3.35,52,309,33,Running,2.774,0.16300940438871472,0.0,2.0,0.077530205,202.12816,298.38574,433.39145,453948.2,747478.1,1.2013225e+06,792933.8
5585,NASCAR Cup Series Championship,Phoenix Raceway,short,2025-11-02,NBC,NBC,True,319,2,Austin Cindric,Team Penske,Discount Tire,False,16.12,0,187,34,Running,2.774,0.0,0.0,15.0,0.022090357,58.511314,85.29831,123.48683,130155.09,212631.9,342456.34,226294.48
5585,NASCAR Cup Series Championship,Phoenix Raceway,short,2025-11-02,NBC,NBC,True,319,10,Ty Dillon,Kaulig Racing,Alpine Partners,False,33.29,0,0,35,Running,2.774,0.0,0.0,33.0,0.007602336,17.719515,29.292967,46.972977,40723.875,72926.74,129334.34,79884.35
5585,NASCAR Cup Series Championship,Phoenix Raceway,short,2025-11-02,NBC,NBC,True,319,66,Casey Mears,Garage 66,S I Yachts,False,36.94,0,0,36,Running,2.774,0.0,0.0,38.0,0.0060665496,13.465892,23.316904,38.93061,31010.73,58430.66,107237.414,64483.062
5585,NASCAR Cup Series Championship,Phoenix Raceway,short,2025-11-02,NBC,NBC,True,319,23,Bubba Wallace,23XI Racing,McDonald's,False,33.64,0,0,37,Brakes,2.774,0.0,0.0,35.0,0.0074372734,17.260468,28.68311,46.116592,39603.074,71486.266,127269.95,78251.95
5585,NASCAR Cup Series Championship,Phoenix Raceway,short,2025-11-02,NBC,NBC,True,319,16,AJ Allmendinger,Kaulig Racing,Celsius,False,35.42,0,0,38,Accident,2.774,0.0,1.0,37.0,0.019152537,44.053734,72.167465,114.60459,101416.83,179053.19,309504.1,195097.69
