coverage_min,ad_load,car_shot_share,cars_per_shot,clear_share,phi,top10_target,crash_bonus,cpm,cpm_daytona500,primary_share,alpha
199.72289025838805,0.27090472501301843,0.6687151572201161,1.5992392773410864,0.26809551566737966,0.10693453399068847,0.47007758961781243,0.011528153014511548,52.20533862985289,60.51220954485771,0.7877264071264766,0.0599329998626672
169.1004870458574,0.24871340646576984,0.6402227728939258,2.0930018391954355,0.25333840550477216,0.16661747562864573,0.5493942276810798,0.0088795395132523,46.710237430559154,67.5945105791204,0.6776410118414917,0.08142279080084336
191.35740064030497,0.2250772208582666,0.6160744906306356,1.7894483933657805,0.28379707971178697,0.23619748818164607,0.48436424670538586,0.011957123294985172,47.2554310263591,73.49028762201505,0.7902068119989268,0.0452720340695123
191.86276380949948,0.2671298150809867,0.5624468456903742,1.929182987542427,0.4390403826333842,0.22803233952836766,0.5486053321581033,0.008979857799000901,35.10849408885311,66.08385222540463,0.7457179794351662,0.07264981939306381
198.79045050784785,0.20941323191127398,0.7441577728882826,1.7212294272109068,0.3531235512099865,0.16234859383602399,0.4752234942403565,0.005984386119332116,42.88659217751835,64.84708726249893,0.6633125857651329,0.05069748293635712
153.86125144299842,0.21030010894304516,0.6560057152673555,2.007405533866885,0.253949013232766,0.13952657708344166,0.5225798074827155,0.017399303956840154,26.98900737119606,60.18465341053355,0.7717732467953141,0.07924438901272879
165.87282048369295,0.20664639370638826,0.6555833241341206,2.302422207904854,0.3340407541654471,0.17603907071351227,0.47384729911045753,0.016681731435902628,26.328564935116837,62.736210939603275,0.7124319414944075,0.05371845302170186
195.977770344903,0.22995960176033162,0.6874311018644983,1.7760212531588733,0.374350714858043,0.16636389623816936,0.47196538497717333,0.01125063180138719,25.240049616403745,66.05196779691785,0.7670883370334498,0.05162259076814735
183.79347824917147,0.295518091049303,0.6511603475267086,1.5069595057338006,0.31329233088626585,0.2381642796351382,0.4550000816225803,0.019062729139021222,37.15256441062813,65.8827585511736,0.7037623963662735,0.035856760950537137
164.29124677828085,0.2530298994697203,0.6310537231106845,2.269590384920152,0.2867697545095331,0.1462024508150417,0.4945813716991972,0.006573542723471457,44.0846379091556,71.06631715582519,0.6654741613879226,0.06099380497880702
169.47715124132847,0.2711493319841349,0.5647464590847169,1.6492503188181784,0.42867694287254554,0.23139232253917097,0.4692008662015818,0.019088267272559824,49.21360554170473,71.2442352120459,0.7497721862700217,0.04352737171439003
161.51097796920595,0.29554296902200106,0.5713303521819749,2.4758106376992206,0.43297485899033245,0.1986310218432803,0.5063456617353033,0.006213786479939683,29.14770976703851,61.96972518853483,0.7804761168805725,0.05748963451014788
158.3480575330886,0.20676864629886826,0.5781392154038293,2.019502471698461,0.46220087070855087,0.10611457179973242,0.4838098061739626,0.016015182134643133,36.062115484374196,71.29597932210704,0.7870514916817097,0.06751783543995771
157.67182144894912,0.20867546636076484,0.5630057579255197,2.480445040977019,0.361133761419997,0.21703609239574734,0.5038087208013332,0.014293871676986147,44.09928191318977,68.5925647447946,0.7960080681158137,0.05839402889387202
198.7045850412414,0.23262920859683675,0.626761203848917,2.1090067056917823,0.2696769840526243,0.24501393216911083,0.47408656683481615,0.013591111387041206,39.74718206852582,70.54496787492883,0.6373515695069573,0.040037728078004875
171.1947924651753,0.2695503009145036,0.6357472748645592,1.8188337496009663,0.45636535800406247,0.16228851263002256,0.5192649041894021,0.015366527898209496,51.280074659740286,61.423595551630456,0.7046374944892194,0.07367745497276701
153.1571947296594,0.2157399951135432,0.7568152258281396,2.3376919128233347,0.3277528667950536,0.18837922436453403,0.5206224759472903,0.007020990482777521,52.6278972826784,73.22633046980249,0.7927230848999748,0.06540414531855276
174.57932422265233,0.2539252256353651,0.7996836662721972,2.0613711107651604,0.28175806424406336,0.11054661718338642,0.5193836680019027,0.01647979721781652,28.023249310824745,65.12569797783614,0.7017394157380422,0.08104835459607784
164.41716869157153,0.2361909421986632,0.6266106228450368,1.5115370439153095,0.41826143910774904,0.23432765183942658,0.47797162017396716,0.005947115425171467,32.10140352987898,59.3990368123071,0.7557998556691709,0.03926428805016258
160.58081653965792,0.29478346700997016,0.6592334019501777,2.1321650796762666,0.2521354152909625,0.10646539092003697,0.4506855234819336,0.018935639239951244,25.03259095626279,65.26425515404928,0.613328426431204,0.056202508147634944
160.3716190454725,0.20663418836620484,0.5973596770087052,1.902444747965892,0.4556128580806529,0.160692639907916,0.4929744103337725,0.016132879738161306,44.521352819243084,61.235752522006194,0.6146373821520174,0.06358396132009148
178.95102645437288,0.2058698360214015,0.6024463633308671,1.5270479903483536,0.4508828126323997,0.13790146768206268,0.47449927322683755,0.006535629694083587,44.14425090768174,66.75247864904213,0.7807951133253861,0.05451131482141136
179.54251308824965,0.20331537440422082,0.7484613939839801,2.3525931747529865,0.4613089509556345,0.23626579531112868,0.4856217335253974,0.019089373650421404,32.13162984650313,71.87582255209381,0.6284004465293931,0.04996884237471022
194.40322454984752,0.2851986743997346,0.6559819639721187,1.6743032255480814,0.3513300433861598,0.13908898662049446,0.5131622321092093,0.006703378188023576,29.440175527385662,59.74618193004378,0.730502208918475,0.06924479597410027
155.49164778182592,0.2686668588741706,0.6829401233646323,2.0656899289765702,0.4529341526725097,0.1405216292059148,0.4963230707315267,0.006341470907000954,37.01898806337508,73.83728649811138,0.6817505717264751,0.0623509796464532
174.81510694280672,0.253308088958,0.7557643697405938,1.9024615529084192,0.4336579379611046,0.22894821953395464,0.5461195122023885,0.012982066336757558,44.2587686374278,65.63913742170918,0.7908334845775117,0.07420695694281676
164.50661317567682,0.27959900960485645,0.7675890407282193,2.4726015138808988,0.39124420302735763,0.12464696714996398,0.47738644290192545,0.005965255720595341,41.59224356149763,72.33495609488799,0.7722085485606853,0.0572606734672263
174.29257260229758,0.27172903694611716,0.774483278545633,2.4980180759994113,0.26363535117921877,0.11723721564907953,0.4787098382335642,0.009855545676771913,42.32676318296997,62.109710958654425,0.7696612208915283,0.06087411730777603
197.4259739730054,0.21718067336852956,0.7184432970019491,1.8513697424964657,0.4399154146349503,0.11639333334424726,0.5141405211830032,0.015676778756679145,36.49509025598184,73.9395353243184,0.7181493260695414,0.07779545765197327
196.32545100421348,0.289490803106849,0.7850945497066895,1.7085528727756012,0.48597268610295485,0.21273185277342457,0.52921448230072,0.01581897388292363,27.800313489196927,72.64728063765276,0.7933326436777993,0.07102460678879652
188.00503676752896,0.24904205295169335,0.6690225229051013,2.396277733131314,0.2738954314877406,0.20549071237677635,0.5362122880003751,0.012350861534702004,34.83446407855525,67.23494496067542,0.7733589520213673,0.0728691086692379
189.10129966519236,0.24117765827862908,0.6208625267505254,2.397856126686933,0.4968684937807129,0.19015408889938828,0.518515512859075,0.01422288588171044,51.78675110986143,60.71212703089433,0.6961702603761561,0.06874772271612528
163.89539737095095,0.29368474753034174,0.6821005960892081,1.7553604973499048,0.4650183074693388,0.2063840377133278,0.5176226318971833,0.008636570788636139,41.19200636097434,70.3421153568992,0.7264690392781441,0.06245766576967071
175.8810766150903,0.24469841003848383,0.6560103559160062,2.442246919464559,0.4296751089956997,0.13503628938638182,0.450280176080043,0.012077139533485805,54.13660410971964,59.15861748536949,0.7892282529287432,0.048500453593533166
190.22907430903734,0.21199979515128364,0.6360804898461316,1.8014912872911688,0.2617270584463083,0.24758561714325203,0.4829671360304585,0.009950903408582413,27.416084554331654,68.99938820848115,0.6749452475431541,0.04132889342827184
188.30052448977207,0.24757631387576118,0.6041646079692489,1.8452207284596165,0.3636780758676096,0.2011888937282977,0.45833325023831034,0.016372374665512706,36.92448044203503,64.19907546627556,0.6698749923071265,0.042834048538225034
178.68309126100124,0.27564869421919347,0.6138983606438534,1.6109721915355626,0.4269342552697638,0.15122057373674508,0.5334093729171712,0.019029619154036562,52.04804761162817,63.5871301296625,0.7183573461834295,0.08322269145219252
192.57099007519292,0.2872768701289057,0.6671814148219146,1.5114874227573423,0.49677979546852014,0.1866632507465688,0.5395514392049575,0.010364989547396687,36.31187021421372,61.3367903180751,0.6418060800525042,0.0756380939524206
192.60128306869817,0.2701834589643494,0.7556166306043548,2.0111981495683446,0.3919791213577727,0.24022181210816518,0.4571501942352214,0.007927633316793853,47.71236666790757,66.75369756526851,0.6605349647149915,0.030222889141896303
168.5559184460742,0.20025367809938155,0.5990512736714733,2.0746498399319466,0.3771928295144191,0.10060484805662552,0.5050798421121179,0.008996662577573042,37.4012791411651,61.770057602271415,0.6808436634676786,0.07255582008065176
172.85513872610562,0.25945200936026735,0.618159549592119,1.5542543779003917,0.43382773655914686,0.11844644257255,0.49548116792996716,0.010078968672803479,50.94700113286516,64.46416906761397,0.7142441262596054,0.06718447642151659
165.0591209104719,0.242693524562819,0.7353772855668548,2.4096738657028283,0.4184536378605317,0.1618156119412906,0.5164316763435176,0.0051287128039678885,52.95284598563681,65.09039641003496,0.7643317924073614,0.06640185174137514
190.52643573778977,0.2300953738413677,0.6315146954800958,1.6179418365902538,0.29558539374189896,0.16896543680733617,0.5187373358825177,0.017974316580527987,45.08261485375103,66.66333901200825,0.668662627074772,0.07409247785426487
174.6891031776115,0.26228234301261044,0.6237503857933424,2.171197423564121,0.45909925852754396,0.1494606407257318,0.484793645530177,0.011922502405883452,39.18419420036596,66.41317478530488,0.7961002531108492,0.05966707125708126
178.14894102242977,0.2557873069121586,0.6198046205211786,1.6642777078075417,0.2668455350577614,0.19950820847611478,0.4711673744273962,0.0059695851777932735,25.039570504507992,70.50936507473418,0.7216927804590267,0.04282157570878553
174.09136234707617,0.2933223172901706,0.6237782453502627,2.156635761650331,0.28853265304814824,0.20285098319008063,0.48003655480632057,0.017519903311342375,29.15440582450832,62.264200853571765,0.7336358549089126,0.052390224800092255
162.6910632639733,0.2748986888120706,0.7259232022201298,2.196350649547534,0.4729648147954812,0.15741616836451355,0.5411627924657532,0.014333324077575631,48.9855253636237,64.33061932236797,0.6370036151677583,0.08275840285250524
199.176373021769,0.2595875235383036,0.7670830237893052,2.04831775111115,0.3979198545785009,0.20195612844073418,0.5396406581255692,0.019183957939045114,39.3376900305197,64.62813980592934,0.7092638543517714,0.07931395077730485
177.53799422807123,0.2715042822151883,0.6410718115175832,1.7800781598237845,0.30547041680124926,0.10499683622960129,0.4659136305637217,0.00847474118515709,42.368764161440545,68.94175423013252,0.6348965025042833,0.05712674124379191
198.4878542072221,0.25339078097572726,0.5892577664156029,1.7928808906108151,0.2725850805520748,0.1853168876746705,0.5248040575675346,0.0140861464321687,29.70316999928834,62.530229798073584,0.7323922257684822,0.0720076298616732
161.27270279034997,0.2878548216802884,0.701282136303941,2.3967331312180002,0.40135013906703887,0.1975782229544462,0.5487140585586207,0.007664683087832899,37.17114339670478,62.393141179081375,0.6057812623961107,0.07615662390571742
195.00978052938294,0.20254117815034034,0.6141420812642044,1.846697003552534,0.25882377933849443,0.19622521420670672,0.4756672720717325,0.010891610826263012,37.42278283864239,68.8152316697596,0.6695982422934017,0.048009847597768385
166.14013916402436,0.29906608427717857,0.5680966591626098,1.9073930983267644,0.36085389157738856,0.1568170824365062,0.5334445097541294,0.010353000045164432,30.720522993019486,73.87359647532966,0.766795896553607,0.07713828136775192
166.4783517091669,0.22176413035566386,0.607491499746847,1.7674996847821598,0.33254260822491993,0.16268794854241977,0.5325150455474902,0.013164386599905391,34.91604367384271,69.57912997836351,0.6896401149579314,0.07774824961006743
185.65719198672411,0.20331080199054027,0.6991395339263039,2.4902236267298146,0.4588814351546914,0.157440153578201,0.458441877777466,0.008225295687367058,29.754441445261612,71.00768037694202,0.7149809429269034,0.04613292049134543
187.6713416499003,0.252446305388641,0.5560064030677252,2.3730233559581757,0.40322710985935095,0.17855177649088613,0.5094637584692411,0.007765394777833995,33.33219569210812,62.02874488748192,0.758196202736831,0.06279834090628356
198.43899007961954,0.22625443045610774,0.5826403307725617,2.460543804598238,0.2619455408236224,0.17212627028046426,0.45932278368086127,0.011056782174104999,26.481699761663787,65.51053547232593,0.6880994403974345,0.04551022329223997
197.76491397110786,0.2548210025793442,0.7590824312686466,1.6126612195558772,0.25859762427603145,0.23340555650248862,0.474687451310065,0.013539119697005195,45.05989391544981,71.18302145982142,0.7118268551855952,0.042471400468002685
196.5537195182069,0.29965867073184776,0.5637346195834293,2.026716809413474,0.3575150551160212,0.10635979946495935,0.5187722085584878,0.007551264263613031,25.627279501632156,59.644034084669514,0.6020932749493395,0.07616027150515947
181.87097914463135,0.23738653126222697,0.6774242081887091,1.6849405739041186,0.32498065148317945,0.17033134782778134,0.49802305890201876,0.006322981811339183,29.776938961388712,71.46957357786489,0.6820338937708292,0.05860463847830033
169.99942876827618,0.29076656480440993,0.6676372947322495,2.119779852742873,0.31263742856482024,0.18689395252658944,0.4796951786805625,0.014373860005378826,47.22857157727945,67.13532724408921,0.6163302597568181,0.05314729310748589
157.01342449696597,0.28306273983669644,0.7962741509039981,1.8370960436725001,0.264795365515295,0.17657968903370463,0.5430253747851388,0.00771921801123514,28.946999120296724,61.756577864149726,0.6382080890768641,0.07670546736926553
169.33957141913842,0.24868469573252466,0.6769100521756741,1.8315596801520004,0.39933484821861,0.10917810941816078,0.4979926875794779,0.018632614911031055,51.721803440081004,73.62304930123189,0.7643685699833391,0.0739745653859245
165.75859388054465,0.2316056252158837,0.6937897901455052,1.973982468269421,0.33022858967353336,0.17145470240997818,0.45409073902694236,0.008909225238357382,35.26995516336576,64.39796244136346,0.6518664159398082,0.0424118615342195
180.55785331698354,0.2443994973294124,0.758630704723719,1.7500129150816808,0.37414796444763304,0.17392549817281455,0.5197514798055352,0.017601609298467873,46.386758694520836,69.8837615863374,0.7665425499127752,0.07361367268595131
177.89578167961093,0.26956989552913696,0.5528134119489867,1.8019756928075288,0.32464658304445915,0.14100382804587563,0.508349542639629,0.009966600904697106,29.56336222733042,71.44110420746017,0.6661125486687464,0.06902629447313302
155.48740747091753,0.26166196556673754,0.6874862694332254,2.031692266525635,0.34174184049840073,0.23940345779802777,0.5019518371249175,0.013864417473783641,47.45913469871748,61.008756592401355,0.7467984657072543,0.053578512749936635
174.01144962381738,0.2676698019951057,0.5752166122983092,1.6620756038069222,0.26495997523059567,0.17249875736573314,0.49243701213585056,0.012358713850760681,34.39936074719646,66.22707900016226,0.7192448083837263,0.05950904270002866
191.89823920237663,0.285922780010245,0.6802392588871702,1.8025800496848707,0.3137506703531405,0.20992655636623597,0.5034341324830732,0.019250512576099162,45.4106894999114,65.0263496236962,0.6182614677334262,0.062301126911279425
182.89126519393346,0.2104079974042356,0.6597744485765383,2.4012675784402333,0.27869851402081836,0.19318570378699812,0.5090796858635632,0.008832327398807977,54.995121644816464,73.54138956397672,0.7865439784990265,0.06107251805269698
153.018456070678,0.2603212258956884,0.6781728679092833,2.0124808363220144,0.48105978879587385,0.11760017735398468,0.5059273620406821,0.010494882362132165,43.33175960676195,62.318637674390374,0.675416795140792,0.07152192843796001
154.2273606979497,0.2085974184348304,0.6324572375740231,1.6794538566103245,0.35714916567462335,0.24135557596312238,0.5170483391637392,0.01807180362294668,27.30542175772448,66.51761444738347,0.6333862324951974,0.06260624928427205
158.36988075156512,0.23564306297606039,0.7669346923580366,2.453930106550037,0.37439331445528223,0.1693945614026029,0.48041494077545704,0.014327532814768468,40.386105911043614,67.71392861056341,0.6152374602398906,0.056194604537722626
191.25980578211787,0.2580735085813057,0.6000350700261361,2.3281627498174027,0.3249123069944193,0.23101317134563432,0.4955398106442287,0.005609019349336679,29.466603390890022,61.16053969791446,0.6309165733082653,0.04716129240432565
199.44886597070484,0.27126946749033587,0.6627682022010142,2.1787937663482593,0.42219237622381983,0.16093059883526226,0.5145900435702553,0.008770844690161442,42.090310471518194,67.03588243687443,0.6097859254210148,0.0680191916703734
170.57835463288376,0.2180230850800171,0.6646743401956805,2.124036151083705,0.334243943724119,0.14240001139192696,0.48985488239171354,0.013171265936873485,38.73143148780815,71.18640984778618,0.7500800606526303,0.06336277238779076
199.44306894469102,0.2526061558570921,0.7505567181502261,1.9910386982484956,0.37462216770313966,0.18818600198364346,0.5325513154021069,0.005473520390698894,50.03042555765261,65.44923393078975,0.643318164963117,0.06930421206607207
192.731330189314,0.20015167286840785,0.7318810473340212,1.7928408893057584,0.4215316017731173,0.20533689170863229,0.5199566107612085,0.009551791438341756,48.536252653295456,62.526132806492406,0.6233922981397667,0.06417853265838858
157.904306742393,0.29138999822090916,0.780029198434838,1.9094051771966118,0.32513888207084596,0.2260425110532945,0.5225535410759149,0.010839197307239425,27.474115081159372,68.39586578142641,0.6176691322716548,0.06288601929327342
187.337123361627,0.2862708144247579,0.7269795669743131,2.4236588761367686,0.3512035345721689,0.1350246810636255,0.4712115217394329,0.01611713735439876,36.417271434508734,65.3667796205686,0.7715660071786221,0.058642271111693844
180.21998109998782,0.27948922355013434,0.7606379828511436,1.5475599666303563,0.2840968411794119,0.10441849211312706,0.4743065388110597,0.013180289395203841,47.880037351284294,71.51501041003465,0.7342619079087739,0.06270059312964804
177.66041416685042,0.29690274166547703,0.760435915883997,1.8946159764425428,0.48757467204553984,0.12713320971959838,0.47253068967271195,0.0055539859142568725,54.06178352899285,72.66185688518057,0.6753239301393988,0.054858156838690775
183.05466333284096,0.2643267983680914,0.7009860745443957,2.2925462097553355,0.34159025671582527,0.1359668348991034,0.5363796563226214,0.01119955779986247,30.178276037979856,72.5695156121331,0.7470341027566076,0.08152943870527452
199.0725695394522,0.2713124257261328,0.6584142292758881,2.2750923866319575,0.48266934646912774,0.160574120460946,0.4960134735383766,0.01524446095354568,40.39510196297159,68.37585317092726,0.6777158437973462,0.0643445861383043
159.5290157562683,0.2580418209937887,0.6470685924718536,2.396601201508509,0.37416324540193896,0.13711972560340116,0.465782513639176,0.008298235397132711,53.43539234950222,63.74814525896435,0.7162645305451553,0.05223445976707808
197.22674904385747,0.21555985612839051,0.675614353619478,2.372446603217294,0.38075665956634874,0.12220466850089211,0.45305318222875157,0.007875927232543305,43.54571403775548,60.004622675484015,0.799796723496143,0.049494612232138024
166.99271222806118,0.2683435080708955,0.774516158584712,1.9669008573792377,0.283930790848013,0.1800339071809639,0.4988713029646884,0.019420257448398166,38.22643515908153,70.74534446849177,0.7696077285664025,0.06500001691028956
188.6992164178058,0.22536919966825228,0.7834229453090332,1.9619666543402994,0.4662267614321116,0.11481300975785479,0.46267159317278156,0.00959751491245295,51.79185031264229,72.37178309054025,0.6575151778828247,0.05506288433525697
163.98801744901877,0.26066112832619914,0.6846286784954471,1.8033558421678073,0.347472813338377,0.2424167622294582,0.4652092609337808,0.013240366644991234,50.168617651039845,67.2233261247994,0.7368972199495714,0.036385668878665456
162.37151512388667,0.24548536600317952,0.7732521552937428,2.008700719597994,0.40655603804127094,0.15126975054165417,0.4669876034254426,0.006614174030349926,27.89066626191961,67.60133822828624,0.6420880230336174,0.04960540587444484
153.09926944486668,0.21633512171562397,0.6048839456805134,1.6281191588352322,0.36265865093233135,0.22931186526604733,0.5162196149360895,0.011736909550944799,41.15629776728908,65.98130074214866,0.7394087245940597,0.060190740415691835
183.88261665382763,0.2335470729649842,0.5980086365786981,2.4798682847018405,0.2768929600417769,0.2087071374159622,0.4939120916231872,0.01225004818231029,25.07072725928273,62.45266222036711,0.7351396072688064,0.05432046742998864
168.25305343816495,0.24663831271015024,0.7517763487991725,1.677348423014727,0.4494842599240082,0.19631972469704292,0.5024766191578072,0.008206467089284257,45.86036231106686,65.95250385125988,0.6255227140236286,0.05748683363572127
171.47781931660862,0.250423210630688,0.7883989267324295,2.3834770912000334,0.2881814541423447,0.21532560343419194,0.49224180448044524,0.00856665768336601,44.4611426788923,71.19409675657712,0.6073438053239559,0.050320089073920826
199.50904577845927,0.2917965619388387,0.5556541832157682,1.6137133585701675,0.46543090253440356,0.12380280406673469,0.5428775959955197,0.008877444198531077,31.236844133958886,68.77749120727145,0.7204262603640419,0.08414358312211334
165.76435938490417,0.22102224011749697,0.6946988957042358,1.5273882764642897,0.44170858773614663,0.19620491521237043,0.5476696253250849,0.01552090087657931,36.576730812416834,69.81916345283628,0.629287512844258,0.0812279398701321
191.18485335401184,0.2577440138899382,0.6692475428451973,2.405303358322123,0.2981187236422852,0.22438075634797447,0.48245779228570584,0.015516748049187727,47.72482998207151,71.03506346878899,0.657116472948005,0.04862794863538511
177.62941624462414,0.252854506633592,0.5524846752081038,2.0816456887373853,0.3260036569499951,0.16938638165987313,0.5172088524895617,0.007662125658307539,38.67473112695066,67.52784263309034,0.6925380546700741,0.06719011522045548
156.2523330968343,0.21238258132423926,0.7640896478894523,1.953027182195103,0.3589135231679654,0.2410579194371634,0.5275273041055806,0.01834092646979778,46.509973409718846,69.0060688342097,0.7568958892408358,0.06757620847520229
162.34914390851725,0.27892742204588244,0.6109272438958326,1.5625727319115321,0.3450507548083917,0.15310745071057236,0.46418906595896503,0.015382440079263,44.317222535811666,72.31077549373667,0.7061627712838138,0.052757006806587015
155.1780395561778,0.2977179167034841,0.5927010056618464,1.7878261803598963,0.4340881120513795,0.1753966659356716,0.5128686607033425,0.01657957687128831,32.87274553601163,69.26994785211836,0.6008675374383201,0.06991476110351869
161.99015660832842,0.2484050551443703,0.7937292433630536,2.2668548276955627,0.25369543934684335,0.1507221106715567,0.5082732330461388,0.01026529458363511,32.04027810895932,61.69793768981906,0.641242095282241,0.06782658879592418
193.76110777828342,0.24901178719905373,0.7753552378304603,1.5883771424152797,0.4716405372637596,0.21640403244866266,0.5342886990321627,0.013578204439245654,32.501061262653266,65.4214208748586,0.7407837768174913,0.07124720525871453
190.45039908566298,0.2131640486124484,0.7654946043901305,2.121997908726212,0.39152415128425366,0.14538208858602444,0.4817085475050488,0.014869959602713437,42.50530610598378,68.42388735053602,0.7754779205498514,0.06062165377943529
178.83079737070824,0.2735627064234906,0.6103795284219831,1.893413118777191,0.36048182768122594,0.1363869095888803,0.5010440143360361,0.008861521747721797,49.63631822523659,66.65569851733407,0.7982459778142037,0.06618452049178813
163.39154342500424,0.27762948478876465,0.7559418658893081,2.230641473444,0.3515321939865246,0.24639813445620037,0.534603875125114,0.008725722888095387,37.85058424188289,63.24479654914577,0.7117325554429795,0.0634754391635397
182.73215627215518,0.25701298184871324,0.5919198609791329,2.3741912024284306,0.26456728163935056,0.15770699296596755,0.5128908680453844,0.015390833646029507,51.27564425049631,62.26398009891297,0.6673084035438795,0.07170185308541477
182.32321066744063,0.23907054581632864,0.568345384346208,1.703606482377904,0.43776052941057547,0.11910192383945123,0.4555842028931513,0.012005618543246136,50.77541801608494,63.79183319717627,0.731427601042972,0.05294222274687854
180.12632141901173,0.27914001541214245,0.575308951879076,2.374363445338917,0.2552821647298983,0.20322514245124867,0.4751432969263388,0.01353927127072951,53.49476463401953,61.93614404736089,0.6773529608348975,0.048062933311030065
150.44815374614012,0.21775301421482732,0.7519173133033473,2.1372649561149655,0.3324773302503787,0.14001614957753097,0.49894399538127504,0.015684744422266465,49.58858782545114,64.3176918942427,0.7121736818765546,0.0686696582129116
164.81096723848785,0.27043897503238695,0.6506686676512945,1.9744723336042167,0.3295213561108501,0.22871881136816455,0.5088058141394739,0.01334718166857031,48.859460209151415,62.122614148568736,0.7865586787032218,0.05807143281754179
172.50768973274018,0.2634552881487424,0.7786731080749248,2.3369219107729124,0.35477976975515024,0.10895978483742363,0.5254305718453037,0.01850417207917474,29.640141686154863,65.54782829830707,0.698202954367877,0.08481229069957408
186.57802163557142,0.20053168196000437,0.5782798996910834,2.3366915049427983,0.37022471259596174,0.10138530974908475,0.5135238493967484,0.010866073693924587,30.260069636982447,63.45888880039005,0.79698082804413,0.07670381790057945
178.0891159471653,0.29015255021422254,0.6270649015333374,2.111170046813617,0.29701251914699345,0.10139504983295192,0.5084850763534011,0.006460739393151206,27.140406510212557,67.07218892356133,0.6829538216715633,0.0722955896867461
167.90488722779472,0.20964658733001315,0.5999884445284831,1.9464479694281498,0.3665021421411905,0.16503965671550497,0.4615688168554517,0.018687062832515745,35.69618723286088,66.20355082091898,0.799478407856839,0.05147069989789088
190.35718127421615,0.26073879743496203,0.7480674906829166,1.7633973848472926,0.36377521766388776,0.1774365560391485,0.48897984727109917,0.0054273650928115145,45.697698513495865,73.71511559924025,0.6113424359471857,0.053390608559766406
173.01425518581206,0.22279704830727895,0.556858786181704,2.43136389310182,0.41660170531068674,0.2284835807997001,0.4830745746443035,0.007302559905914235,30.054064908848332,61.076825941938154,0.7581366711684824,0.04335250358644771
175.7706136871091,0.26156293813126374,0.6165926303732636,1.7234789391916276,0.37902753318400045,0.19593103783979082,0.5354684221934465,0.007793344963044641,42.99957630387611,60.02211800846943,0.663057840691893,0.0709253222753432
183.5696196437453,0.2763483459553673,0.7965876787278311,2.4737203408637574,0.4879826989047963,0.19783795275124721,0.49112855912977654,0.015018993718200334,45.93954759153695,68.60955429052953,0.6340439741781292,0.05651412947690915
162.97908039202505,0.20824562640135927,0.6370153893906975,2.4866224282859157,0.30125873470169207,0.17193311672688275,0.5362621948032119,0.006979386096331516,42.13993114753689,62.75357521731332,0.6508801501455829,0.07408556263408173
177.85158181473815,0.27300173471929284,0.751246622746683,1.6802414047659,0.3242731383204953,0.21024646962437923,0.4783096913893428,0.007139703167315014,41.58506599090101,65.63922833489623,0.7205878887606547,0.044537036278143205
153.2360463181472,0.2143449451432226,0.7684981130558316,2.1166245184485324,0.41865633910112043,0.19867562445499723,0.4955493543897727,0.011169049159305368,43.71832134342854,70.57704526068719,0.6517664380755057,0.05600844852096998
162.18863454118434,0.2635440057906461,0.5811352126509555,1.6464104505820525,0.3258470753830166,0.17402166707439762,0.5195974952512329,0.009817915134556947,49.51103387414836,61.05823563468017,0.7699660637557576,0.06881992716489549
183.70825837812384,0.2227203824601952,0.602030783774699,2.156493796959386,0.4839888541045822,0.11469373002226937,0.5128746888594157,0.018764995892792135,49.91902050384161,65.06422694332724,0.6465901525035153,0.0792361210492345
198.19441051907106,0.26303098627616606,0.6114132139617291,1.885848221496042,0.37331944655936294,0.23332308300231022,0.5476180026425483,0.01839000492217988,46.173347742608826,71.26892736171732,0.6002825943597573,0.07795119715456167
168.4503600065064,0.2890372114340606,0.7306071984998986,2.431516730788827,0.35004247969484786,0.10726024219199375,0.4647232974785818,0.014005341501086245,39.33228589176072,64.01909278547569,0.6739650337051515,0.059096880433116894
177.43785739918502,0.2003516783121697,0.6262472027266305,1.7958224828198504,0.4925958253983569,0.10906208811149297,0.45548445526942977,0.01879267603946587,28.002257639640682,60.50642458091357,0.7086358581777136,0.05760193850119322
176.36768595396785,0.22348369039696633,0.7339498894343591,1.5709522460937044,0.2824299532644773,0.18969217229143184,0.49819253386055423,0.017676565885845714,28.822223900875514,66.94738669129946,0.7241770189985786,0.06227760410411065
167.7381050600229,0.2801368280058712,0.7282456762282284,2.460761944462079,0.2664772664182603,0.18004500378898372,0.4994437110844804,0.015196910849390321,32.07097327752057,61.84535427610505,0.7432199643134753,0.06285006075404453
180.74257583291592,0.26020561060575115,0.6308849644335545,1.6005716449280745,0.25361769679437096,0.12990518404982948,0.5334381572693817,0.014870953607926259,33.71603052788637,64.70505658459058,0.6116024046993876,0.08335815380769418
179.44005354164358,0.2982235482821022,0.7386190133017285,2.075097999411138,0.3092752705889493,0.11548135050279715,0.4970342012295289,0.012307881808097798,39.63927044406732,59.55935608674208,0.6408440717810792,0.06939153895973504
159.5800190628555,0.24415744766313535,0.7684936078921404,2.340024799533022,0.272931833841907,0.22218716445729805,0.4879155624153912,0.008783139072812208,29.324236039145603,70.68062658319029,0.6123178212330108,0.04743004818146801
154.9712027294947,0.28915480372060104,0.6603777842269829,1.5162988782432965,0.30623923209563697,0.24265219618026926,0.5298816565220429,0.0074742661501895746,38.83173418368782,59.209190708915166,0.6303847991155123,0.06115371137047987
169.64083111995993,0.22823042142038044,0.6598121369099399,2.2582205962969555,0.43697200732486197,0.22233669876267598,0.5053451587024456,0.00897736861565828,52.766962135846434,71.18773572151028,0.7823224498276553,0.054926362111018534
165.9979773336696,0.229199332616803,0.6958316524332285,2.2793205460175225,0.4422470651419925,0.15534525171379082,0.5053945171251906,0.018671004590612852,35.65678513695344,66.49970416797736,0.720303231568068,0.07082650159509285
175.32245769556536,0.24983646915369595,0.578444284783532,2.462670533972047,0.46679274159937867,0.1215212253472038,0.5499598777157996,0.006442863327724116,29.041271473815087,71.8103951029776,0.680231725273154,0.08562776021472018
160.75250867107633,0.25882826127256675,0.724879511396646,2.036281781335169,0.43501344565994,0.23886416544647296,0.5333870387383023,0.017349216222093133,38.44372286948092,62.25472700419245,0.7310277315793509,0.06993315615409301
199.85329895519396,0.21719409629743391,0.722260348198138,1.8568054077216685,0.3031363632341201,0.14149196702331618,0.5310670448691153,0.00844890622568967,45.432350768850235,67.50912144124435,0.68687306630278,0.07699262401047235
166.35871337900267,0.2211231081504809,0.5933895993077893,2.0203224799541593,0.31017924552132836,0.2283045060662287,0.48443808044283015,0.008806082756751304,35.68608542898693,68.08767812118806,0.6666954410231962,0.0448675170223396
180.91642149064234,0.28510794009227425,0.7564905352165402,1.743118340546438,0.2935658617999539,0.18082523094328384,0.5170863536085463,0.018110579720262004,30.902816501825146,59.52775580969735,0.6485419040288262,0.07182498033716911
170.39324097205974,0.22181562192001314,0.7613643008009743,2.3163559655843513,0.3522601227438231,0.20947056033430086,0.4915664172708437,0.006604835997999445,33.18721409853874,67.70190195767647,0.616939676342627,0.04985984238601304
153.26355940715192,0.26327903348482523,0.569715108287364,2.4821106292090755,0.49755787894566034,0.20334685355944648,0.5477834208582112,0.008429442915696674,35.34830453059005,60.233844219605324,0.6180457155821419,0.07548208137495749
193.07592963965686,0.2684682535357524,0.6484622922815061,1.8118031861415214,0.3246265573235863,0.12432650186281609,0.5274785961906068,0.0070631555844329385,45.752645187965705,60.88346001409624,0.7154665613372488,0.07693247867291575
169.39770947409045,0.288157261395045,0.5957573356010454,1.7489732487262768,0.4185275265034236,0.10681038601278506,0.4692360091577457,0.006092982783964936,50.094368375433085,61.81776161510627,0.7190367482680503,0.056881237097059056
167.5789710191842,0.25833468845656177,0.7368312059206297,2.230143744606412,0.47866295599730047,0.11892281946359363,0.4590784900534685,0.012477957466210634,47.78783314563689,73.59919590955843,0.7060812957664173,0.05452488439686931
151.10749221122467,0.217987495098838,0.7625973275887885,1.751389283417284,0.38030676369104144,0.24518788704627353,0.47435678859818137,0.011253009921599095,41.124137511443855,68.89055469785374,0.6947698228966237,0.03875853033105159
177.79410750010985,0.24390239815413378,0.7389058474019876,1.8772194669744497,0.3208364653409692,0.13660216476570247,0.47512727640523555,0.015235535667136929,53.967831947492144,66.84750174729261,0.7794448783351355,0.059499854593468626
197.92094073593117,0.26928141288928364,0.7513821431998111,2.0434700402565626,0.3857599312418996,0.21582521129493418,0.5457992249406564,0.017113125508282753,33.06961096315269,63.297320979317796,0.646049724349413,0.07876220176376592
197.12490774762608,0.2684683934449179,0.6154638420526057,1.581375385523708,0.2563940029181308,0.13974518016457532,0.4827185495847629,0.011191461393157838,42.16217495651349,62.33191163759627,0.6770282624308513,0.05988793719870955
160.02867976211303,0.2190363329487659,0.6746952007433035,2.1012139333605715,0.44764501130615597,0.1425764841517842,0.48006384613064046,0.018544109579793626,46.61618914048674,60.64370560289183,0.7396501189299794,0.06228826358756123
183.70556930110223,0.2460802887803133,0.683809811651453,2.0183754254177666,0.46200737473706144,0.2315122826997387,0.5296037085215928,0.013830807414265539,46.96193370733486,72.42445522647077,0.6326402869204587,0.06706288186569509
190.48170795963102,0.2814545471599046,0.692874546158973,1.55076283746474,0.27789900156826025,0.17870275822791873,0.4763644119040678,0.006698895823011279,25.353427752744874,72.8825164090596,0.6490666207678006,0.04888972239086797
176.8641181650377,0.2176924136919407,0.6328930086487079,2.033208384379724,0.46239613684490616,0.14693325108336786,0.529759324199622,0.013074081262765769,25.312069142869095,66.38030857141163,0.7998454981215819,0.07862473360046351
184.2865601351144,0.2531796427323061,0.6880321762124222,1.544271858177658,0.26837226612181075,0.23600977160650063,0.478291968945875,0.006318229330019668,38.334362040565296,72.70394009419545,0.6730598366248873,0.03930510708642032
155.0060665081907,0.27692652219806385,0.5905391371442005,2.1512147607021683,0.4811851944515901,0.13824395969490116,0.5275781549496341,0.012298645733317588,37.63913788699362,63.46027466205913,0.6924426509113646,0.0783898243148542
165.19381394045095,0.28124531605788927,0.7284982652690979,2.19796685366238,0.4163601734336839,0.129635024729551,0.5385877121554077,0.011417787528262181,29.861667748129463,65.93690720413652,0.7167107681776255,0.08333381391867078
184.59734144624971,0.2965503544587661,0.6073167823530703,2.3355516236591076,0.4575278978652354,0.10803972147035376,0.47361253579608,0.007563107947583922,40.957795157286235,69.96420031819265,0.6685754267656543,0.059076598402953096
173.6758735628915,0.22320677025933205,0.6322086464600452,2.1000980393455038,0.27690752548637726,0.1730661787804087,0.47137899168723707,0.010769266528739142,37.15457390220674,59.282562306373016,0.6889803755814262,0.05004895555202893
185.32722626747932,0.25751753946705275,0.5742143039060028,1.8335498125092844,0.45539941557289587,0.1388730471161726,0.4507102866197403,0.01573062284248103,53.90943818039897,59.319799052687,0.6469199198268268,0.04982737248383273
172.3421768046163,0.29854733492408714,0.5947699081964293,2.2666407861653717,0.31212936870802255,0.1349726735756649,0.537767544855559,0.015800634293693473,46.569018792334155,59.44940967351093,0.6886766834643288,0.08507226962092318
165.7162012913594,0.25397641498754137,0.5660629196552505,1.7062661059327449,0.40455267093635094,0.22188215293157676,0.5201851120088009,0.010042390729108407,33.924199711327,62.133509783118924,0.6493788541014337,0.06201099491181594
182.7935605476476,0.21648805838318264,0.6309220781550758,2.2071911087039853,0.30653126943033815,0.14404875925543795,0.47620991048936273,0.013846088107077804,44.6832572916654,60.459963092912,0.783805409907683,0.05811035454235025
159.29747554939345,0.20816852542065373,0.5771016621778357,2.234511469537516,0.25351262039343814,0.24097523207930288,0.46306467825963094,0.011240691101266959,31.5549417006522,71.45493078924584,0.7957766619529509,0.03458004105186774
152.8868015326617,0.24849743453087075,0.6836479298171788,1.9253290861870136,0.30672328510488356,0.22671734668519572,0.5035182668645928,0.007608987804394159,36.37474511058491,68.09408376180961,0.6802511971233514,0.05255424104188933
166.50518856699253,0.28851660719429606,0.720672290506075,2.1616351406393974,0.4264544816029698,0.21470005822520183,0.5449447683308141,0.00823771382736891,35.148889703654376,59.14492331233122,0.7050801352932812,0.07250938776860494
198.37620984343565,0.2537359793951915,0.7903314910926951,2.34687380607102,0.31176424183041784,0.18477129923312546,0.4632461795115169,0.01493792423050465,37.648586150969216,59.696294807487945,0.7582791432079491,0.04699706011206217
178.20772605895087,0.20662273295284117,0.7387207459546911,2.3155867880002803,0.3106399718966011,0.23190254435698104,0.4946494754135687,0.006410584934498298,53.59785737039685,69.7310803019282,0.6817892838781427,0.047123493775416136
196.61715411205793,0.21403833957761517,0.561408941734141,2.3839018700786614,0.3500810864272503,0.21345052912129026,0.5183190925449535,0.011290616125300674,39.551231253499246,61.57208123729243,0.6758228150788104,0.06333411368768793
163.71633319585425,0.2701078992575976,0.6388426105127054,2.3402666187545655,0.2609678474024757,0.18238113644578888,0.497279453606296,0.018036899349451047,36.170390934904866,67.350918226932,0.7780275615459733,0.06320478143470609
172.65044568670424,0.24510553353506132,0.6094168306998714,1.9602623868957285,0.41773359257720677,0.14309325489362523,0.4509179062933672,0.019814853492339433,53.08614550678234,66.91548788359876,0.6712375220133315,0.05119086712193166
160.96402424406963,0.25327213990811664,0.7068038793900157,2.099087193936404,0.4167924950451457,0.22770921307486525,0.4724954399200968,0.016498257014702,47.50089537241136,71.74336419202547,0.786565068982244,0.04422990713328545
188.3419881566284,0.20097088314218592,0.7569548502987564,1.8644277884178593,0.42703464560607013,0.14363823875254142,0.5032168029149386,0.00925979213872018,32.88422956036652,68.77180673747037,0.7517714217463419,0.06624607255116644
163.74444797975417,0.23391027590977495,0.7736236485159522,2.1489704923494184,0.4085899792159569,0.10039608530407214,0.5331801332325603,0.0172772827254605,30.865857268413503,68.37819473894504,0.6382402781978862,0.08820409735790236
151.65054443339386,0.24080312546888458,0.6476229627422356,1.8106692363003902,0.34093000517289507,0.22893701971206204,0.49075262841218215,0.00911275175783637,52.88144205028058,69.37299672892044,0.6025207409276887,0.047643637097735336
185.03392826969016,0.24419946728969344,0.6647814298957935,1.8367052921826854,0.4817887187275907,0.1781082249838459,0.5038236785501093,0.014607419888184271,28.111786427195916,68.29960842794506,0.7261984406149408,0.06461286981493686
169.11582142857407,0.2508099372742471,0.6463653574551965,1.787686304592146,0.3922771781230584,0.2235870854147776,0.5215504552865968,0.009978734218705316,44.70987221694297,72.28200932087319,0.6114404382347819,0.06228550239893593
160.74218918765638,0.289216948113687,0.7523066972787622,2.053712637718239,0.471830175064163,0.19766282795203363,0.4958487106986352,0.012137197634974025,25.409718930999567,63.71763385542342,0.6614103877320816,0.05686163077052697
170.60930263164215,0.20574781066369763,0.7193883871070488,1.626207581144949,0.41176589586026224,0.13456292277635198,0.5471963581460512,0.01782759242282377,46.67873911150313,65.88852625254417,0.6385179932791376,0.09029720996068136
172.49291137982053,0.2164815059802127,0.7456668808234197,1.641231089466304,0.2914704120473419,0.18521038244655053,0.45095733902568097,0.015479369181758977,44.67572559180518,70.97534186323264,0.6106750426427628,0.04210816772638282
159.16498531160303,0.29370513318589275,0.7587213912155001,2.170924251050781,0.27627022496476195,0.12562734572139234,0.5442176388001226,0.016634225531775782,28.485735412713105,65.59565568137154,0.708037192216636,0.0893611976430293
189.48419464823675,0.2715237989738189,0.7818093042704903,2.483806818652122,0.2799648242475319,0.20817188669720005,0.481672827294355,0.0077916472033361045,26.986416163495843,71.08291041467281,0.7739886716980738,0.04667938140983097
179.16257993924324,0.2892672585821683,0.6996632465072227,1.604489923231702,0.3195064388274016,0.24737805192858828,0.5094605750484829,0.006583355428577632,41.58164555784396,62.14246417368557,0.7613497945344383,0.05085715761424581
176.7587846993494,0.26207377205988364,0.6905162903013802,1.654900819250233,0.40780961523385406,0.23188165917643874,0.48832102476755823,0.017296201061464584,49.95894303041346,62.14698684436326,0.7873063349076742,0.05090768741638385
176.93097149350103,0.23991422423187106,0.6852296360380938,2.1992848215498193,0.3098844506750307,0.13363922679988566,0.49277839025040115,0.008011810128791963,50.09114025597253,62.33415457410573,0.7465782465932412,0.06291153487518386
187.97042124741913,0.21532358426329684,0.5902627002664256,2.352490615387247,0.4428232420312954,0.11882767888813767,0.5140492883597176,0.0198340265991589,38.85924937864231,67.92128848568693,0.6182916490224935,0.079787352495714
156.50443885961613,0.2814380922889672,0.6829222756011044,2.1146199106118013,0.47365049003120063,0.12987811491637277,0.5151232052486635,0.012892457843497908,37.22363974775323,60.73116880957542,0.7422260138128793,0.07486785175706245
184.57978043371776,0.24760435265571387,0.5535089553982944,2.098946433495427,0.3954765903872207,0.1556053814715825,0.5433926864453393,0.01451688771905403,25.716756233674722,61.76402373137292,0.7322209494729801,0.08403526169013276
199.80651062625253,0.21712703971532768,0.7956832306652075,1.6740971344649516,0.48696147590356,0.2312904247414799,0.5148309101731071,0.010251218654223961,52.58408450430335,62.778981033262355,0.6870474264118687,0.05831557919964325
180.9267429245586,0.2537694973397909,0.7398761057909504,2.274299963231028,0.3857711613327894,0.21157748703742227,0.466997127520913,0.006957832724578247,26.625950327186235,70.93896169726818,0.6858354094089799,0.039475793138535664
197.82466776351214,0.2647553749927653,0.6450879196654635,2.1988277414211734,0.37753294468057497,0.24680978046808358,0.5011908722338129,0.012109594144888287,41.52239856071557,68.59551593447227,0.7860200485341232,0.05085729411121065
163.46332899663244,0.23539928815955163,0.6952722161171381,1.5433669113695743,0.41144113157854817,0.1594220883214044,0.5087462851118782,0.01591338168538053,51.80289609451772,73.90412132426007,0.6936721232971257,0.0700716788628597
155.75906411356382,0.27634063277364346,0.654783106041276,2.262123766271706,0.4293562054989122,0.13121787559916664,0.4590304927033335,0.01616045448579287,28.812170210406737,65.5558028441113,0.7905170886091086,0.05446507433816805
154.4679414817494,0.26321624698986074,0.7962857364192811,1.7987203873418773,0.2641498089334173,0.1292200632237086,0.4666693392845559,0.014442710215837644,44.80675600441427,66.33441920277866,0.7431071991173941,0.05688514985058646
180.36127740245914,0.2548494512665,0.6744318602803898,2.0651288380217823,0.41643698184639466,0.22812403741163723,0.529154127071318,0.012969172897114984,47.10988997552742,60.108600435737614,0.6152563787292469,0.06682535812569768
166.73611978066498,0.22152078972715672,0.7517878503722999,2.445938534910315,0.3454523008905116,0.19584674768428983,0.4960650118282329,0.015148974061769356,31.503704728072755,61.09197761050877,0.6609997134640047,0.05898315036074564
163.1778335195527,0.2086703000387982,0.6732977376414205,1.8028460839176361,0.28205060739755416,0.23382614666062299,0.5442788756153997,0.011919714880886232,53.61975929735917,68.09096819232312,0.7411812654761966,0.07192862784131648
192.19746580567556,0.2757672456745846,0.719713710624219,1.638837733160745,0.38739937065510266,0.1943823516520152,0.525117739192777,0.012246086042500909,33.47482223631588,64.71821737165017,0.7688446128110294,0.06968827276386946
155.47470844457007,0.28907065451245,0.7396571576280944,2.2907660946379993,0.4562608569411557,0.2477731577340391,0.5229966402474931,0.011806577220552051,52.61392526282772,68.00730905610271,0.7938948480754747,0.06018237242597024
156.73831899245303,0.20993831320809322,0.6671279399681432,2.4046808218109574,0.3579729953572084,0.18262236313319208,0.49668401547891666,0.011216392080281138,51.052956833900716,61.780356982279066,0.7740423620532842,0.0590347324891809
150.7962104463676,0.29978930989482766,0.6251972180529773,1.7674282315597876,0.32838657718963615,0.11474165327123731,0.4588036272425101,0.012045261383975263,26.527504860104244,62.095740479291806,0.6419014769495699,0.054826433143261966
171.2375734111676,0.2109786984040632,0.6573596076204498,2.070205515676374,0.3395563833755437,0.1505264140344313,0.4694121226475593,0.007647056588563866,44.94831598104591,70.36958602054945,0.6420672712356783,0.051208793123350915
165.96069950688926,0.2634579127529815,0.7359237761400398,1.7646942363555818,0.4945013992067388,0.16281615021077026,0.48848328428349724,0.01666024927745164,32.419611472496904,60.26788412093282,0.640159085364523,0.06173165628888455
184.98986369118796,0.20160691732665958,0.6042663886895607,1.7581174152470138,0.3894638483275802,0.13444651737182237,0.47061264984896145,0.011768867790654067,26.000486948754354,71.52774819930482,0.7663798734754408,0.0562821295275171
151.58053283464082,0.2210506057173816,0.6719552444280112,2.225708849274745,0.35741468162691586,0.11225641556358684,0.46571080639393986,0.011427672287682891,28.43567316698362,60.12902628931923,0.7514384548172116,0.05748672456547865
191.14157223503003,0.2527210621141315,0.6632729459474347,2.4795832182092896,0.46101439196232596,0.20038192783592887,0.4927774864793317,0.008298954520154788,31.49217651622022,62.87402910530034,0.6531007136796032,0.05289268233582334
199.83480373114304,0.259758374015432,0.6487565875220263,1.9005026917479657,0.40581835200707905,0.11414869473752944,0.45268912554599783,0.006772132065459748,39.37362654511091,63.58651551800196,0.6483012847204275,0.050045040627537674
180.20312365997552,0.2211661913081012,0.6239844281911784,1.794479191146253,0.28971376494961765,0.19300284276900775,0.47093456762849006,0.017406931852944948,31.272923575158025,72.92711450977406,0.6561392625319088,0.05011748549668482
178.5826502366848,0.27748112493638544,0.6013577328264283,2.101221381508343,0.43660756740522644,0.11321738856818363,0.5073867374192026,0.007775354074976339,36.77804886203308,70.26135450353814,0.7215182201254646,0.07110857814905103
195.1450679598153,0.21330749940054536,0.7657402668168207,2.1154226480890403,0.4282942585925146,0.22149184696967697,0.46447990731871264,0.009085427003714773,36.59937647609808,68.03368326086616,0.7078504167334485,0.037762299366931984
153.40902067142156,0.27172779867924174,0.7267497964708334,1.9849037851321003,0.27063411185755804,0.1497784734139797,0.4953385386712061,0.014393834692131678,43.128508486713784,67.63014028298836,0.7600904308452838,0.06515413042916407
185.6506584089658,0.28245759908403734,0.7779349222721015,2.3022003131665185,0.4455548659267987,0.1450158034465256,0.5456658983732883,0.014566089472652286,28.449133928181237,60.27709772036171,0.753791829260135,0.08632777545017234
195.9603639524036,0.2637098754116378,0.7657633666342771,2.245425053333604,0.3755538495063439,0.1682230339915364,0.5487621604458089,0.007001893723629823,31.884278296519145,61.86802698279838,0.7167577867274779,0.07968870103968584
156.28508402345875,0.265098842991754,0.6492827849416533,2.253324403729108,0.46433207611249844,0.22822500232600773,0.4987806110306371,0.017601859971380893,27.367549422320398,67.88121837150265,0.734361118184821,0.05633088197964753
189.13400844098695,0.29108620806761704,0.629171256212127,2.018924381737684,0.4558316703786419,0.2092185658020516,0.5160682854574918,0.008902783018928538,29.78138226510039,63.37785942383654,0.7497193166013981,0.06153267233594306
167.4808769170569,0.2568348940162421,0.7730662127078135,2.2776028636120866,0.2723761703228037,0.20850807706632024,0.5080700224574554,0.013964924798300688,38.01027828216242,59.53951068704132,0.7502374892226354,0.061384602443013137
158.24866679954636,0.29142626119222803,0.7902262943276814,1.941968126536244,0.41224947695432695,0.2455631306171162,0.451328937001301,0.009652630818794682,31.113249130041186,69.64734035745848,0.7526932032875011,0.027506082250056352
153.38957786141663,0.24858965871031827,0.5703811954319448,1.6001937402640072,0.45942510220821153,0.22556624122507235,0.5014670488265903,0.008330879956041601,26.448440611202816,66.05227126976844,0.7415323495356229,0.052328509236303944
198.90163992343898,0.2208392351739224,0.6252307627473731,1.5916493906598919,0.38141240130513854,0.2148011073994901,0.4613357573823784,0.019829593923621446,51.08355300811246,62.89815734783886,0.644500921370856,0.04349024817793179
191.48060120365898,0.22882993381716746,0.7592782362131822,2.4709242052763463,0.29000751877257686,0.11178819490803499,0.5130317598809225,0.014981657745870404,40.5218293157296,73.6612935706615,0.6937255622995285,0.07754514176531302
187.07912475057728,0.2033566612713289,0.6550092611698513,2.1595716843039456,0.42204986902247377,0.13631584676946978,0.545004414027033,0.008596684207833863,47.555871804367456,59.3424140669245,0.7809087512448692,0.08328089501401337
180.16194585215135,0.2532612636715492,0.5912915251068531,2.3259500086113447,0.32104935591625,0.17233600168775579,0.4737468906520629,0.008418562417268618,46.02076204706156,72.89674905118079,0.6837191479978089,0.04984101293621279
164.16940599761782,0.2958038357497662,0.719550677807074,2.4478559028907863,0.3975375245655467,0.216615418406538,0.50535708253806,0.00826417490444808,34.638005613490186,64.17476391723038,0.7965713044515946,0.05543758328394688
173.4577410167847,0.26020095404506305,0.6811968153229392,1.5042605874653077,0.37343247594914575,0.18692145705794935,0.5448323771453011,0.01224962476288536,33.52309060628615,72.68555071545873,0.7487317261016115,0.07907940467566732
157.1810587273389,0.23982720563872953,0.7004822265830368,1.5181931068815664,0.33211862364831,0.21140604927890636,0.4613038949740076,0.008678647642976395,50.256972950616294,66.81494660714606,0.7066106126933911,0.03808670774969869
152.23995842799633,0.2895457813471545,0.6496496304169391,2.096319206396153,0.4265881625055525,0.11112842938948253,0.5382037755568069,0.005873190212151567,41.235594259744325,66.82584641548455,0.6695420305367368,0.08195016867148297
186.31132556203306,0.29902521391230663,0.5752403416260373,1.8705259137776227,0.4022806564983359,0.23732772857668386,0.48720496629672927,0.00905010242785756,46.54819387388754,68.48607291650521,0.7787177572065762,0.04455982857098206
173.77387909375656,0.2283025683845077,0.7319768753698045,1.726667872526726,0.28734904081322943,0.20392163471569458,0.46260347756790815,0.01588039817376422,40.115034551073705,59.997145143063335,0.7853759333211218,0.04390333834135163
195.85346793779658,0.24836805740156054,0.5729969928603451,1.5505713263832366,0.4645400606255751,0.2116656470542314,0.5131530435179277,0.013574637539375264,47.90236836307922,61.278788288815896,0.7088993652520836,0.06282696852167646
159.47723714695567,0.2750569515353452,0.7801555888003017,1.941689153782722,0.4849907408276529,0.1090651181481658,0.4625798269114781,0.016613763789241502,25.95409069439715,71.05408735002285,0.6051693672851176,0.059288906767960725
176.18037781978646,0.24997512390113505,0.7811490209783973,2.380300099065405,0.3691545185125914,0.15738525139595683,0.5420147224752763,0.017223481211753305,35.84378988983177,67.36249989473063,0.6119686956953363,0.08495542699756697
183.81681043944647,0.2850968689033836,0.769908782953495,2.307510086790488,0.32161567178994466,0.11279286884236288,0.5306892604710343,0.012455808443206626,32.82557001549039,72.97772052199258,0.6133695724648972,0.08288295892134556
168.36275726028106,0.2080893356560454,0.551753264150389,1.6650524758443985,0.2852093431349927,0.13674513488388512,0.5476004348786341,0.011529959314829218,54.79259665924157,60.73062135698367,0.6024975495137103,0.0861752047826485
170.4719177059519,0.2604883513400932,0.708894728206316,1.9595086478166697,0.30032994495033927,0.14692531839988549,0.5213796298325238,0.009568087348560964,44.28894452109943,70.75178077085693,0.7045059934796745,0.07312649977802721
199.88634988486774,0.21273614654432252,0.7759369157290658,2.1219080674554096,0.4941964193291142,0.20210779256415462,0.5308532120189686,0.01721542338422399,26.039208894296113,64.38874735141664,0.6387895517182715,0.07417123236109546
158.94319512913836,0.26201015117738424,0.6160284389690878,1.8541106804002359,0.32396329393366796,0.249974659978009,0.47616750354785364,0.012774386463968303,38.56358977616757,71.8673166462137,0.6874232130620443,0.03953025182045167
163.30671763108572,0.2033145255406029,0.5559327014952455,1.5224973316942982,0.27379550390340057,0.11586617363486748,0.45870709816199623,0.008474846743367353,35.04859201766118,68.40223855315267,0.7345340797856632,0.052865985335756704
182.29020564767293,0.2314419547891269,0.7218058271905581,2.187460369057841,0.3343232691501634,0.10730549988896265,0.5097060191144287,0.014031147740957628,44.162777039598325,63.2539708085275,0.6239977449598526,0.07627973908120111
187.52990886330065,0.28013525331278066,0.752008371441168,1.6173965574798075,0.4242336902018303,0.2097618266779834,0.4537669902708559,0.013913451791089163,49.268262841927154,67.21715685769365,0.6318396789387938,0.038033211975289305
183.1104491699414,0.23112087022901312,0.7766450644883538,1.906785555185441,0.4445666168920509,0.1688841351574271,0.46618663590980824,0.015909045100629616,44.592971743353374,65.59125767911358,0.7126475270614371,0.05132812606052539
173.60254982343366,0.2545567030685405,0.5959555799844944,2.4331986535185752,0.291973128019131,0.12423746426709052,0.48101256041953827,0.011847992689384473,49.140396098958654,64.82605286267282,0.6721840796754861,0.061803490294096264
156.8121051111049,0.2925442681353483,0.6709438029678372,1.955187991815786,0.4294862516895652,0.1750801015167988,0.48416833519937613,0.013157126545634907,25.68193015690365,64.16355888402373,0.6115414312500436,0.05619676545711627
150.38365254674767,0.24559716199570703,0.7329487156675064,1.9287113516208838,0.34338746135860143,0.1486433065395757,0.4972697985811471,0.01242244722229205,52.49896500971159,64.9680271313091,0.679800583382036,0.06499054259302284
152.73923415371752,0.27689859339159834,0.6545575376242593,2.354879728902694,0.2533380737676766,0.1449639478881315,0.4683624514084414,0.00865359597412502,42.120317142197884,60.522115423327065,0.7552377934182749,0.052201229772890656
197.90901983637073,0.22507635933901396,0.6182327050522827,2.044390991495407,0.28058851671657475,0.17202685847719293,0.5196125880549941,0.011052623014888293,52.24237236766229,72.85515193687716,0.7546408601489483,0.06986669930620337
152.12216291225596,0.22456696494561676,0.7614067634749476,1.7539936559508214,0.3150154691762094,0.24605410069202044,0.5387131254784107,0.008011897692680738,38.30492831907085,71.31802282954258,0.7501821939309449,0.06484785569546148
160.88545197008457,0.29488353800603684,0.6458385922062416,1.6337471175836362,0.27399680050825315,0.17716401314730207,0.5293480657796744,0.0129753501460006,41.686390373397785,66.7558785514522,0.7239525241449146,0.07435893449428477
168.1459364965108,0.23420791714193703,0.6112370510552402,2.3925202231035083,0.3660204599716489,0.22467662730108906,0.5449207137760875,0.009636465189796639,29.197653873984162,71.5698690406079,0.7905104778255375,0.07199844117485554
164.83449756991462,0.28659973668540156,0.7685707508606164,1.5771901075269021,0.3953936542962191,0.12038597057363784,0.45934518509147304,0.008145359243380975,35.807379589901466,65.95153297092168,0.72327668110076,0.05226333633299873
153.25721914334292,0.25480739535652763,0.713024765590508,2.3063719875157034,0.2800569475286854,0.11738721558239139,0.46869619584009065,0.012048306038296559,42.54706451883404,70.72690252022673,0.6177467787101365,0.058186874273360445
194.43976214856622,0.22224610791049496,0.6001121080941558,2.4932502885636807,0.3733420559853781,0.11943528375357076,0.4880770939033852,0.018773158839157342,53.48746450481316,72.67362980052079,0.7957394557986437,0.06880828479961565
174.48371368790845,0.21737295354658512,0.6291870919465766,1.7310299329353853,0.438316184878664,0.11336116253987269,0.45859457481479776,0.006332147521936973,32.48326765396693,68.23533608756276,0.689344389236179,0.05212800116760263
196.8800284130259,0.2563389839040496,0.6191252194404868,1.7281896612310963,0.3810724977795219,0.12315894678471659,0.4825837513833593,0.005548027360053857,39.472853248870685,70.12140199423595,0.6968918438792528,0.0591953343359819
173.1219623028781,0.23899539762050176,0.6292799626041767,2.1649520265514703,0.4305746442489589,0.18072632611613534,0.5189355457579253,0.01167357436872591,36.534501850142746,73.95872635648179,0.7829804099670936,0.06872840731602992
173.59581093517386,0.2505553284120104,0.7371474384099878,1.591991893922141,0.39655774082190653,0.20238681345971343,0.4643017011910746,0.011386190019012421,31.873595421866522,72.44301380294444,0.7396042275255338,0.0424798467133769
188.83161530672257,0.22367631243730873,0.564441562149463,2.426987423019542,0.4933843503914035,0.16500829145977608,0.5410596808333572,0.010409383813484203,26.18285135109861,68.57667560656981,0.7910323313333689,0.0792091530252037
155.18290633610175,0.22255714544590352,0.688313569717887,1.862480485983557,0.4067999303735854,0.2021430848027365,0.5245819617263645,0.010883878561735049,31.128430941966947,68.57480641192186,0.6000898250538487,0.06745636600726357
184.75261494022178,0.2929800339583351,0.7206412845543986,2.157946131139256,0.32950488954302826,0.15748225677928976,0.48179188624835617,0.010651395768152128,41.19412967672393,70.07030549650706,0.7104125136168031,0.05658925189754882
171.65383433757057,0.2208208203734747,0.5761760084175296,1.6417110463798457,0.2605026003053226,0.1457978196495388,0.5189151465858481,0.00953352173595016,53.560565842386715,66.92096991567442,0.7512428806908205,0.07228043699478803
160.88862516226638,0.24139537714144196,0.5914707465158457,2.374771470050486,0.4257094765666988,0.1518501876275452,0.4887479978367996,0.005403825080110973,44.044090217999,62.79190158033342,0.7257778102871181,0.05724512895221778
180.93386582573333,0.27828184630874125,0.6456260225248363,1.70149525035466,0.28038485160690263,0.23156235075474407,0.5271177005569165,0.015143140454981798,38.27480281871744,61.854910445894475,0.719034819022567,0.06680856576849692
174.08841609275487,0.2412871836464076,0.6266051327528319,1.9997443946416391,0.32246388512363067,0.231515468534014,0.4918382831243566,0.007969248157274988,34.52340090021964,61.356897961268984,0.7573334779718672,0.0469530193099672
167.54497497101192,0.2357122310065688,0.7701691445550302,1.5052343200901919,0.480166622728071,0.16641885682395532,0.5177726164230017,0.011624960235377214,51.808608611099594,60.72260231229026,0.7148542398373986,0.07025265955917348
195.0150477299463,0.2808772092200155,0.6672946238043431,1.5587770526734668,0.46658010394849836,0.1361511059055901,0.5283563842447374,0.016212931693921635,43.53833574919108,59.900800935500584,0.744606575214506,0.08132753537893223
182.59212414168573,0.235856201638481,0.6742835355617015,2.2030360166087366,0.4868394165536427,0.11312367791189812,0.5498033585504312,0.012743109267700118,52.069414503296294,62.594493893504605,0.7052950363256455,0.09062788023629764
175.6273530988449,0.26402274487446914,0.605793121850952,1.8141819123789236,0.46874210362049906,0.1592116226589038,0.5201567557481657,0.00806553167981444,33.7562952338912,65.49999525754042,0.691439723557612,0.07004981198815585
197.66046061643092,0.2942688462288605,0.6075427735413736,1.984125658778051,0.49425618211640404,0.16051685278840233,0.4632818793903813,0.006518916136420727,51.03213812463039,60.728593637022435,0.7767155827917596,0.04662274113024978
183.31673453863672,0.20553275085172742,0.7745955904135811,1.6859663386536048,0.3315771907341535,0.19330540449289701,0.4885529552977886,0.012714558273412797,42.29891900784774,72.06879418171532,0.7454721259897256,0.05485747483044179
150.7042301999878,0.23905010409307337,0.7400432715019172,2.1165551411484556,0.49574046480129086,0.11438245072606887,0.5469396119259959,0.010092496142191938,52.10158992629471,72.36807425877066,0.7560997075759552,0.08764493682474495
190.16277162441276,0.29404149304781846,0.7966313736587555,1.895203411508784,0.34836787442280026,0.15231223592899373,0.5209273036621778,0.010755742415681408,53.7101066728247,65.18967588319383,0.7994123490117834,0.07294066283111533
187.10991178871961,0.23140522038246933,0.6084704925448914,1.6750882424708349,0.3462953028108621,0.1906851985711897,0.5473975372774655,0.011430996632269515,42.89461643119065,72.03367908058289,0.7692116560359104,0.07911428327997783
181.81979073087498,0.264634666298051,0.7734439591601372,2.29965473585586,0.33400095217412984,0.16708425285357326,0.4945504153089128,0.016792142585392758,52.51594963149548,71.66566245830919,0.7451510063373917,0.06365400055756254
177.41874961391198,0.2746877954659129,0.6870514162336537,2.04263639728683,0.44576428577397764,0.21590063856097666,0.49598954636665876,0.006998642276889014,41.609135893327135,62.30645052265591,0.7769300511390326,0.050845179421685316
174.11405997260476,0.20499298238121136,0.7015005196513127,1.7496761685801236,0.4429972084898706,0.20599491085203317,0.4952630415605764,0.005941695051914068,43.453892095757745,63.88622585222401,0.682886794317064,0.051573280415595946
175.56391764769648,0.292720713885427,0.5564461662058988,1.6581747037967887,0.3672858646776558,0.19366685065826444,0.5057272569626864,0.008182836609761894,29.610129647939736,61.99341675601576,0.6493035098869511,0.05922464018794926
196.46290697255859,0.20103017082285926,0.6110179835386323,1.7386557516906676,0.4794583166150149,0.2420728367922244,0.4827434850116639,0.01343817639464738,42.0848829627468,73.17830209233401,0.7488547352693955,0.04435161755509398
165.42842874980906,0.24181625855442734,0.7838079060814923,2.124269399764345,0.30171562052027834,0.13432033225382192,0.5175064656319301,0.01198587333440759,29.273400655130313,59.003987132104236,0.7914832757668293,0.07470193928975277
178.92500116782952,0.26821922758687367,0.5861147670666875,2.2541056934034365,0.275412605736601,0.15256123868031474,0.5422643073215766,0.018121995105792033,53.73817420803235,60.726267859416765,0.6743373385138526,0.08622982970837256
152.0507674268831,0.20644209446068426,0.6506047368802025,1.5600434084746877,0.44442044796211827,0.21306265670276364,0.5463667142046085,0.01351104375269019,49.16566543452959,70.23876330683234,0.6497852384912665,0.07697341085122389
177.92688961568712,0.25570667748261444,0.6092898558799542,1.6633433072847723,0.37646911966228125,0.21818629279096194,0.4814936487273764,0.005294690116912164,30.794146784143116,71.84619063706448,0.7106415352551885,0.043356249892440246
157.0131283374938,0.23804665602631464,0.6206517278299678,2.3336945493150596,0.413478582218304,0.21660635513346174,0.4743941764255613,0.009253858579889149,44.803867758716706,69.19537180198168,0.7007259560920336,0.042975245567959064
155.78043430906928,0.22147887312958456,0.5834355981102367,2.0033536960628173,0.3078878969053005,0.19521847633634654,0.5074015247564448,0.00778106829364603,38.12883782469901,60.17612888243851,0.6522657331413113,0.059424274579669145
160.3329020229103,0.2620702457680274,0.6910694780966463,1.6021437370028875,0.42752737102616534,0.15790969055842435,0.514311191541592,0.011923452385442682,31.19111178797924,72.17817747639528,0.7257719712440337,0.07021439078425828
172.73285786095084,0.2445040310341895,0.6738793860677703,2.306356804882507,0.4518504785137788,0.21657195589805475,0.5461836608471341,0.011140203463880931,29.868126785754942,71.32140138819955,0.7712119534278286,0.07477270159643012
191.5936229926347,0.2458250772777883,0.7586320581603873,2.288163007413277,0.35023175440426246,0.11703996353064575,0.52506336978531,0.0052709964935446305,48.19567162302457,67.26682721299966,0.7737539765724095,0.07583530597958088
153.94464873293492,0.28039645863634305,0.568595330126382,2.3455563057615536,0.45137595964760935,0.21937608950030268,0.46633728447501094,0.00510681842772433,48.635492143630344,59.525209320688596,0.6817488470207125,0.03667504433224167
152.13905013382256,0.2990406863198906,0.7585925726550867,1.5129120428797438,0.2685227124768387,0.1685277112466816,0.5027811922036639,0.013416027714762229,30.30709539197151,66.71865026168955,0.731287430680233,0.06490485652784628
150.33421299362453,0.22953602501829679,0.6202936017445269,1.6728218203224974,0.4173794908668741,0.12536825344716251,0.4532249364810121,0.01961588829795296,37.00062851078568,69.37311806938928,0.6621178447770864,0.05472054905430923
157.4224298121026,0.25597255585991313,0.7002225697200127,1.6385173560941548,0.39295951767789417,0.1037271681320335,0.5287079087590405,0.013621467344596407,35.00949220144552,62.33309907432056,0.6614196244586429,0.08388398135002717
173.9998475221933,0.2004254786777352,0.5808418610798466,1.9107846652284528,0.39003041699462493,0.24796724401677217,0.5082629952475485,0.018707674861277588,39.62564135801798,66.99779116438965,0.734355638980374,0.0579197390857189
190.03399639172628,0.23463263332080034,0.7794745123811689,1.5887873216727249,0.34559519475547074,0.1176460193535714,0.5074459004535491,0.013320319491281311,41.252391677621574,72.87917987008497,0.7314586901885702,0.0736885493556656
199.6072032403616,0.21342902909404896,0.5597540693325336,1.8119260982288767,0.4159047504439851,0.14417919544795724,0.5022541172594587,0.006213605634130399,44.19321991090628,64.5678200442904,0.6836641850105385,0.06403709878441077
178.57316385775025,0.2561299531167108,0.5676722976134685,1.8900859129202263,0.2757517437903221,0.15943757642222495,0.5056013706974238,0.01970042538789463,36.13819117120432,63.68999665567654,0.632393414780878,0.07092224242524026
184.4883810646741,0.22103418459208454,0.6153918289573294,1.8810533755446508,0.32182429372455135,0.15043850563345912,0.47253944316684493,0.012211323895533905,31.698458991444614,70.67778559101339,0.695260653722851,0.054848443438004324
163.34885329303188,0.273839271213572,0.7096442227647644,1.9331893286507746,0.36076051556322264,0.234680230445639,0.5284539279054112,0.013033090943178257,25.242052343141992,67.36828388009747,0.755960903613846,0.0655341409533321
170.0538996073584,0.2966342634641947,0.6269811969758281,2.4930405508491624,0.3500744634829687,0.21039264913931188,0.5326469374650552,0.005210984243191279,47.24638775506076,62.902256888773074,0.6827531059009989,0.06588448361571864
162.93669951147544,0.2917179927755641,0.6859735660684639,1.8110607663994336,0.419950269346995,0.24426024333940347,0.45383376259210695,0.017981646995288984,49.25406753861216,70.14440353252806,0.6201149393998561,0.03352558307642539
177.56497306296833,0.2337811415559706,0.6329671602468145,1.8079471783389145,0.4096499997431241,0.10645991915176081,0.49235718279304,0.013691216590717703,31.09747924170353,73.08272209010919,0.7036526566390955,0.06953432073942167
187.31768056288385,0.2537835844249788,0.590064263861285,2.409962926279559,0.30627558342051414,0.20906556856555233,0.5373599095734274,0.005986738529225701,25.51102888951552,68.67486685172625,0.657003956788038,0.06858108655387696
155.7520775420588,0.29155296950927095,0.7121679054754995,2.3954643979845147,0.44178599184248857,0.16975253587408218,0.4843648837181487,0.006978636951470494,45.87795449482786,63.22960244343393,0.6875878662374478,0.053668649358314724
176.87380358771134,0.21850070084031228,0.706442365564415,2.3417852540816253,0.25542531695968373,0.18962942186264897,0.4835266421703151,0.012695190105655618,27.206248656056925,64.60024173388817,0.6221679716365796,0.05335992792834077
159.40111270738072,0.26727690333466786,0.7358908800877533,2.2950616803354036,0.4490838894287994,0.1800294579299369,0.48413932911422136,0.019457151041521507,35.29787919387913,66.89958603669282,0.6855997073026887,0.058838114802256314
185.62792673360508,0.21448376385108725,0.5727529195075387,1.7716853580021388,0.4965580216208843,0.1651779275176888,0.5307188134859194,0.0073038439048185725,51.52825485358972,66.60341585779602,0.706695749405089,0.07297935790529664
169.53776482747398,0.2986393758054956,0.6292181195848449,1.6895360055110862,0.4633514118858402,0.14438536362081453,0.47430888552939876,0.011209622991727734,45.99175696139948,59.38168741245676,0.6883164858639441,0.05593663814443062
168.11618702482662,0.2690986066819731,0.6110095812275051,1.7376040198569933,0.3113720185872434,0.16840787532904847,0.49654702233106746,0.01130445808765216,25.466081129994336,71.95291047601775,0.7508097100469374,0.06118920917788273
172.58564467964953,0.27938655271121987,0.7393253793861917,1.6619865943092713,0.3781294031089385,0.14586899965387767,0.4943754000881022,0.008073404803855455,29.90355408635367,59.97813835305817,0.6465082581717353,0.06181213703030153
170.9359894551555,0.2742872346250232,0.5942070228181565,2.3321326848231814,0.3378432109814128,0.20016034548154724,0.5160912081500098,0.019196949125478837,39.92232754217677,67.0624848503537,0.7327235425120016,0.06925458268369766
170.05609625360535,0.27264464950526485,0.7035985395119783,2.372520334353237,0.4545190498868056,0.13002343436037625,0.4831334406798298,0.005818190989460445,31.451208584199087,68.54477074229062,0.712662374660162,0.05855841578568288
191.24233516927436,0.2135132294967795,0.5639224273586882,1.8598684006560728,0.31942254588363217,0.10605879258086508,0.45580036154511017,0.010869249955560841,30.900725884807777,62.91121565771588,0.7100534074485367,0.05440177474838492
171.43763152869752,0.2850727430532499,0.6125127700533577,1.8507690660123712,0.3925952860479165,0.16656300908248473,0.5323874628354416,0.016115973464343146,36.36258495469581,59.4406536311637,0.7568584758403599,0.07902064436848377
184.13602049114004,0.27586984153300054,0.7336384978351308,2.3158497285328803,0.49563163473329896,0.14855015111599468,0.45983192615326834,0.01774147141462459,28.759272387240898,70.76659060855219,0.6654023801941235,0.052902703314885
158.83603557850867,0.2766282974295363,0.6361422274378561,1.954614897901807,0.25834740388297417,0.17190184451616503,0.4888260096361784,0.012118238856170195,42.406249337589685,66.54450031888433,0.615431845814399,0.05800312953988396
192.99627623274142,0.2984877890374157,0.7937021024809359,2.3321839357481866,0.2855281555595217,0.19212337163741852,0.46974202119092306,0.015486481470488993,45.95252881831049,62.92969145193714,0.6779684587332113,0.048743951047526934
190.77138536380357,0.22452016801600833,0.7271436071761287,1.8761118737507179,0.4920953428235352,0.10317869173426364,0.4807074508556674,0.01779382880558268,28.026564668766653,66.61286742796715,0.6191721250376848,0.06761723080717275
154.40870358297266,0.23080972907909855,0.7911173434783666,2.263030389983026,0.35676362657643734,0.2468985752512176,0.526756039499242,0.016774359331401957,38.97250274148138,68.04050199171299,0.650800733150664,0.0652791929119303
195.81586888104184,0.25465495794321386,0.6350397020057437,1.5714209771050374,0.4467196580840691,0.151281054153618,0.5007981804386972,0.006461616187134404,31.53875639077662,64.11540869813577,0.7054425844383616,0.06260015456200563
163.97412743503406,0.2509017551821641,0.617720210381173,1.8851114649477458,0.489973785571579,0.24228424572884324,0.45725281424088965,0.016080819989291218,31.5118439716018,60.00077512084293,0.6559365807982726,0.03443484545323372
157.6566019208543,0.2072269811388847,0.7886898196300304,2.1120931466943134,0.41230219093650655,0.11454392442799825,0.45690717317947227,0.008012852473885983,33.43784223286371,68.10332645333709,0.7121481844719212,0.0521635323798364
162.3694610086914,0.21162876898890334,0.6721630903325432,1.9052276984779846,0.3774493117752364,0.11785292774628862,0.5273625742482067,0.009385597096892717,40.77340654350515,68.27733773139461,0.641498927093371,0.07911349868982143
191.66068860461243,0.2980651990009077,0.6856028163924764,2.310888413657262,0.2628115939678083,0.1495759292043181,0.4623631114205157,0.013977460796882038,26.819720545373716,66.12662791438515,0.7453154293237219,0.051875770935566834
185.98682062589754,0.20560470355407215,0.6040636076068581,1.9743736353471455,0.4180583254678049,0.24394818180811983,0.5107667355137633,0.009915572266172745,32.373059198606704,69.00901962021395,0.7966163019320045,0.054192163844618335
190.17321606475622,0.29149042169844797,0.6329412614778339,2.4957703296618234,0.29196704659358297,0.22432224647286017,0.4933997579764038,0.009960034161695183,40.698689707677154,63.70550737241986,0.7616882512099993,0.05009854391983026
183.0152261223611,0.20470171263781467,0.590145782686164,1.6825594735668075,0.27359892831996235,0.14309580030881783,0.546355540651965,0.017843305534258377,39.00607551643432,69.1938884862184,0.7990753164481363,0.08893746270723568
182.15137253855616,0.2650268667925854,0.726689654515897,2.0379794014578456,0.2950277907832176,0.17802904731534114,0.4798518781710469,0.016585245724555883,42.12819375428272,62.77465295422544,0.7376647297932531,0.055827008136020595
184.60994257022264,0.21873657389081558,0.6323969046123787,1.6666476403389217,0.27226978191677187,0.12327836969967325,0.5270499695419455,0.005109945486298896,42.06958002955088,68.20903686802995,0.7018891861746218,0.07570002581223889
187.60823966020607,0.2859879439783728,0.7264704400714381,1.659209980265251,0.4479645497657764,0.10805046958104045,0.5139453431557091,0.015433796912008722,38.468575870121526,68.32789348868917,0.6863738849320524,0.07862218656873665
150.2604324481906,0.26301988231035783,0.6042072419460777,2.095670321646429,0.31611357872456597,0.12591569898494337,0.49550497092969037,0.011560884047573333,39.63550070980412,62.069289448748826,0.7052383654430123,0.06699070183867661
197.12407875843502,0.28756091940127737,0.7226748786428601,1.9637411896520294,0.26847610767168395,0.21249644377337157,0.5320130196502749,0.0056607636040797585,46.774321851519154,65.01351267607959,0.6939098308719944,0.06560210055113203
159.2748765904243,0.21031886034116837,0.7949174142721465,1.5011177997569014,0.46068827059724915,0.20636593375910592,0.5345253768659248,0.01109862232770129,42.2089200791382,62.52868623015085,0.6264320467696506,0.07119584483143626
194.25224996101207,0.2711566648803142,0.6516686927563513,2.1648364202603476,0.30781371843096444,0.123538567114007,0.5280296079468317,0.015104396025531657,28.094922689658894,61.563418524882216,0.6836279751794706,0.08210093026582399
164.39338517593666,0.250393935279369,0.6755095556228028,1.7684348409701596,0.35270608427267536,0.18938801500758606,0.5220957358934386,0.01779124454216711,52.24238067497387,66.0034456488052,0.688892144242437,0.07255476310047015
175.14563963650252,0.2820848317410876,0.6084289058245465,1.6440909768719145,0.39970271797770435,0.16388561768671508,0.5496882300443467,0.011348508092110934,41.79210784301878,68.7633787490594,0.7829600185066665,0.0835453821741794
164.3146040442859,0.24078486579892222,0.6125773373452992,1.7603267726156187,0.36908732092744023,0.155738259938117,0.4980901710805788,0.00985573791391534,40.93792509443082,66.82080562385354,0.7561953774648864,0.06284667538466238
155.36344313897584,0.24004003992652725,0.6201771957388802,1.6768449145186448,0.3151044455162156,0.16958512140773174,0.5405130967393197,0.006156829930130578,26.62855311053081,63.60403030570118,0.7051061784199077,0.07558640577508413
199.55831006645028,0.2922847799590906,0.6340893926725604,2.310786061866042,0.30022839481155117,0.15736644300467859,0.5320982454882575,0.014095628371152158,31.61524805207857,71.16433724995021,0.7502811227173574,0.07885605864112222
159.9539195634929,0.2787934883413234,0.5726530639170174,2.4392635862423577,0.26231976040339,0.21383313006292531,0.4805022547288331,0.010274462558570412,42.570136790123065,73.02856068931382,0.6431836420112305,0.046637218255000334
158.82709504166252,0.2020171159441666,0.6073420178925725,1.589693367186655,0.3399942569088481,0.1508582452584989,0.45834044019034,0.006571491936328108,34.578334606237156,71.45162214729257,0.6910382489517227,0.04631143056349174
179.51337392640704,0.2618845199714296,0.7269278411894768,2.046148283565562,0.354831004483081,0.1799219208412804,0.5207170383525898,0.017310762986932682,45.42979864391195,59.489998125728896,0.6799049199742216,0.07301213001164797
162.67957090382873,0.20416723788082577,0.6184792230736573,2.261127363299872,0.2861688043553734,0.18930882293974427,0.5129355590528393,0.005666706600981518,29.52303176131876,72.14383965093104,0.7682492220243854,0.06128534171557476
163.26421270870998,0.2505673798591046,0.6876360280902376,1.5823950093731929,0.46520913685297827,0.2213040147712657,0.45264883215737833,0.005069639708700899,47.976012372404035,70.16449704990431,0.7602141803078967,0.03049273995520707
161.77984598428273,0.24236814427523398,0.6913246371809831,2.3450462213488734,0.40273668719196054,0.24780142208169678,0.49204796554937863,0.012617560423148719,48.24032727812366,65.76096882741349,0.6525961731600091,0.046932082454532065
171.71043959036268,0.21394336122697225,0.5884770357289661,1.7280033624104374,0.39951073198744147,0.19500708039704318,0.4682130055246543,0.0069712374376945906,53.912047082605945,60.813938044153865,0.6489716837431617,0.04297316935708295
156.93780948852353,0.2826712746363687,0.5985484378979923,2.4356081118459403,0.30023792058462384,0.12451325903973812,0.4785297874138051,0.018907567600300348,43.50000122785998,63.98907632496858,0.7072368657080181,0.06442646167170096
168.50140596743526,0.24514725319136443,0.7865091555783066,2.154107910181784,0.4732645687180572,0.19084616657513964,0.5460943148109324,0.011737008144819323,28.979011936912798,64.58248026693823,0.6170233089068157,0.07874265350756104
195.05772618070887,0.2195940163871554,0.7878439671330548,1.620328204933605,0.43961453014056584,0.2400304169602486,0.5391754018072367,0.006872059703327078,37.553984839603686,63.46001964356117,0.6839360789064325,0.0652129848781442
178.65309909838675,0.24400611591376542,0.5645766469462961,2.028061697286517,0.3643075880608206,0.11333399917342282,0.4798164444623477,0.01627003030702179,35.472040715178906,61.30628353803498,0.6734154163939106,0.06513743622826951
173.79044553010115,0.29004921991867477,0.5721442428195658,2.306341966357552,0.45185418417254286,0.10046513327885473,0.5108166581482496,0.012028496112216347,46.042513785797205,61.16417135680999,0.6510104941434487,0.0764418307185224
170.08417202486814,0.26855545942854897,0.6537835331977462,1.6827939169544142,0.36482330393787066,0.11301219126876418,0.4676859991657797,0.00796395425431906,41.886436113024665,60.23824003444957,0.7130483115621148,0.056372962388650194
197.7639100138239,0.2925276068397466,0.6031582816767584,2.2306942288545484,0.41494034862782364,0.23087302259783637,0.47123973234809186,0.006369815330533378,53.80391157416143,63.621458826712285,0.6147488185894552,0.03729269159475734
185.40026105553085,0.2809384863275941,0.6808266771978088,2.0416913317435266,0.30288183794900214,0.19129408211481377,0.48684627757428645,0.018383351209954376,26.392608666920218,63.997314345721854,0.7660274333455049,0.0576304440360218
179.24252758280255,0.23747318139596404,0.6758114912392368,1.5453026015113827,0.3856925814994719,0.21924538627738824,0.4962547427470034,0.01869585772997269,44.18139607176096,61.58083501516003,0.6776244652472708,0.057348817303591204
183.99926555688685,0.2796674457414164,0.6945840615050585,1.5248666156282633,0.3709120417502863,0.1581068562067715,0.4577927895968197,0.014938836197565015,25.139187285271987,70.0587121049487,0.6412029168001198,0.0491854269362193
191.66133140063783,0.24425817071147113,0.6350712483897255,1.8920187598942153,0.4134115939280293,0.13811471208696638,0.5078222553275791,0.010056526648317089,46.02758809034218,61.219901990851,0.6583747909699034,0.06926631595842991
188.97124229546662,0.22618366086832584,0.7923140557021493,1.6708088815804145,0.30146628724418456,0.14835935112210005,0.5207200527139736,0.007086506706465178,28.594480611780735,62.1515207252437,0.6881976528225685,0.0711615481300214
198.3086797877807,0.24765680263424805,0.5872202085674953,1.5541638631253256,0.40965022297569986,0.10656848767786721,0.5219418183819129,0.01808544121409026,25.735031323258408,65.26781643348404,0.6018441335506093,0.08346154811215456
181.70603618283616,0.2421025753654849,0.6538317829157856,1.9441755391734512,0.47277604796008565,0.20193895547772953,0.5043895993465174,0.008372954076803642,42.39446322132908,61.23928129225004,0.7841093090776271,0.05748319847543826
191.0077854870243,0.2370140052505227,0.6688519538805678,1.9352619788412153,0.36663048565473133,0.24489164125518062,0.5026184797794283,0.01770393248572397,27.29008000470772,61.394067932608905,0.6729966340213408,0.05527499552454174
162.28353994374538,0.24424617693469533,0.7700692665325012,2.454175530044596,0.3253439870619498,0.23017688744119766,0.5207005277438824,0.007950042859781938,29.586240602381647,65.61178425767889,0.7287194173908883,0.05953714905490415
169.61633477950588,0.24290034857396203,0.7851373774525965,2.4124609445071026,0.33219525502606717,0.17444223146814322,0.5038291971337338,0.01908354380905051,38.195893771420366,72.07664261327655,0.7600070745134512,0.06771173632614591
192.0913492601721,0.2543942021727404,0.618304852685206,2.3369848500299586,0.28479459100232984,0.17735828731671524,0.4696689755820401,0.005850263318697186,49.89043927984236,60.425746897230816,0.7613716849058293,0.04597575340767435
161.82453782402632,0.2647312007948835,0.738827483220722,2.352437300429808,0.4979365052668281,0.16105694346107932,0.4520414516438337,0.006574507459998066,25.86323393242879,61.09092556715358,0.655866749082438,0.04216905686234895
169.0249058502525,0.21603621829321784,0.6110730090504334,1.5879188829098467,0.44273705846882583,0.23322973664779278,0.46124394562088983,0.014438457967204839,28.02415826620546,73.388732402321,0.6261860269392193,0.037096246583587345
157.68683245504008,0.26663361965443017,0.7829100427556317,1.5226484285169943,0.30473836888714845,0.2374419161946754,0.4702317512358327,0.008406100368898333,25.17641565915735,64.2610200212363,0.7739152171015515,0.036782579414193606
160.00508215133934,0.2153447643122553,0.7490664336414868,1.5615017531218942,0.4497425745792817,0.19215021173010197,0.49162814310266034,0.018519701084348042,41.85647393419462,72.14549559884989,0.6409194378768324,0.0595947409224209
154.67989415460383,0.2534550963074066,0.5576822222983002,1.626653896846757,0.4062937168359265,0.13670870957266276,0.5117168094060263,0.00634068824735607,39.89844424193503,61.205675494409576,0.6077775580755672,0.06879552251439236
199.7735926336596,0.25412486754821917,0.5621693237006188,2.3224774529829992,0.4781041631355964,0.14560598936865007,0.45318322512047254,0.007689382091362963,50.462254237283844,61.587305126197194,0.6297462283186138,0.04575089487616424
183.2883252532055,0.2306446593930202,0.7279002689236541,1.8195884776493134,0.25011743749920345,0.20007048144336287,0.45704037426383126,0.012259098943263725,46.14139208639895,71.91994289008815,0.6274268358446702,0.040325540687717876
199.00027474041036,0.27750149429492665,0.7541083740506656,1.6562979227913335,0.36586156698137,0.23548908603620372,0.4598540177849501,0.01803364545834293,30.087224783856623,68.39123879891602,0.6005109675640143,0.038008105327662633
164.8913169843826,0.24841305557150278,0.7815670314327993,1.8590903295019272,0.39220155287156955,0.16289050210759135,0.5241318144809356,0.007532657482862426,47.449342269423845,60.489937870124535,0.7150030027243522,0.07079682439098178
176.59384927372412,0.2307571770233594,0.6180673441944867,1.8513908432308028,0.45522589411401776,0.10652235806141819,0.4956608042800873,0.01748180395623253,47.12086505255324,73.07100718180635,0.6092243144212798,0.07279845015955289
190.6651503012452,0.2994366478380796,0.7588312967811266,1.8044168196575987,0.47986870511201674,0.11655055549970324,0.5243906920727262,0.010090317713636738,50.2458466949808,66.34402493354953,0.7535399957648357,0.07854490594809249
161.4439719028856,0.2707458945246145,0.6705883454578032,2.267340447443443,0.3319375835773111,0.1691125151135689,0.5394840884546315,0.01695880394793276,40.26151074125071,72.58072684301246,0.768505991515206,0.08221658671345722
189.61615558032625,0.29275457577168695,0.651237372673316,1.824513710466292,0.2896270143648375,0.10161412180042179,0.46920887891662966,0.00738432550755779,44.27188789404266,64.52648655071698,0.6100033054413972,0.0582690815258502
181.54443309905457,0.24249389544732153,0.7522279642689049,2.3819075946246935,0.3769638861960012,0.12201544065239822,0.5299446227406527,0.01584039024912529,44.11057339837926,69.0014846620535,0.6149669227782978,0.08349514329120211
174.32112378365153,0.21873080927318936,0.6375295746814599,2.4017198589184714,0.48485144864151497,0.23015138670203475,0.5148649624484333,0.010477542164721175,53.25107555335193,62.51958634209486,0.7301661860057622,0.05866261070286782
159.98540467943357,0.24238476620441005,0.6137040935316973,1.9502518684358137,0.41962337068828404,0.14545607253006407,0.5170083792395198,0.007754151202369448,26.4717453201059,67.71814266425564,0.6943103038659693,0.07050527579258414
170.60596807957955,0.2324817385886618,0.6010499199876589,2.432560327947451,0.485775355746738,0.16909121192544696,0.5127030686951594,0.017555360828426035,52.56278891364085,73.12235240739449,0.7152507705859946,0.07130546474991206
188.88825429107132,0.2581586939209036,0.5870330749289354,1.8373034178991614,0.25264157740255483,0.20210068603231718,0.5415910508263044,0.008935438003062958,50.46096511646345,72.32728210800602,0.6709374031708699,0.07337640516789179
195.9020406084446,0.24537804812371025,0.7258655947960145,2.1990092232824994,0.27794370545107383,0.19810169900385785,0.45390423006721825,0.016608891429999564,54.85850343043784,65.18353489516933,0.7041674483149095,0.041630396425262006
157.99274577772337,0.2948737688783497,0.7992575592024183,1.5982296363047812,0.49602210264673485,0.11197314437854321,0.5071975768746037,0.016844490967508882,38.305069531749844,73.98043119552356,0.7270515020392793,0.07626881298301669
162.54943298325375,0.28866175137761024,0.6695118484342053,2.467608743363772,0.37342727871307907,0.19229717966585133,0.46350713990413894,0.019923617699280638,41.584184828515056,65.35912635469259,0.6315638691279903,0.04841227534825521
194.96130118111967,0.22263361779372318,0.7097094333100071,1.9877252982781113,0.28308834212601414,0.20324865379854498,0.5140492055230104,0.007635773075608755,41.43776966770752,73.54741760526281,0.706787857013376,0.060823957380762295
199.31321746150465,0.28626097404043765,0.6484067148583282,1.7320613145979984,0.32217799948536296,0.10955239046080639,0.47007897658461584,0.011212647412914644,28.64786706447907,60.43278195022682,0.6994203288684233,0.059406253553333954
195.06416382283047,0.2346228254601797,0.5724561112153965,1.9523945268721536,0.2615332248817567,0.20289792686895883,0.4615619201174335,0.012068599970703543,53.83202489288834,68.83161505168725,0.6146499336407505,0.04160932397689976
197.36444075103142,0.24590433633952746,0.7265516176577023,2.1097443092890136,0.38005428975532807,0.13966797518794555,0.5170682825727084,0.01895609784975388,42.40494311084773,71.08016442017572,0.710104339372468,0.07787316121130061
162.22593548819265,0.22884281751881297,0.5768721645139999,1.7933497532652447,0.39739375578293856,0.19513750881716566,0.4738080237883996,0.00809209340843442,54.048021282463,60.354760056986144,0.6489873227680147,0.04586537181558015
159.88213275809622,0.21898692051474827,0.7401506260311105,1.7687781242302498,0.3823901644110863,0.2480689086310954,0.45823202309935057,0.017546113969168206,34.078801595228995,67.70652889583809,0.6903304863346733,0.0345206254473851
180.91367082425603,0.23796962131907462,0.7940116453806894,2.218702323777666,0.4487952269064934,0.14484195151038742,0.5461617718987694,0.0076281845397914464,46.8521777804158,70.47628487802062,0.7210883137970392,0.08205129443604164
154.19504066922255,0.2861864995813389,0.6351251344748824,1.5135760055741914,0.43448949866408193,0.1001129991062304,0.5257835167851729,0.011015250651866624,31.94270879076517,68.39707542545916,0.6172407971004599,0.08164020752474244
150.82223781381455,0.26802879298734095,0.7389964840348192,1.8351094793923783,0.44191440186257386,0.10611743174235957,0.48793106628273863,0.008177487121839268,38.547981000554344,69.24020436400083,0.6548849371740507,0.06497759217791099
192.34904927712185,0.27360976857547137,0.6452205837595064,1.5487534400818146,0.2988570081499886,0.1658489392630469,0.47917800819576734,0.009477312889753228,39.85174738799863,59.32750462682703,0.6995392620409585,0.05361799016691293
160.20009841436877,0.23053350600263195,0.7048379362652556,1.8250126023222564,0.40695285992923724,0.1812181511358166,0.544071535690072,0.018653172882133306,46.257929778187574,70.25976350170022,0.7831345130821064,0.08370175553818626
167.78778670161827,0.27352318768387673,0.7588329663360314,1.734324833518087,0.30201366275949165,0.21923717641195015,0.4589611734545334,0.009846787033644585,30.560603436625463,68.13268081877814,0.6259259029620295,0.036260274187498
195.15356167952177,0.2691781875330274,0.5764382533443801,2.439865569428071,0.4417987230475954,0.1846288394278039,0.4606150896266243,0.01263923606343183,27.85959078185996,63.081446073469834,0.755652753726606,0.04473477203600851
192.82110403456824,0.29280979337029334,0.7934592836060805,1.9355688069114083,0.43936454436296096,0.17891045735093744,0.5132438849132094,0.012618785760037795,37.97427237889905,61.116095493147945,0.6507103874516584,0.06721447948393688
189.7056697604486,0.20718260427200355,0.7564313793402415,1.6361424511142393,0.3096556551824148,0.1566915442198791,0.4928749170775521,0.009553049737552999,43.85022810531021,60.90590239803649,0.6830146837715408,0.060475702498024475
163.99680931641623,0.28670104205709257,0.5830493330627858,1.9668235769531308,0.40061881711714126,0.18575761277829522,0.5005139871912865,0.01806851923020734,31.188564828501548,71.63447486536438,0.7130017794225442,0.0640759220154905
175.6092961447773,0.203001494289194,0.7770264340557518,1.7631702722518598,0.34901848350168074,0.11092079190819353,0.45311065896119707,0.017030276397118342,50.856063974854024,67.9660794992156,0.7642713016275895,0.055601846119770926
157.46966112437505,0.26983108110379056,0.5919834574087881,1.658992563873168,0.48278175565464343,0.24784894169458876,0.46163045376328604,0.015696765963884186,28.406852766255863,63.72982540796243,0.6559030175750445,0.03508203773299101
184.37471757163408,0.28203491513704165,0.780799408836663,2.062455378818054,0.46792262634616555,0.10632195950898428,0.4930150540726733,0.007376185278579612,25.451450410048047,60.668445592074214,0.6510435277141426,0.06640860834295381
181.3568283699786,0.2906196729974113,0.6798161492009622,1.91313446904585,0.3747705216645121,0.16850662923232806,0.533031062267468,0.006025076118795603,37.178463913515486,66.3116954364599,0.7289197113045573,0.07262993172707866
170.29591770229004,0.2295139064531175,0.7468216900659709,2.0970276149974945,0.2902796853552482,0.15055499103820538,0.47236858814944116,0.012876761391522107,48.18085607737435,67.5359228484939,0.6934664692669062,0.05511066694316469
192.94169149969352,0.26067106553085173,0.7603048142417966,1.8001214252193887,0.39343220567196235,0.15845241669649487,0.5242111965394173,0.01870466855745543,50.572376681123664,63.26151962767107,0.632748430127745,0.07823387434700635
185.59857825952898,0.22493623456738673,0.6651756335254199,2.0379405959997925,0.3511855402063987,0.1734400797307025,0.47966734806404504,0.008451093386020053,51.93065473849315,66.62086041847874,0.6885678094839085,0.05204113070749372
194.95571382202496,0.2758959157933886,0.7031792028463582,1.693932563189022,0.4897466981247036,0.17634702202920166,0.4910018855687797,0.005533996752169067,36.67583391931009,60.52472970800424,0.7531696986462951,0.05442790519236951
182.42772501141812,0.24166619107956383,0.7770700889805922,2.1217739038727226,0.32019395826615105,0.1285306561443524,0.4874650131246596,0.011931242542849291,38.690199736408935,64.55756238988349,0.7401098759797691,0.06372551322556319
180.98737581931815,0.24580706087687998,0.709656516266528,1.6957182285869115,0.4647264674485365,0.11152316493525073,0.5371942437837629,0.01097358986472963,38.84153126338318,67.56719552594329,0.6756485674413468,0.08469064129121762
161.13732200292606,0.2742466266920779,0.6394168456017802,2.2174014958323727,0.281176331060942,0.16615762040073245,0.46003085903990315,0.019132123411418688,39.115101216333755,65.9805748332647,0.7958773028863881,0.05088357278100375
182.17535482247368,0.23979341885412778,0.5982212902492146,1.7913588899669235,0.3312540389290257,0.19736972910730508,0.47891682674424135,0.01563070430253599,53.03624941601223,64.96760476471387,0.7655539501858072,0.051791509952181514
170.65016627740158,0.2527862550667874,0.637865076203524,2.1864692010287112,0.31166883038950777,0.11240240947083342,0.5206318074211562,0.007218728619184362,48.17842607200586,64.72060189262929,0.7831025721950202,0.07591051378085467
153.0842603605427,0.22597339143487186,0.6300712404784019,2.3212426124242027,0.28482488814653384,0.15995544506090087,0.4827057264999288,0.017638529859411636,49.40441721536774,60.98991320525624,0.7737798831740517,0.06032957160687147
156.17690344128707,0.2321112083924436,0.7031406855443083,1.6110537003691912,0.42500449807721125,0.16203348473840806,0.45792372782861956,0.014606515248083247,41.361387735306465,65.8854501496758,0.7390261632756476,0.04843464434861744
182.26828298167794,0.2762210615510395,0.7412486418200259,2.3346694755412756,0.4289026814913518,0.11443780120179764,0.5491443431833865,0.01527669561391958,33.319620470793325,61.72367291856543,0.7755343742140703,0.09182179635217835
163.81390785343876,0.2904935289421013,0.7118154532197449,1.8040369240375647,0.445335319000427,0.19080919145858816,0.5465814202889707,0.01795863925112028,28.420878093292675,61.73120245196239,0.6947886199181063,0.08308701171290522
190.94369048358345,0.255287603652855,0.5913231102428309,2.273944525903611,0.34604849145104927,0.16990144452929354,0.49848169013116855,0.018420685071323988,41.662710389317574,66.73697852311994,0.6295407686438886,0.06576734643886084
163.09913469850542,0.24891282064823828,0.7704462661488101,1.9635625981299765,0.43998012975932743,0.10491494398224381,0.5138434135255919,0.01957845566289597,28.947469024824255,69.89585908119993,0.736746775227248,0.08127437822577122
164.30472048806854,0.23905661528309735,0.6743417711557682,2.305442833799461,0.4324644433263284,0.21431636202826176,0.4650530799109622,0.010693462191790813,25.104019506022823,63.67225100885332,0.7280452682085903,0.0402493129308823
172.1324534685736,0.28281564395459663,0.7185687987137909,2.326906778594161,0.43305643635002533,0.11882505687322484,0.4880230450894867,0.015075136020329139,51.832053275467764,68.79333170797831,0.7198491739296778,0.06694515909521215
173.45313354008698,0.27102719650203894,0.7356564931837808,1.5097237882366779,0.28795975920588623,0.2049566266704528,0.515742611318562,0.016915558702489543,52.81334080795179,61.74904305935871,0.6180635508556372,0.06701191206639123
185.2507141928276,0.22228899085111062,0.7516997436333676,1.7596348332909726,0.4503662316341006,0.19655108412182895,0.5400747084236087,0.013331938722388074,37.844512063291646,69.77262215617593,0.7251505350251098,0.07644059213043874
193.30482977132638,0.20011412801679926,0.5530956032628805,1.9411848719204357,0.26839105057746027,0.10774386496225125,0.47470706313617483,0.01918917813417587,48.10880564627271,73.52732726210682,0.7002142555340389,0.06538188714284843
190.1433998269624,0.29159539665871737,0.594220346307799,2.248856198331767,0.2729863801119799,0.14459162907617254,0.5267983935002178,0.00971719636184555,50.147263474239544,64.93145087300985,0.7121861424234618,0.07567994874034412
156.48749257067655,0.2684560414101834,0.7935736650175612,1.9176015996838838,0.4022686269004944,0.20973981316315957,0.4779296341198337,0.009956244799669193,44.050664102288124,60.05885678105735,0.7667394839850485,0.046090349407222675
184.6337162560775,0.2853753397784536,0.6023453057071333,2.053414286871369,0.49882498148655363,0.14024104584436306,0.45939870886547357,0.005602120728354799,40.954389667837106,73.02832534442545,0.6121348476473467,0.04792001840496596
184.2165689374907,0.25772794149610734,0.5561842023554974,2.068203622464891,0.4812834627586768,0.18229234102522052,0.4722887832858817,0.011862332540677317,40.19821079055645,64.07329533959884,0.7711839581163866,0.04949202023317412
194.0019414144487,0.21917428211322174,0.7106511261179448,2.1760740473107227,0.32738375118981267,0.214335800711921,0.4718234230206038,0.0124778552755912,49.89476337164746,62.085910732465145,0.6255391402576246,0.04411779393421966
170.49396560034532,0.2840698085418765,0.6364359713816308,2.0325389590763834,0.46985108870051384,0.13334169430756415,0.5388662960681803,0.007552455187947196,43.87764940050831,60.59660785131737,0.6361891852122458,0.08054386734647778
151.39648417201607,0.22936030359249862,0.6517788857256763,1.8718489047080515,0.31570772360231164,0.15510849345552893,0.5309753644112791,0.01044688179587495,38.65256907043978,72.78021199383835,0.7553738622740314,0.07642257571706068
168.31849541194904,0.25959647075751857,0.7593513629536914,1.772040118167242,0.3810007354699614,0.17005264997502773,0.5211408712763391,0.007631745493792958,26.671308189031812,68.83985679497489,0.6596879575055093,0.0686553679811368
152.06122716775113,0.29771334026083185,0.7819732819580714,1.958116921816774,0.47684864644390484,0.2324930762350965,0.5430838007419188,0.005246106299172289,43.629422618921836,64.34830345879163,0.7883326947617778,0.06694198797185891
194.13306377061565,0.2886884813740061,0.7834850241616194,2.168385324831607,0.30790508980198283,0.10639693080431206,0.519713177417163,0.011008400883183276,41.13934982613787,67.72483631172966,0.6603281953611838,0.07853598068641077
190.3658102562031,0.2726918389465393,0.6089445785904825,1.7130447568839662,0.4077696293696563,0.22973038861292147,0.4630199518990388,0.010974673770697073,30.700671533924098,60.840435322185705,0.7652710041320542,0.03662021121226644
172.55732711550743,0.26020708424507,0.7228317830124564,2.3529849300926653,0.3790609448382377,0.11758596501242832,0.5493067108444611,0.006610482106111188,42.252715643453584,61.72891066854928,0.789663929274408,0.08594890626363849
186.9810171307754,0.2890735521698095,0.6989954680135502,2.3421017859629427,0.26244197590989793,0.1840337062912576,0.47595489674818425,0.011426791061225742,30.466164645146442,63.45446959456672,0.6797010607882322,0.050463690542983386
199.72998790262898,0.22120657697164187,0.6341153125164346,2.0282885862353393,0.4755342392466245,0.173313733098641,0.5089945445723191,0.018045356885246347,31.788409865384278,70.31893170312577,0.6091454861559479,0.06944425474148375
161.4951342964595,0.29616823580193913,0.5574701198509164,2.0226184327697014,0.27830939923876563,0.22830801269987547,0.5317939912533746,0.007003029600014769,32.013343582857466,60.323512389940255,0.6753484929799927,0.0639648053233941
193.48846619291137,0.2969259681113201,0.5512925054434802,1.6402486532763936,0.2778950999982757,0.23984354836968944,0.5028894162449757,0.013994545193444872,46.6545419774148,69.53367907118039,0.6100003248456258,0.05399706112120839
166.010795163892,0.21517019358650227,0.7432887036595568,1.9972684322890453,0.39782461257709045,0.12250303659942155,0.542247666328267,0.0063614604545186885,50.03339543221127,63.19548403672185,0.7463849935946382,0.08244369094654758
172.95511993752686,0.227834836240737,0.731486060085885,1.8575073976675749,0.39423433742889324,0.15390255087924304,0.45213167416761135,0.005928910414460123,38.278525713768005,61.10510136060519,0.7254056550322537,0.04307720738916032
194.31312523331454,0.29209520556325924,0.7482815185236921,2.1353526420757714,0.476028265671336,0.13441549019897575,0.518594800848919,0.009839466476125235,38.14423847881597,70.23128453912283,0.7325383749951072,0.07384997475628552
168.63280722771933,0.2683186578182104,0.7230210322798136,2.0007279772592352,0.3165827810043754,0.14059895678466616,0.5449422624921363,0.008649819024582797,52.0658726003763,67.40327308337282,0.7543162715304154,0.08276036132019726
198.52653737458618,0.25303683042984687,0.7273213357624829,1.9638225431115033,0.35587255600545603,0.20582872265577218,0.5380538953592507,0.012417059418190915,44.8404542815377,64.76506456203498,0.7542261528745596,0.07365662593974776
181.1617336867314,0.26034194085916496,0.6381294485712891,1.7185577064298883,0.3277488433015519,0.24224466254039378,0.4799892184733955,0.0196046008019669,25.64423698371171,66.98720521858651,0.7855122920989693,0.04665561511546912
151.3641741876628,0.25553751365078126,0.7898589767783651,2.341672417848579,0.41113688561181305,0.19855268211048732,0.46610852595544366,0.013431275296637481,41.322992760246166,60.673647889076484,0.7782091941968222,0.04501994037264012
170.9295592540738,0.28361247683132523,0.7565902759525049,2.447375825332016,0.3160058377438148,0.23114939034462142,0.4718636534339321,0.018170602926935307,37.8939668206994,59.16581205593034,0.7781808413195014,0.04424958675144808
187.64310306002707,0.22728872646630102,0.6019488798935576,1.7920891052722747,0.3644039057550684,0.14983602148529,0.4520110912457582,0.01977048568181082,37.42608220363367,70.04172640583744,0.7866399847791987,0.05054618635813313
167.26629873702467,0.23900856703159531,0.6940046063382893,1.7657771451762434,0.404162907957494,0.178190638085952,0.47354555574749796,0.015123065906700123,34.546339489357024,71.64069575786883,0.7298530305186671,0.05242450133255261
170.7313461366955,0.22023812314511526,0.6875869232999442,2.417833730173542,0.3296641063832658,0.14241430874551023,0.46542206103072986,0.014177776493065649,31.379677508954085,68.00947864416952,0.763961994506947,0.05428760691347634
169.8484315546632,0.21169264898981763,0.7112195385151345,1.9327950981168542,0.4654993300864323,0.1464861428563662,0.4754854978559459,0.008526660118141906,53.65831107336409,66.77031077952142,0.643507562076741,0.05465299231263998
179.02050246807968,0.21130051146453094,0.5617579437519604,1.5294551400372698,0.3769256922718189,0.16149022909997243,0.48361643557652517,0.010137972924569624,39.741493133264115,68.32420402270496,0.6440112270252734,0.05641786338446764
188.89398043085342,0.2745332331134959,0.6095771615311827,1.5289258230302503,0.46800540448814165,0.19168035933980784,0.5297301793131362,0.014103876859085067,44.72200141303315,66.35338035277535,0.6820373376679508,0.07320177015344598
181.90726674253358,0.220096090248007,0.7988748773984691,2.150466397046884,0.3217819847451007,0.15463943732021823,0.5451863110162832,0.007426028240387391,35.821040319408326,59.18600143561046,0.7523645290963641,0.08028208924088176
191.07040394780987,0.2963520973895074,0.7409115295160876,2.0994780943773765,0.3965831557350191,0.18366481464548276,0.4592990632150454,0.01555648355841058,26.167526338696813,66.18504282422681,0.7951673113096006,0.045872785195115284
169.1138068652521,0.24759520919103123,0.732842138979534,1.616408260111518,0.38883886232983267,0.22225154276099332,0.5340572977877093,0.007758474027811383,28.67511670261532,67.06177620349716,0.7631391796392594,0.06638863863690858
162.48234033005187,0.28160436876255385,0.705907874992681,1.7346011903222078,0.3810606353134377,0.17936523104303762,0.49576867770830446,0.015507884367663243,38.30802722938047,71.90946990233458,0.7923160883880939,0.06160690085425813
199.11746446039768,0.27081875114677784,0.7888593639932249,1.8227020528845395,0.293394432701524,0.14389496971095675,0.4719422018972389,0.015037367576333237,46.74618802108404,66.53312738999628,0.621640346335152,0.05706640197104207
177.284122241209,0.23752262484914294,0.777099905513304,2.079376070872889,0.4028538688818582,0.22970450568772022,0.5313308898890573,0.013449675471599058,26.452893229005806,63.449257248747834,0.6906597039992937,0.06785534782056857
197.49408226926457,0.20349056735503251,0.7841038883272761,2.246297770099625,0.3527872046238082,0.2109117804265081,0.513584837822745,0.005752760987192176,45.46019183234096,62.58733281153811,0.7723414218941221,0.0582246874178054
185.7728926447727,0.2438048377498379,0.6705527797887832,2.4033401397421774,0.2501123194011894,0.2468047902999413,0.4658026387740999,0.01666245049349424,38.588775698915065,67.28702846863631,0.6877904827904907,0.03772060780966058
168.20909604540887,0.22584169551965314,0.6391963152923923,1.867643531355705,0.31552449986200715,0.2138075807422598,0.5261230306693211,0.009943792100363181,41.05790374933967,70.62816309225511,0.6508141946415853,0.06574383315501109
168.88264582706643,0.2617674906096303,0.6572877085536422,1.863595082648338,0.4555371088482004,0.1591197837190385,0.46820500989324965,0.006501684885139697,38.79568259965866,69.55391570444621,0.7129398368377962,0.04876049982021868
155.7033274655517,0.21674442864012325,0.6314596235480988,2.2488967282540377,0.33873487232355676,0.1249656660013253,0.4890000437478029,0.013025734476773656,43.73428590001909,60.4150166698904,0.6109764653262544,0.06539916111023558
153.20086394486665,0.25300284178703203,0.6198343670943072,1.5309026022711414,0.4900384651134999,0.22203029482149364,0.5410373665914738,0.012028199200207468,37.9500936197255,59.11200031910881,0.6093216638372029,0.07233234330533378
188.61211374978708,0.21386837406808484,0.6480906788454376,2.324956843404374,0.4397237014341736,0.11660285824165365,0.5209865907300609,0.009105074695890687,54.37405336464494,69.1542691633956,0.7195739719270666,0.07663647145773211
195.95777940405762,0.28340298004734776,0.7189394886151955,2.4076599310344355,0.46987448744114657,0.18876703042850085,0.4811151482559215,0.010360769101042075,51.68101515421031,63.26511519400371,0.6317751028517623,0.05120253747327297
158.19937039322542,0.20374187828989157,0.7076523825917088,1.8482935639720854,0.25453626722076556,0.18026962140128092,0.471405205748103,0.014520188558573184,50.03066687582311,60.825080659718154,0.6433763082518565,0.050887712805433694
161.57102616164542,0.2005544730997828,0.6174558278312083,1.8604108369057888,0.27565709502589864,0.1866448730322793,0.5468421400593008,0.0147352544670819,44.319699717146555,64.76384134553972,0.6427947102190029,0.08162630028937201
159.3189225614927,0.24143683742655592,0.5892837489026417,2.4435898855000584,0.33665936321139667,0.17014415607681496,0.48914441649685736,0.008485066984784406,38.09088925008523,71.24775211103682,0.7487317764684572,0.05635710829346863
163.3438748095622,0.2681699547310948,0.7339634649101123,2.4073630869629783,0.4492083095918049,0.21528851499869453,0.5195878327026227,0.013730401693256535,28.08232986650838,73.74190078303666,0.6315054613253439,0.06513119070541507
195.74670723252933,0.2435801938616128,0.7889731780102107,2.1477332305977894,0.33694151328486865,0.1932751293045589,0.5257893102826223,0.017217616603611798,39.917582407516655,68.39398807141963,0.776887629167247,0.07323700829556401
178.9144335410754,0.22123060548209234,0.6093494427280538,1.8321473305376763,0.3723102920007322,0.21909364575848686,0.5381945270475033,0.01811715650228499,41.311990309724585,71.27448663013877,0.670676824030054,0.07555558892772751
167.7282780426767,0.20151095649898101,0.6519317017903992,1.5259888914644093,0.40317041540151055,0.23756460379027722,0.49436195431127783,0.01377131073491499,27.410962618369247,72.40150946920203,0.7097791419826488,0.050495272182615736
185.14644252383388,0.26520857632291023,0.6138151519895008,1.5896300193624713,0.4515585642847851,0.11477366905885593,0.5118884020270627,0.01868311761656603,31.94082755011549,64.24403119735568,0.6108817393858177,0.07878732914878128
163.21835978459276,0.23377874374848445,0.581969613325781,1.893981844039157,0.35509093115975904,0.2047396747065282,0.5378402716424874,0.010652566253953919,51.546430422828614,67.91303018263497,0.6510405429870083,0.07255267715618174
182.76015826534,0.2762775507131603,0.6837140633779095,2.1361691105172724,0.26768758851528707,0.11208970074578097,0.5209494043092189,0.007988447536639076,25.26312912514185,68.39131001685861,0.7372786162223169,0.07652814308539746
188.56418187631462,0.20993294257868672,0.6437778846429858,1.6536520409280846,0.2664874614809173,0.11628367665584378,0.5091355700531024,0.019284582355277514,52.64539410306546,59.485304251768376,0.6733155143375781,0.07783161194720378
188.36648823331504,0.25732789290159397,0.694888283780421,1.5402826392841988,0.3944535224973882,0.1050231658517802,0.46785851121336425,0.009492012964079732,37.20083837335592,73.2037093387612,0.6622307738161537,0.05835372035699038
176.96456392034239,0.2019287049026001,0.5830371634662583,2.4964713730252033,0.39788144239227463,0.1835593534492882,0.5008123601979005,0.0183138092290876,53.595378113921,66.35529026805357,0.7550730790796079,0.06466987846624761
180.9653798212835,0.28596583709638923,0.6608553373554917,1.7696891952152067,0.4764273139451523,0.19653818647934895,0.4709484778161796,0.019663117442416698,49.614387293507534,66.83142321665254,0.6214102412718602,0.05072377548503937
156.1571510748492,0.23867218422966208,0.5548850280582793,1.5274724818972627,0.495156826484051,0.10119770504588158,0.48281348180978895,0.00655633151695996,30.5908987461357,65.36177273229836,0.7849534375288444,0.06289001742925393
195.8269365082655,0.26236969810779553,0.6352192173360353,1.7246287075378768,0.4214173856954047,0.21961469164824787,0.5153749207059437,0.0059838384376234895,54.15635162494603,60.262120316212076,0.6860085168836001,0.05771456574757394
194.6822448027838,0.2702001073515058,0.78160553306159,1.7661870615428787,0.42731085831829874,0.24614096535069288,0.47059474296481174,0.01057820212216643,45.9219521550823,69.41857033841796,0.6993656265159763,0.036506978194211115
191.59736695563717,0.2760807672822337,0.5976994145161032,1.9461516389498628,0.46956151258597634,0.11265330079178781,0.5242538654339342,0.01659053066937391,51.62993127362456,72.3842930665627,0.7199844812427052,0.08279130857999917
185.5510222490076,0.2112053986269813,0.6001357065052872,2.0725171046222854,0.2954115819392044,0.1886344026027904,0.4592634140579582,0.01984709629500092,40.12056004202849,65.0807560901539,0.6410505888106381,0.04720055479583607
199.11208996453044,0.27884667602346475,0.7402250506122849,2.202251004897069,0.48509469477481043,0.18163322327406894,0.45336918234995355,0.01033499220559144,28.703439999541946,59.99565824903755,0.6371475420191672,0.04109144039057355
187.6129973974011,0.26538125491880693,0.6535777411711858,1.7363750627801866,0.4150040833559308,0.10778599586431029,0.535570540558915,0.00988694575630098,36.59164660823667,65.15732023131334,0.7694893082503657,0.08383175636072338
178.42430144280257,0.2741584341137827,0.6716695909668221,1.9840968026638381,0.2946691800502075,0.21743469964705758,0.5352257943201306,0.006058624295836252,44.990889525856815,71.52892730693857,0.7579992940352276,0.06647042300801331
179.0464663102851,0.2470160245010798,0.566980700155674,2.316202647833206,0.2686977232375294,0.15515119922020434,0.5103590252496794,0.014437143132964392,26.33455908352102,61.6289738388393,0.7317373377435418,0.07047010382257213
173.02079160724335,0.23844780879267966,0.6161280230143311,1.9548739686202476,0.33827689785669224,0.22209372735798286,0.5270254425907125,0.007642415775669014,34.74923040568537,73.95944069243883,0.6811105554101298,0.06333297636820134
187.59407309455491,0.2563732777243628,0.7888890861924406,1.5223730500343255,0.359002986340091,0.11611794788711992,0.4688317984258421,0.01608770454660594,33.328166483892154,71.95919492780666,0.7341344380890968,0.06042921173821014
199.59640430401208,0.2319480484205656,0.6607245215002451,1.6341491992566963,0.33653281344478664,0.22728001703288922,0.5481709145335376,0.006112029617892531,50.693762893475714,66.33845747589778,0.7221201611852988,0.07054216570622884
195.46546336568338,0.21694029327025785,0.7544223930912726,1.5591771261365928,0.3237882516730586,0.12030482304131786,0.5187834733453194,0.012875869073097748,51.495065171858556,70.8255059978953,0.7958074974251202,0.07752524961551899
161.61392709774353,0.2713679030792615,0.757101549950004,1.5291393706692085,0.436648138544799,0.1255875761138492,0.5041727626331265,0.017893956949897583,31.82503857997104,70.3734721931516,0.7105684258154352,0.07389768928123885
159.31959316479154,0.2561848807111458,0.5671241649015717,2.495900743629791,0.2593434898305168,0.1917937346729818,0.45238438218183574,0.014407263780586346,47.6597788829469,69.67456568470364,0.6184680085651143,0.04098948641831157
192.3940860353451,0.23832373455330572,0.7271551025917284,1.737992873529579,0.37613075721740724,0.13660076730859474,0.5059328987554249,0.01217493621451696,28.640026971386682,72.826738847824,0.6138719047094159,0.06994347121917599
196.1112806524491,0.20313353431712025,0.7409166612295438,1.873255259511909,0.4696391495260107,0.2172491395085594,0.4739121098214049,0.006535434052012672,31.60975782605467,66.42052165505751,0.7527753241521773,0.04108407198373243
189.5123877508874,0.2868882415591815,0.6113843619464173,2.1300259042895284,0.4106867045095299,0.1321885545067501,0.4906358399112989,0.005775326800193399,47.60723455910315,60.51790674768023,0.7351698946434229,0.061056549976001406
193.7297575439086,0.22653313397016403,0.5618275209110287,1.6507463299372243,0.3166677088773497,0.11705171591211135,0.5004329323252819,0.008695685128428133,53.02864072225285,67.87924964094589,0.6101979549006615,0.06848899306032763
168.05719342038105,0.251936462007385,0.7020658490632301,2.073952597179442,0.4756178848779248,0.1884765125362867,0.5293178031898976,0.010559160896440233,36.10522251732647,59.96231811956201,0.6146090024456868,0.0712296588621939
187.27613996588525,0.20839874910515171,0.552391473408359,2.3443178966764586,0.48136752398654215,0.13901922984027723,0.47708205953562594,0.00753841155864371,50.41928094366071,68.61279359371841,0.7569857258523588,0.055865536879082356
164.18260457550974,0.27301585817011637,0.6781685681840579,2.4247963915724333,0.3571089356222463,0.10337447887678233,0.48786663363959,0.0066433158244421356,44.02761700624788,73.94157863724735,0.6926367467856076,0.06450079343039761
158.50719065704774,0.21729624839782916,0.5586881126059605,1.990783986501292,0.4958390106598056,0.20401582597479895,0.5492645045377466,0.01332832271295982,47.73784171535111,66.11999800045751,0.7425249103385629,0.07938179185975969
188.61005763263424,0.2624218902155013,0.6037524087234377,1.642261465416127,0.4200183416206483,0.14730511087664314,0.540865034267459,0.01570623820133171,35.164383563207174,62.15323214533888,0.6437699474831916,0.08477460851145224
199.50516718225487,0.203061696769147,0.6743055149542938,1.9896317194700681,0.3526553654765117,0.10974006714026398,0.46911890763960584,0.011278306514903474,51.22577267679414,71.40431843289939,0.6321843963032944,0.05905225130072722
179.37821275711644,0.2577235212659856,0.6500166086134506,1.9176869842367708,0.43053722042160114,0.22119939597810911,0.5389566602939307,0.007042254502003813,40.54479854470817,71.93420597262309,0.6323441608144962,0.06815630987921395
190.15832178575695,0.23976551513979405,0.6436303686580862,2.347297359412214,0.35838374907972276,0.14333920716997808,0.48918482650373085,0.014132615919319611,32.20396145652151,59.99970052841995,0.7250267691463532,0.0634838650880738
173.68880332263168,0.22311456986911632,0.6045094682147006,2.13723254667652,0.34515339608599854,0.1945113701251167,0.4977750908846183,0.015574369692768276,53.49420284719406,63.74134962105246,0.7189745114992036,0.060156808900956094
171.88074847973957,0.24966761036262186,0.6728508859924119,1.5997371735257842,0.4437562488636221,0.24275056495533806,0.5066481080258177,0.009225126754166518,26.336924951557638,67.24398213452663,0.7851271006333602,0.0521548963783971
160.806896033158,0.2523958051798984,0.5693114017605502,1.9629453337273381,0.3096581328712153,0.19972258326168152,0.4799772328569285,0.005581551305603177,35.403997853572726,69.90923429961421,0.7653195482565167,0.046160800810412184
178.85519817041444,0.20530589841360522,0.7763663211046264,1.9546192989904425,0.40952114952623375,0.1237643110756947,0.4952680869801495,0.0060643983985740986,25.369063194982218,68.91780915686951,0.6376886341321696,0.06415228880041468
190.31786926377603,0.22315856169301304,0.7458498927130786,1.9968453757715507,0.30170330832741965,0.11436410180649115,0.5172392923712184,0.009652958368690923,41.318177734734,64.7878502782149,0.7909717940877288,0.07579974038844739
156.55767710120054,0.22579644577065075,0.7652568090808239,2.45593416305564,0.356646426638646,0.1921463654142782,0.5301719218907267,0.012946461265335446,32.80301401755725,70.92159722209077,0.745485571117824,0.07258861860054822
166.0962410554487,0.25737294478900224,0.5977357385580768,1.6859472262405137,0.3463459797062421,0.12173338238737318,0.5383940612202579,0.00954726833568567,51.52723526624242,60.84277594027805,0.6629267700100928,0.08304942614495303
175.17895748949275,0.2885207777700861,0.7328500503864148,1.7871463239361653,0.27413331405358976,0.12903139155745266,0.5052085619890377,0.0076076064760826016,39.068807646352745,70.4100769485631,0.7768917598824245,0.06807979347604487
157.2067679610779,0.22628905054141435,0.6547273628957984,1.6646551117784534,0.26009053734989246,0.10099879232016631,0.5006069811343107,0.013099431597096114,36.596434091354254,60.316120235214605,0.6215629170401892,0.07307032685685044
178.77064876007924,0.28438750140368146,0.7561553722328256,2.037084504814101,0.4712162903298285,0.14116778192562923,0.49793840705946996,0.005586206087356775,26.45435273880546,60.3050700704076,0.6842649824583812,0.06244550204382904
175.1534822567164,0.2986036945477337,0.7225398948666387,1.6196954934634606,0.341063084482535,0.20548441429162995,0.4964920623136748,0.01747330893790979,50.50649627785396,67.80042565168358,0.6839780755049779,0.05897329684694341
153.06763503798385,0.20969554420584596,0.7861081458822212,1.7775267208847085,0.3622033800426909,0.18457982853461727,0.46643300730452175,0.018291008271851046,25.971442838110942,73.6157712015018,0.7793561931648666,0.05009528096934446
175.90302129649143,0.23884050334053558,0.6174593174371211,1.8417190369772432,0.3671276840730555,0.19546072039221238,0.5401451671299926,0.01673056901061151,41.88355791596506,72.0858649199432,0.6633549033582488,0.07884105585844736
150.20992712255992,0.29547099402809435,0.5599368936597134,2.414679901508669,0.3909703373766735,0.13998486409898367,0.48189048201646995,0.006981969085370156,42.0126614905926,70.25091856433835,0.7948527097796629,0.057259749687091244
174.04621390092038,0.27092197169589494,0.6478149907215915,1.9306426249836273,0.4947396710061044,0.16109368358114834,0.5257917463876352,0.00818522414177018,26.461706255742452,68.32758054376137,0.769396288269434,0.07211649159899025
182.5813909550247,0.25297580264772335,0.6478632813510441,2.485895994900369,0.25301180458997996,0.16551073563345453,0.45960770467868206,0.012840802083416815,40.495715660907116,69.97565420362552,0.6615849389446999,0.04764548806770108
176.884369461372,0.20639409990490162,0.6584162858025859,1.991274918602269,0.4497893029936816,0.17317174294896126,0.5038169472126658,0.007553181042838539,52.054104256041974,70.80849146975767,0.706891470034619,0.061208106748836144
157.04370773716445,0.2818074104011442,0.6463586677052684,1.6303459556290054,0.35932975692189806,0.2232137435325856,0.5121572294676445,0.013550666813771,45.37651162001701,73.93915125323848,0.7168399499724192,0.060552557504252036
169.13377452249028,0.20383054403634762,0.743293029635319,1.6584502288296386,0.32592117567611345,0.2451604816627638,0.5308738390152575,0.012157288352465163,39.06222046832489,61.10607175479215,0.6019991958998284,0.06435659036333163
168.43042090764322,0.2539285878998478,0.7762939622399194,2.110095985684654,0.2802095102731391,0.15499459103111288,0.46167333473325234,0.014112579797559583,26.636084321119586,69.74416618267419,0.6080787325682993,0.05081644619940562
155.71473678437383,0.20948014654684294,0.6245039650126099,2.037850019099106,0.26955406450706776,0.12811712365364633,0.45436085953264965,0.006789688748974463,52.350652727065665,62.96847742117045,0.6625577622412376,0.04852897788032351
158.93007656845953,0.24772032846094574,0.7189299473138334,2.4465283919703413,0.4584082498196649,0.16846591179941017,0.4512555963058722,0.012757825166947193,54.28770787217687,61.73551295380713,0.6706979141382599,0.043752109632350766
193.4595938217416,0.23953773380786156,0.6985682217298175,1.542574067322264,0.41687719754980934,0.10529946771365359,0.5268195904601913,0.014937480736889304,51.96695749717293,70.58628531016811,0.7853967319946593,0.08372849628676704
198.88878247871742,0.2577241030798295,0.6474367291185015,1.9932891091084541,0.3704785648643443,0.22957836585785915,0.46532721166977875,0.011793073153890705,27.776006270856037,73.04519687493081,0.7872411316803091,0.03811410295611495
175.93983656322413,0.23450295044437558,0.6711538895727318,1.5161223454319426,0.4765621238889645,0.17649577988917714,0.46382714771360845,0.00919196827888958,45.40977203912346,69.8969237222081,0.6492692675265016,0.045601354763221025
150.0353065581471,0.2835590342130958,0.6971683678169895,2.193912586170077,0.4529378329810132,0.15493980430527893,0.4678528440450314,0.013527659720084085,49.72271400893304,67.32459370508269,0.7036643145358589,0.05298258864741001
159.62415160852254,0.24333643290780327,0.6066982759098193,1.9321991910278515,0.27929075708164997,0.13513768701003787,0.5056568001643951,0.009484572864768446,37.232939819387454,60.95716115224428,0.6631926486150773,0.06849946034935783
171.03088352897072,0.2122338314820537,0.5996666782601794,2.310748688290135,0.2511878691950984,0.23609867357231465,0.5170845792176684,0.012874894502662956,40.24083327404116,69.57007846000897,0.7338129183195643,0.06018747539610558
152.9802050895515,0.29335568298753595,0.6081840178832061,2.437203130493879,0.31583558659565514,0.16148797540027257,0.5490890211745802,0.008396657275355261,48.207287767570094,65.03003431973819,0.7795189564550786,0.08163459837714981
171.79298527084805,0.25722416751549465,0.7607794166728185,1.9023181572772065,0.38935772988307005,0.10918285905975292,0.4531325728607261,0.013037439079330535,43.039329545125064,60.46724982459282,0.7014825135057637,0.05398400761669109
150.45131847377746,0.2191895475499001,0.7006006715109901,2.1639563860378903,0.2639069209728073,0.1863963054593932,0.4889871246545634,0.009741693990975232,28.622977002040823,64.67417230922197,0.6110407925991013,0.05445092130185003
195.453869872016,0.2383950822748554,0.7088056554061903,2.0773451443749207,0.2867716857789724,0.2464412731155727,0.49379380257180866,0.018762574906156012,25.297750631654107,67.21984758875487,0.6182919918835158,0.05165225480368463
180.75831089592458,0.26290157196008734,0.7803327485216103,2.2399612552923496,0.42987317097887495,0.18149055797361058,0.5349318270165532,0.013357663982566614,43.08488373409387,65.4288878933827,0.7961823244909372,0.07634796130560062
179.01643251345524,0.2978280669054447,0.5633936949820872,2.4938329652500384,0.28508736493899167,0.18483553235275438,0.5337186644910468,0.014758275326556476,38.15950998433019,60.719169557355045,0.6699305910866988,0.07626776863571649
160.44795704322038,0.2491093940305883,0.5966435506958262,2.0878797451435034,0.44968422127355717,0.19912256894672678,0.45944320306647973,0.010102976961171253,29.30346973290736,72.26094901998867,0.6723853407031632,0.040345591093227995
179.44780436350362,0.2298884087664411,0.6646970220921,1.5255371946929173,0.2986770573789602,0.24284082235208135,0.5028121915221823,0.007062847213290707,32.589222476912326,66.04576190939969,0.7715908302153207,0.049088077354554116
158.6626717312093,0.28435149277443855,0.632553338692345,2.3688417114421267,0.26856669167943126,0.23530082553291573,0.5182036144119319,0.009724338634565859,36.922143862918674,71.57584871920501,0.7013939877713271,0.05877679218110643
192.18017563087932,0.24640436922616976,0.6553475808001298,1.545395442337353,0.4874671023258613,0.13018616478871575,0.513607657700324,0.018722765653377795,42.42210144619707,65.1094973229245,0.7174875131371148,0.07755142607447851
198.73191448258504,0.29103029807968045,0.6165283688478629,2.1908935842932653,0.4505141984821434,0.15154724145138554,0.4717279966694605,0.014992486334292147,26.0305437769981,63.80961179598387,0.7052942906986591,0.05580167625566901
168.1637595186339,0.2697691467681734,0.6821727488293972,2.3309926977963356,0.372641124820422,0.1057984805158034,0.5479559046846838,0.01264773060576246,34.582819116280604,73.21426588173479,0.6607738672185984,0.09066152011155282
195.258227250656,0.27049962721623605,0.5841614759409645,1.5152087180790226,0.2548500709120728,0.14853815727629852,0.5022275013454005,0.009938629438551299,43.44983611215802,72.89104422983232,0.7341718691492701,0.0655582563617827
194.4020838892566,0.26406658762941,0.6654847649691442,1.994745129320513,0.3729858658635389,0.2470403984219969,0.45263106353775817,0.007914457503333108,40.99746066146997,68.23094981434548,0.6247127224333531,0.02677889414690071
179.44256789421914,0.250949706629697,0.6742598061167577,2.3314560417182877,0.3573214605753646,0.2454428716659033,0.4644493033643567,0.01781863075852285,28.54567226409302,67.125625201313,0.7709403191790172,0.03802104061787759
184.8621789005327,0.20453379463875768,0.6333972088250857,1.5216603462093108,0.32647984859051576,0.11995974541494674,0.5478764670046491,0.012275299613199576,45.98056153603167,73.07128153422472,0.7430272534522073,0.08876264149557755
165.1819357653769,0.26083390819740654,0.7458374160511939,1.8950909100916307,0.2912041507882278,0.20860927582544236,0.5434005265198247,0.008937559236038898,39.252897127292854,60.45063776642176,0.6853003797926486,0.07321310052475383
181.9776344469362,0.269737707820852,0.5895908768413137,1.9735666581936833,0.4572900049319077,0.2438746913971649,0.47611121961218145,0.016776836420456492,37.60510222943197,69.38498832208761,0.61893158492984,0.04299555271200006
167.8360689527013,0.25510174465924806,0.7099182287775267,2.2438935415244483,0.4792850421319774,0.21336521637522976,0.5447664301239991,0.015245787495428655,30.365313907828835,71.35858642931902,0.7311225779272335,0.07739655959676384
185.52361789726027,0.25150716466210465,0.7851174350259968,1.6444332121693215,0.2528471849743683,0.2466034094801275,0.4581583204041491,0.016677384189102095,28.003427792474543,60.64312813009522,0.7289216361534443,0.03430381051157383
192.12319417626682,0.24132178783462094,0.5820110248550359,2.0844691596454727,0.42155569378684277,0.1268563418076999,0.5456207809774315,0.00905466545862498,30.802536757006767,59.17810047445599,0.7702239586987453,0.08497560019486627
173.57780212043406,0.2733322680810348,0.7381651292896882,2.3346827619067083,0.3233978936902092,0.16880478512149466,0.4522562954227332,0.018321768135452936,53.8226869048486,67.64736948718004,0.7404699238386898,0.04686438303770046
163.87491566195837,0.23545954032026073,0.739731907962248,2.386784169254676,0.403936894407562,0.129797626699549,0.5096188853096721,0.00878967653156584,50.34868861795758,69.14541202836469,0.6789684540370303,0.07035429304914942
189.4427840834279,0.2208692536555652,0.657384091809499,1.7487662180167518,0.31475243601879715,0.15597044406035243,0.5428226071731158,0.015316122419614763,44.990997106795454,62.279866012110546,0.735974448435682,0.0842617163111754
156.8493593675309,0.23684792692316414,0.7670766081593693,1.8060054066786826,0.3946478187322261,0.16172164853361803,0.5437526926309778,0.007672337525389966,54.22635759107558,60.85098144484221,0.7565425177994911,0.07894685185556227
165.22765244797534,0.2363559725890705,0.7827298727913156,2.4234929235652927,0.4907441407577672,0.22015975160688117,0.4994272486033247,0.010003222934532369,29.177601494658578,67.63134096459568,0.7191844080486328,0.05340602025125918
179.14465083627252,0.28127458125996313,0.6550417065387839,1.546695701765668,0.4507222080266482,0.1370714922832434,0.49005162417907877,0.005970432827005233,30.186265253635916,63.10322729016707,0.7710757162874025,0.06024175183983971
177.39433004842695,0.29389116677234983,0.685109939561448,2.3124387416395917,0.45268323921906656,0.12322460823202058,0.5123960944597474,0.016648398866836164,43.32326821250558,63.46556728069417,0.6166845858271837,0.07678697224810094
169.01328582352485,0.24753747028328074,0.6332426576605285,2.497492913363032,0.35789234419373617,0.11877325271870276,0.4956219533953815,0.013492397243948358,44.19850678306531,67.35024539828383,0.6216839973749686,0.06905072213021413
153.6286054852138,0.28969483372698945,0.6855275259557148,1.952385215603771,0.4891133528724096,0.11813444148438375,0.5043641324132638,0.007005240618122964,54.8375495757317,67.25474662672575,0.7712476425937701,0.068878829269579
199.42351898853082,0.24913178786826143,0.712474350390387,2.394284967173614,0.3975056427762059,0.16517614884010315,0.46939174268077577,0.007495097749819147,45.79305137153075,60.751012910880625,0.7785870080951326,0.0487793245042667
165.15553837991519,0.24819881794643534,0.5699408375631518,2.047286937409077,0.4876398493229898,0.11641240080893925,0.47551411891902073,0.011498951078706339,31.222750395581667,66.151944626045,0.6383844749371462,0.06063244515326005
170.41611055039675,0.20669580330634618,0.7296593279415242,1.828990357669739,0.38084435109786563,0.18344481911255894,0.4638735878087786,0.015015341395396708,54.975585896712026,64.10142009118803,0.7835939583193271,0.04752064955073365
154.0620998201706,0.24675776291953225,0.5633099888481645,2.3199375316318394,0.3481035387453493,0.11704390709568903,0.4704619098513772,0.013115393872559769,53.63452978687631,65.4765836709037,0.6875726406727851,0.059443347153774084
187.76486351806076,0.27641774611444203,0.7698544497526989,2.044578256734001,0.41528205312018696,0.1589593789325995,0.5494968604560796,0.008367532659280539,34.859366183410195,70.68912154867823,0.6032703829819511,0.08210552586160702
198.74463051615447,0.262115487668737,0.7586386166947915,2.357270134238524,0.46197738813031036,0.17902520177053585,0.5129317930826313,0.011601393501878663,35.82401783441241,62.23103682134291,0.6098251963453242,0.06645793812685952
161.90725596119242,0.2867203673310064,0.781220770721792,2.4300593947156375,0.3096302069174445,0.21695035012587663,0.5117033825790185,0.011339600789379558,39.34798817799432,71.6031381945264,0.7356793048969181,0.05998786744703466
165.19755149993142,0.29654555876596794,0.555474339233387,2.281234384744959,0.43971259561410414,0.22283126739619258,0.5096162540336174,0.014366397516428339,45.916189675335715,73.4269088498876,0.733982089287672,0.060014001682702656
150.7315997628401,0.21349141263980587,0.7250234868574832,1.9360262584706673,0.27893610162267257,0.21193402215648163,0.5333364394989532,0.017294770845924158,32.02618648088068,61.821586616951095,0.6603280965103073,0.07389810326139923
165.13110190345046,0.25981565138612417,0.5649773693925817,1.6423681848267133,0.3726046787328948,0.19520777790343652,0.45682457097515095,0.019542513697062513,42.49885420001136,68.35715163461819,0.6562637902711446,0.04487980549902204
153.6496555321961,0.25923585762844686,0.7907326859602936,1.5200115453086402,0.3807350827494972,0.20593179795389263,0.5498716350608609,0.017073703496722624,33.19621621114239,67.36086622127486,0.7762637589278378,0.08192325733807593
198.4539296402915,0.26299537303859605,0.5923153119047527,2.475020504146435,0.41315082486157956,0.24685870846587435,0.5019397877787175,0.01641480656005137,47.87841488967108,63.88952372791536,0.7932652242127894,0.053842135303511895
194.43075286618625,0.23807403282966758,0.6848701160562538,1.98823801600944,0.49979523907790635,0.16889776249352983,0.49835819171722195,0.01188293256031381,25.761326925106413,68.69176968155399,0.7657066380942105,0.06217718957714169
150.80324453795615,0.2726451934792771,0.5969568271007724,1.9739989317226976,0.3645825947034722,0.14632223579706308,0.4617342943832732,0.017960657553327635,33.32806286554375,65.11650976381775,0.647436399493719,0.05411435603718928
175.77064380721603,0.2513718401289928,0.7301063983444549,1.5656860373135308,0.29326671715446306,0.19510188834604436,0.5030665597989836,0.0055701118843009675,31.36861977925151,63.36649444479219,0.7137149772458536,0.0563176132004628
153.00948390676726,0.29677928522656344,0.6566412088082503,1.8594243380582542,0.3936479381707849,0.18642546936821683,0.5261422426400552,0.0182447349059828,43.185171840688454,59.83359270713647,0.6628642564180595,0.07498526070094158
162.19176795800266,0.24042089830803165,0.6876232249426202,2.3032668815066533,0.41913798361188925,0.16428392615479268,0.4993909618919759,0.009536413589465479,28.19277796453071,73.14794580823077,0.6538190340065276,0.06192702753605772
182.87180404770606,0.294175670942929,0.7524569373366204,2.276618987785578,0.359473203485109,0.21072957400261805,0.4859060088272791,0.005335575197793597,32.44812166391474,60.935411130348086,0.6687732550735928,0.04653884226217997
154.08026741726155,0.25536919291922844,0.7429063237605327,1.7656555019225504,0.282867281578959,0.14917456407538798,0.46751140877822817,0.01015047058234944,34.62952482421573,63.51243379343309,0.7925827849530023,0.05199848864640444
159.16411298735446,0.28408368622981206,0.6874314056870372,2.337451122041543,0.4750570580170615,0.10287774716011863,0.4629259297461583,0.013776268080910477,49.2403049038828,64.8846346077182,0.7138263477547456,0.05892750872180841
160.25870272981933,0.24474868343038622,0.7139893698033124,2.0841757233563296,0.3801053488540528,0.1373591361582356,0.48122520898491,0.013434270842601235,34.38682275793333,59.93333769630314,0.7685591488205766,0.0608423721246254
185.71424525535133,0.2998766071929745,0.6623495493584636,2.2570398878363545,0.4262998333977507,0.15150066232166629,0.4534411235443187,0.011841480935294132,31.801581139706805,62.79547218496575,0.6929103464014129,0.04698143726864146
175.84613286825794,0.275866939042059,0.6604233681470393,2.1692576747185948,0.44697417404075934,0.22288950412041375,0.4577224663401659,0.016636036243913042,28.99088659575725,69.77585635071313,0.7318627890547388,0.03872315296803208
153.76890843768362,0.2731994796292015,0.7980991699441353,2.2985908297303466,0.3369557611425217,0.12951161941830666,0.5447551069320121,0.007176356366489188,38.41039808786265,72.7697746824546,0.6474588316640089,0.08309624437833918
150.64118590561026,0.26706389723021606,0.7256149161739994,1.6625291030129805,0.2892881222345942,0.14753047076413392,0.5186746115004054,0.010170723191802702,38.45395250636634,68.48204171380287,0.7250141950534026,0.07233438662888148
184.57437538598543,0.24714366174686347,0.6892788792842975,2.111129616713487,0.44678636916778147,0.1369667538040868,0.5468049516787549,0.018226826510597753,51.14097370390698,72.66764397311411,0.7898749185538128,0.09010104089111337
172.16326160783723,0.21320384625258829,0.7252237964864938,2.4008574756154513,0.2525430585329811,0.1505583716466816,0.46380517992782666,0.01895360930577617,53.91732733957386,70.40690029999783,0.7468470730650347,0.05478274411007078
162.08199530083493,0.2167284306612532,0.684302165739754,2.4138705313575057,0.29238809897944407,0.18137991810150625,0.48084935181504884,0.010395888133395452,53.13368697495558,71.56967530844233,0.6318548194525073,0.05231924485406125
166.37552591308742,0.2673206970314934,0.5728276661917202,2.2111349562143934,0.48058421266025997,0.15010469803504953,0.5220343738424973,0.015441263904296369,41.80892141724225,60.12594830974495,0.6560953544810817,0.0764920763108421
167.30920312005628,0.20254214443621954,0.6559394829295159,2.185244071106241,0.33782456642325853,0.23711902433917897,0.4502740942962434,0.006174650645361308,43.103370770852344,59.96476493182187,0.6686154140678006,0.026843895250294736
188.48946672806585,0.22839781870511205,0.6882390693954167,1.5661727399128273,0.4673498012405495,0.10640037212526814,0.5438467281126858,0.018199465067588825,36.862665111176334,60.571855741225015,0.7055295925970431,0.09238866761779718
160.71994489394007,0.26190263159610155,0.6908035847969263,2.1255852528670514,0.25792446739968666,0.1803725908186518,0.5065511586471448,0.014245571122088714,36.82976589990444,63.84156648408835,0.7141163349576984,0.06519674705350553
168.6290671169956,0.2119087712741035,0.7261274079806312,1.5228694805665093,0.31397316544517895,0.11231358365514704,0.4702601165947532,0.019667760123965566,38.954635225138674,72.40815231895519,0.754108625442981,0.06326466288692245
167.81185747678816,0.21127231499855217,0.6346307052477353,1.9291451324399111,0.29621044896988713,0.18825445356646503,0.5401950936315747,0.010548180540976834,27.321019770925496,60.365416847654174,0.6135116826013018,0.07580934769748637
153.4881888844328,0.2642326867035573,0.5662299598297502,2.112216029737155,0.37751568503792277,0.17205545219873175,0.5273233775888727,0.013411745644770484,48.70163273369751,61.213864089304906,0.6565220331240477,0.07449049609795111
173.1462711719495,0.27849311052890824,0.7701101125960363,2.183696196212123,0.43369538942004393,0.18732544802900059,0.508139433631564,0.008747505714499133,51.88993865304654,62.97640244168343,0.6307005830033084,0.06153294465320869
176.0512164250487,0.27490172568549426,0.6025364993783051,2.3367410408850375,0.42261680071688196,0.13426181548358504,0.4654672542721248,0.008867891557056905,33.491482226954254,66.59075106299116,0.7320704263623053,0.052844641044885066
153.93399574108207,0.2762311803066017,0.5739431890345045,2.0792298585573254,0.41012712796016826,0.22753213303881023,0.47970861513067264,0.018529086674162625,46.876698712186844,59.48851771444658,0.7715390362255444,0.04857061538814378
159.33755819379306,0.20745786882446485,0.6907961324771769,1.5180340619185162,0.2696525909298738,0.22626972344390145,0.4651811565965786,0.00922975293879486,42.268235513876895,72.98023068518316,0.6147562922374504,0.03723358717843439
188.61704263760424,0.2005796776810872,0.7064812929492098,2.145687022909374,0.30028583986616186,0.2185465558314111,0.5411239828518435,0.015997986186244012,41.87512370514419,73.39069811277032,0.7794419086267348,0.07554363774534067
187.90618162994448,0.270361091968277,0.7514704640228886,1.9968327157639765,0.46374551808044995,0.12119636843350462,0.5228330631428665,0.01958768834487853,36.89680345834391,63.26246506759958,0.6545407836030188,0.08291039522055144
186.99095238285824,0.26650972637244885,0.717856229097615,2.159476547301737,0.3144108887442211,0.17674515567443544,0.4805878952288198,0.010432038001886629,33.37012782763978,59.11000172173685,0.6983083907004817,0.052979404463712854
178.81212924192053,0.21892269843126294,0.6173585389934151,2.438372968683809,0.3569027499370381,0.16606562558133628,0.4668515333884478,0.006812718462352114,41.510638581317394,59.53461208904478,0.6630704813714695,0.047266378405311116
176.24345508700597,0.232395928531468,0.7547513151034138,2.187570543532221,0.3653371736084241,0.22978480678802352,0.5141614623687677,0.016855095250181727,48.48873674783716,65.90964220307993,0.7976994642580023,0.0624249284896905
183.94764971319827,0.20825979914730008,0.6056083882116555,1.994610822630281,0.3279233367618457,0.1787758112858393,0.4612400184532783,0.015574583307933517,34.145452600608124,60.758397621531536,0.7165777028140973,0.047509133324183495
174.97493358537096,0.20311874279118958,0.7762181777781082,1.968428093592057,0.3117287736721973,0.2208328759236078,0.5270251902968408,0.008848759001852982,33.12876463375627,65.31992249073606,0.7248375438670593,0.06432777337204243
155.4534167718425,0.25239128573342756,0.778886729856253,1.9854948516840274,0.30102115133006846,0.22690955604567767,0.45135466520447426,0.013122534928807742,32.31093001322676,70.41896336730679,0.6739871506690168,0.033266823255416966
189.38245087061324,0.24386841425456207,0.7606368307248658,2.1760747198041885,0.34978052730780146,0.19704234294373701,0.5249334965968772,0.019849990884997115,35.15060449544668,69.81402807711842,0.6904385010858589,0.07395101425436224
199.6920197827311,0.22619828131276573,0.6806340802976911,1.9537824074072696,0.4457888297171027,0.1142402990593515,0.49565428392583283,0.017745265116023826,49.94961720839485,66.80139923033092,0.6279283541927193,0.07193396815773667
195.92588342091975,0.24989479684013147,0.6884125103425706,2.3690920489500935,0.4440781751022608,0.20111352696669083,0.5375936909745479,0.013618181768799576,43.35683436035142,66.20693816866695,0.6966517546250366,0.07492017804770512
173.9101968364409,0.24931948256893574,0.7309307191497187,1.5305845987022175,0.39943566922436335,0.2436408390714088,0.4982689950249534,0.00876516946763617,29.17192727333127,65.44971262518712,0.651192141165956,0.04804731038211685
177.26267152390392,0.2569296023659572,0.7430519945673603,1.7846576384633055,0.4326983939715118,0.23718010223018673,0.47916289015723507,0.010671436460880368,46.70024683719777,71.68648811336882,0.6640145483535196,0.0420579690867271
184.88198109447305,0.29937484701461714,0.6931370616665147,1.6063206419870313,0.3960663283904824,0.22580729082902054,0.5365310110613819,0.007233834390759724,29.393031096601046,64.74542059575057,0.6331809581879285,0.06654421026314594
161.53121514372236,0.2914820076245886,0.5768378078488815,1.7154376166334142,0.3154653398061258,0.23349222714200651,0.5409855144990747,0.019642787829094663,39.3991483764799,67.19716116382553,0.6340028211847173,0.0757266617215464
163.89289759715916,0.29137685847209377,0.6866956586061165,2.404599936513735,0.2628983543668276,0.24690221369803914,0.49971243724301995,0.014239510576968456,31.358763792230803,72.2228810214972,0.746099202081476,0.05150195106989486
161.5475736688032,0.29397584668181864,0.5960731848981125,1.675096975835182,0.38075225061815965,0.24433657402780817,0.5144967377806657,0.00811508200532776,32.930257132373484,63.22199035961289,0.6926348841317485,0.05458774918633935
159.05168726423162,0.24819563934386402,0.6784873080925407,1.839391711800761,0.3989503415081166,0.156299363088057,0.48780101001967296,0.0070913937007281444,35.202548061101275,63.49878696168932,0.7473411051306093,0.0571592260498619
177.90768320137641,0.2682579827471746,0.6801270319082166,2.1818309685582635,0.49578231236831055,0.15914401494690159,0.4904698470266364,0.017696184834482195,53.27569386170465,60.07769339446488,0.7686060587903581,0.06364140516188854
171.8825493742558,0.2581875262448736,0.5658383722787579,2.1740337815610493,0.4547711604267518,0.14173897910685201,0.4641300700231911,0.013147024807951827,41.50774478319919,69.67394445416063,0.6383182738305223,0.053365110954018746
169.82844629251434,0.2557323230592072,0.777634006131625,2.2200341224068434,0.49048191214188575,0.19634748580764594,0.4628752556314985,0.015163959080686391,28.664632781266594,65.22578050596837,0.7235630904404521,0.044971986707878386
164.91737941449682,0.2013971169787957,0.6568990085149982,2.1374582399693143,0.2745316539996897,0.14933773680521764,0.538177862827723,0.018122071496771766,46.97911178147362,72.56146313675082,0.7113335565211091,0.08490637027853154
151.42723840424821,0.22679311434452756,0.7238689693284329,1.7942714761587621,0.4382880651542493,0.24795763056049847,0.5133553917088449,0.00666829829218778,35.40746475869272,66.4285975822229,0.6590800850564975,0.05250755614861191
150.8936518763384,0.22415766660120698,0.7971539068528171,1.8593176523420882,0.4228649590585781,0.248213622403424,0.5260544365972563,0.00887126391655432,36.75532586013573,65.19222634434331,0.6867592119198316,0.059503323660919705
182.03232191679584,0.22287897634000323,0.6694797379914769,2.28184165156696,0.3096963696761096,0.12926533150677136,0.5089866732450505,0.01649383899151817,30.27439293632506,62.155330155567704,0.6622823483504008,0.07456232569393251
183.51445605764735,0.24075798408971472,0.6815505952086988,1.5669137474820232,0.2580015734739567,0.18781777253623994,0.5070027832216193,0.008265730169983542,31.629897289754698,62.294073939921006,0.662621310640568,0.06070149888500964
181.50300068343938,0.27916047234846236,0.6199967210617108,1.5914040222757415,0.31782100256107937,0.22807934723023793,0.5423484410367443,0.01282496625120597,39.74440579033632,64.65873712633646,0.6900691752540812,0.0725537470357267
153.16832057705415,0.22526769099970334,0.6402194954703506,1.7157550149618435,0.3570245775188362,0.12780725278709987,0.5040738202848453,0.01015497250522228,40.314455560087325,63.63449547235342,0.687226852767005,0.06926124487426932
166.2294984924005,0.255669816622162,0.7327404726114355,1.6765789957923851,0.33556301221255186,0.1018109860898719,0.4579153136967253,0.01343731182327165,32.06198812924566,65.64763808635152,0.7308131603102045,0.057037186504658166
176.32981677194067,0.25580533549667345,0.5904954118347494,2.390920953960646,0.3797648989874486,0.1250092821979623,0.4773760567962436,0.014051457511476838,38.26782584046747,71.82226520431982,0.7124234400594263,0.06143726720392806
170.0600694436976,0.2556787748679166,0.585957705284403,1.9433569619168007,0.45902256866679403,0.12772641989771005,0.4805480607482988,0.012711246332601308,34.86622309209877,59.471315434734045,0.6636304696375044,0.06158172339155499
166.92772818722705,0.2633261328694683,0.695962714022683,1.8871902750544778,0.4558644902627869,0.14464715018612084,0.5305200978621849,0.005173405750562931,36.677831238345505,73.21235692407083,0.6077717019678193,0.07430564068135936
198.54185375094372,0.2794246990140289,0.6359677790096563,1.6427988282152728,0.34215514983453466,0.22959607464509815,0.5414976896853156,0.00956524094452864,50.65420098089962,70.49637440126762,0.6909815839078612,0.06971697780636532
169.37326381826912,0.256070278353729,0.6279470916168007,1.9968769124520411,0.4917214121099591,0.23851967847877864,0.4820932336787188,0.008067767315611207,32.88468451975994,63.65197393631347,0.7658137926072875,0.04152710385505998
190.61998347995987,0.21173309011588612,0.617438864510262,1.849227672047351,0.4382782468266754,0.15190267975257818,0.535661453532709,0.017586844526146905,46.81812432002446,63.03022341652471,0.7199423063227606,0.08319784267723662
173.92921686834373,0.2849191923091445,0.6284939634390775,1.6610801946178042,0.3944043662429424,0.2429439364705957,0.493059593226484,0.008277757914016111,38.12834290203034,64.02153760877225,0.6253518669462814,0.04559833373195943
191.65849662133274,0.2759701509627991,0.6936965051374167,1.6180649057548055,0.312359502315098,0.13787492666462017,0.4537475499073144,0.011263602003759485,28.825097726616555,59.121016994290045,0.6312120444809135,0.048993377774877445
161.1974641932457,0.24931029665317284,0.5816754634772486,1.7773925957976509,0.28967191222230904,0.24197232690179785,0.5169629748466943,0.019775286673080386,48.07488518512896,70.47152963808539,0.7347198683525233,0.0635343438966629
152.67167234378093,0.23593730664524987,0.6550398387965526,2.0064036266126553,0.36471284469949894,0.1245777840359647,0.5361095941783398,0.010309950040541579,45.60063175627476,69.84950552652701,0.6548478762854454,0.0822767352824485
169.66725326359912,0.2565403551224687,0.5650804269963119,2.3045627879527415,0.4055569700114264,0.21817732344118623,0.5137674009950908,0.013547902144347824,34.702564988033984,69.25341236922046,0.6002747603490504,0.06205166962035946
190.41436540856083,0.21341241177676065,0.7870697027579888,2.1188363646503614,0.4808061494381052,0.14670309022896602,0.5170595053181117,0.008711048727220597,41.923772283285814,68.44521179427358,0.7403919577217664,0.07093129264694653
177.8208309931922,0.24307664938985968,0.6185545991651691,1.877861356498012,0.465879602851212,0.20252652996284376,0.5396541349689528,0.005142033904613103,53.21188473233714,59.60940230305244,0.6297996424565189,0.06992764633059778
173.90372595073708,0.2025859874535779,0.7171575790236617,2.302676453559882,0.4003188394623568,0.21374133351032673,0.5367201271794559,0.01101868824333199,47.17737616197816,66.33112757078932,0.7288343333616247,0.07100229989509899
196.09229753710366,0.2342562614292478,0.706984530498542,2.2086905763044813,0.49549155510094695,0.1581829033528423,0.46520273751369956,0.008953572950359553,52.19234665898715,73.0250779296927,0.6031998134708775,0.04904132284855223
173.40478115131575,0.25444548990967697,0.5974066308413769,1.5545976841935065,0.35076643155791676,0.23393913701566377,0.4974038889798549,0.012858963938995747,33.961231408791015,71.05838116325313,0.7329723036592913,0.05191285639511989
191.34214905100185,0.2739556835562595,0.6669687761174006,2.158017471030779,0.4889507187472736,0.1542771054396459,0.4568319579079198,0.01698209990573259,42.42820856644292,69.1164191078756,0.718765532220697,0.05042747732522912
154.83730426114423,0.2241472034987889,0.7056853424653944,2.3592866907143195,0.3655573976264494,0.1760019022287396,0.47779037569300964,0.011081172882459193,50.69378272416534,60.74556317276577,0.6063665434509949,0.05232636048413042
187.98977287056732,0.24572477209603158,0.6665669141414259,2.3582765585864474,0.39566942541935035,0.17851854270576437,0.5241589580843364,0.017578606441050918,44.61985004711957,70.87137776345064,0.7505249555792256,0.07482843065054112
158.62992494805854,0.28268757558030094,0.6104208222086497,1.6895958573322574,0.3219474089702823,0.14647617537083116,0.471724750413199,0.00901398591133535,39.00597387225967,69.47865579634889,0.645553336839818,0.05345772745522481
168.6534521667178,0.20602136682795627,0.7129934203429995,2.379934004897986,0.3293610757868103,0.17264042053626832,0.5103870442861462,0.011338705741138162,51.226935738787624,64.13081418153915,0.7626254796088284,0.0661888792078571
191.3146126233178,0.28682579371508554,0.6395773494794315,2.03366271630841,0.30666175664850714,0.23062366309974833,0.4929384970372388,0.014990042695355907,45.92951463288133,61.219077538235574,0.6016040187323612,0.051809727792260674
168.29009714782111,0.28542978729804064,0.7908281522565648,1.7930232148643823,0.4945518239812267,0.1883613464278059,0.5350295801015189,0.009023580942521477,32.03084483865179,62.10063681324233,0.7528900635759379,0.07263223172185462
152.33559500998064,0.21685271807844134,0.7394325004002362,1.5907605926216237,0.4901658037186559,0.23495410202969388,0.5469702209758761,0.006512237365154903,41.80280077701811,68.7176179950375,0.655703663759925,0.06914351733985313
162.95290999402485,0.2916757181854914,0.7114200971660951,1.6548117391573274,0.4636231925998012,0.107539759938632,0.5257326832983009,0.005839457833529923,36.9526535012763,71.25093186512329,0.7472593152498332,0.07762368566045552
186.03173965110898,0.29460423270588143,0.583287567896235,2.0753188636207254,0.3789638405153687,0.13903056148076584,0.4630147508009718,0.017878462979364237,42.41100207231476,62.607861729711196,0.7910600166717154,0.05569225674889822
175.05875800174235,0.2660761188144455,0.6868984208818318,1.8004023507207942,0.31929793710762966,0.1389927599018271,0.5101488710056064,0.01883732084734851,44.78993742473202,62.20960272555092,0.6893738149226505,0.07506907921151651
169.91063580380424,0.20674516282080665,0.6689946865815428,2.0943022114536776,0.28602621487568325,0.18629172675632152,0.4919299401106423,0.01879832531614983,33.70712701658765,73.19777392979397,0.6750098120457614,0.060784947336742334
197.5330970113747,0.258799522515927,0.6478060186164547,1.766858607401172,0.39797316322995185,0.2369907387305028,0.5417684904683645,0.012237916267953924,28.68731943112794,60.98342791420447,0.7582837474137777,0.0705510354305261
183.03196901406918,0.22683719777878122,0.6847530927898586,2.429143911075301,0.2609235556650654,0.1071224349852305,0.5230033183762524,0.013235728941699698,33.54202307624382,60.53616276178752,0.6761050486306209,0.08101850964385449
165.69663695151615,0.27629843728047615,0.6018805884181642,1.5295012175629783,0.46877601533078894,0.2445560682568455,0.4760931111057719,0.008868007217544055,52.178941038528535,65.29589312638402,0.6749413855516981,0.03823310005509484
189.7306352232718,0.274556243026522,0.668343952756787,2.189087462703227,0.3078665444177101,0.23640036291991856,0.5145483633907207,0.011918113247062854,25.988030114603237,72.19257395963147,0.6945774442365461,0.05841220897536914
189.67623158004218,0.22175984577115662,0.5991992231111609,2.0666148476019264,0.2622044644419972,0.16241022777527395,0.4784542399236168,0.012715201891660062,43.57057801840476,59.447526640163815,0.6435838424749385,0.05562042054543781
164.93033278566577,0.23681464793591692,0.6639527778639946,1.7071103575605522,0.4790977393976293,0.14133242571849886,0.4953512878732285,0.015367098980674383,51.07655953107168,71.97489546918858,0.7134650748146442,0.06688257840824008
181.11316872539172,0.21127802448704386,0.6781871686062824,2.3986598024389063,0.49531715895567385,0.20416378739891938,0.4985286749907819,0.005674989928201956,47.32061109761116,60.38365306056517,0.7600609733335096,0.05305806439855587
191.54603814385243,0.23837645181436237,0.705822117057486,1.816289565561685,0.397875239396987,0.2167033408449736,0.5261884404383146,0.013233163804320942,30.53486181831927,68.16437175397826,0.6485391534012245,0.06745525818905662
177.44439668498444,0.2430329041342133,0.5740897861196034,1.7612613424858312,0.3193806920862406,0.17193210969595404,0.5252104536642417,0.019268993260813543,35.166850393087266,70.99154741316804,0.703144371558325,0.07719631142344952
176.3598055853494,0.21120944570677533,0.5978829116465006,2.4067903059918754,0.4941831320653577,0.2238118616594187,0.5408816887326577,0.01370789980776923,42.72193029995624,61.07937155844093,0.7669404419468829,0.0731351166073182
192.5642656200053,0.2902179050245034,0.5681270232152906,2.084696430908033,0.4853268644567739,0.11642516181285284,0.4735518395434068,0.008725142113634206,46.2222157653508,68.13407879206162,0.68169381623058,0.058462179070829734
179.7713529344462,0.24840663328481,0.7527326158284791,1.817131172652317,0.270342533958696,0.15822914992911988,0.5224503730728149,0.005230394204096805,28.63280872382371,59.86753384998649,0.6215355314451961,0.06933783776139535
193.27098624852826,0.28051907409507815,0.5555379108721746,2.076607282383468,0.4501931572326215,0.15146869199532229,0.5320374559619351,0.005513462471479656,54.37269837838146,64.80759337616257,0.7400347488494556,0.07421220829246522
190.2468286632306,0.28571114707923834,0.6994994741465543,2.457806332928051,0.31762419007317483,0.2437591781580893,0.495916764991975,0.014774420305173463,46.54017581695796,63.23909458021042,0.6729621758453201,0.05069310510543801
185.9653807254322,0.2850480049805189,0.5819113322749401,1.9342332912622173,0.32987014475979304,0.20769311283218425,0.45775002696476685,0.012238959066783751,40.764198055433035,63.54009612307321,0.7324793416052774,0.039219569759097794
185.7253065921464,0.28055231101894335,0.5744446674465561,1.9334705271450399,0.3348231045309127,0.22347925128242146,0.5190366020500313,0.01834214000089963,45.12474352524494,69.14101496384782,0.6500438182900607,0.0665029066817624
166.4126665364002,0.23421295299771935,0.6537171911982622,2.0407718589221964,0.44852528931288893,0.21529204450113962,0.49254408387736454,0.019120294722571273,45.350403066426175,61.57119768330122,0.7625190863234386,0.05662008865374446
187.3185206411951,0.26646520701115145,0.6444439603438177,1.5689098790805707,0.27300711513981973,0.108788822148965,0.49623977489067383,0.01709720406864285,41.154285235506386,73.54157156975701,0.6441755536967911,0.07252836888210368
169.99166657976713,0.23317165976808976,0.6075034600149145,2.055743423004625,0.38541144565982877,0.10005873448282203,0.5463736313007382,0.010139405045557137,34.66922965537546,60.29559343179924,0.7302981972481726,0.08910287109165438
178.01069807249823,0.2169252213748273,0.7757396096442865,2.2607343488546974,0.38496558612753884,0.24929876838182935,0.5136160921647661,0.005750182732984256,38.211411857338895,65.05745252706434,0.6127739009093445,0.05177537179633873
161.15947958940933,0.20834095316744783,0.6675600102829211,2.4878645182565027,0.470176420284271,0.13305673022630177,0.5440076709339596,0.018306273066226085,30.04343104265325,64.01047622704,0.6004820735475322,0.0894415930147261
167.66030149409102,0.21957808008741586,0.5964598111678076,1.5835244012160508,0.49122924489208575,0.18757126724827103,0.510853969650065,0.01718651837851696,25.106869252074706,63.25036292864738,0.7368716928433029,0.06766607138661129
187.03315555383688,0.20758198722312035,0.6738385654479895,1.923594607699013,0.402623847139728,0.1541598118668614,0.47698754655971126,0.0182621066965562,27.781320993838175,71.65755960775566,0.7115312338959185,0.05920313594333493
189.65590869230255,0.2845655158708266,0.7264503775965461,1.938190531931678,0.45824010720734165,0.21811311091886998,0.4767933662057081,0.008276760628688179,27.88745593772383,61.53056731117018,0.7053571163493496,0.04315205964803681
182.6572606891423,0.2917102654176949,0.7093237931261184,1.5100715240281866,0.2699564238006422,0.21672661105544216,0.48357503993496154,0.014835895042911648,25.608447634926055,65.8647130928577,0.6290918230087387,0.050055648140642006
195.38763727082573,0.25671251370886605,0.5764080165239979,1.9143958246745187,0.2806456945342159,0.19255061334437457,0.5313879843450566,0.008182541541814348,37.101189267942225,70.66018304403892,0.6683141323773589,0.069971819782495
177.73411759933427,0.2870565133414091,0.7631897291134165,1.7036617016788407,0.3553986517983475,0.16400289187582814,0.4809989038664409,0.01942063676436467,51.68829204629589,69.26312066438402,0.7540179458080863,0.05996342891967288
155.35938004304145,0.26030501497815256,0.6341465868275449,1.7475904313581923,0.3404646555775622,0.10539901136925416,0.49615035630701754,0.018758697728999397,41.9864731005977,67.98335708498354,0.6257009765412438,0.0738035524859697
197.45538115803723,0.26642018950478225,0.5540864866307156,2.186007383119996,0.3206210047927472,0.16905932479493746,0.46042202523581033,0.01167329003851636,46.71505682291673,71.01923966250462,0.7017863405765945,0.046784576294612634
169.87351297832575,0.2379250437753192,0.5971850922795886,1.8737496021498097,0.4740895063915438,0.21362254374822234,0.45116534829694127,0.013833261641988111,53.36183475200169,69.64202466912161,0.6737170868252847,0.03614680939563186
185.64899018232995,0.29638430027886215,0.6819934108675066,1.7267057772281178,0.29841082401757785,0.17219745086432628,0.5132664038446099,0.008856978088893235,43.539114359422236,73.39398737839937,0.611000688829675,0.06592924722963289
155.94789871040751,0.289533743584677,0.7920661429071086,1.5533109433652657,0.3981910776907471,0.20729366516996597,0.4633765215411191,0.016356835674172062,52.13874461288097,67.28497347405157,0.6688174211075005,0.04388589430845968
181.99513901670767,0.28067174236442527,0.580238217944518,1.6711447741232073,0.3748985568265566,0.22044695094671676,0.5194825449337115,0.011969331672979134,45.3512117141025,70.67882758708379,0.7630122350961597,0.06316883239060189
173.07382613425065,0.26555275455123456,0.796252215854734,1.9134093059697137,0.27391179466402205,0.23054163076731624,0.4865264427527316,0.01440525579106494,27.26309520507567,72.30901833036485,0.6527156862043811,0.048674142276922794
153.70881583863098,0.2072712594338301,0.6623203665481743,2.3748920711447203,0.46271792641901577,0.19595066949866655,0.529569493631242,0.019062878225103365,46.5134096783953,67.81278746796788,0.7536303133549306,0.07564292353390556
164.68794287769558,0.23466515759303583,0.5968003542828648,1.8760419823653778,0.3597909644494599,0.24087217743807046,0.512246044937166,0.015810639270067407,52.87626393771181,67.05205931840507,0.671836073630523,0.05910957982587206
174.76508062673028,0.215077067618116,0.6814185191741154,2.445274292668249,0.29591185108426854,0.10060678059510307,0.49646459453581154,0.0051135843862909645,38.786941573753616,68.9793832550849,0.7827561165791687,0.06719822120658137
179.08058503504174,0.26706184766222485,0.6356732321118304,2.3993084058720893,0.34363928753935613,0.138731984130595,0.45737821832038245,0.007805135473995016,42.4821304947716,63.42387335114198,0.7792238542265594,0.048519939599373174
167.6164465820308,0.2488431668441423,0.570701584214648,1.5589322045088763,0.44940695217182886,0.17578811575454825,0.5216158386699871,0.006369909669281199,51.406477405649206,66.98198381487263,0.7930939145716513,0.06723630156420768
151.96874458357755,0.28887131987707293,0.7895446009957934,2.004638153867541,0.44764143979532545,0.207342755257715,0.49396095169778864,0.01520144631620998,43.86918943452543,59.67389187100499,0.7337361822599798,0.056282647317402734
182.42592177688164,0.26599982225893637,0.6332124715789401,2.3858050695348227,0.26524965165638315,0.12168496895424333,0.5212014777153868,0.012480628831017063,39.83005513450995,70.3604854468519,0.737612242083462,0.07807026460295674
187.33507985332903,0.2147476457677518,0.7121609790686664,1.5951160850797095,0.2763884757644444,0.18776898743123926,0.545605386018644,0.010267233232068563,50.73932532644188,73.08283434131167,0.7485666287292062,0.07796778331930909
154.73511555001977,0.2373721225201277,0.7666543539217195,2.1190499939473453,0.303220722276555,0.22999065598535642,0.46177483009017317,0.013327138857902668,50.430261216430104,69.31522863379463,0.6208636648802606,0.037341026788908493
158.21519533970795,0.2521595309681095,0.7424382325884858,2.107982879374405,0.34146687129396025,0.15746015014554873,0.5474283460085188,0.009824048194286977,45.57755306032601,71.66742170419633,0.7749365615508426,0.08241817594398526
175.22041535501785,0.22736095182513769,0.7842757483253515,2.3318400341983985,0.35751480561162213,0.16463499571469054,0.5489139173126534,0.016924964340653062,25.37957007566999,60.82429178476723,0.6498417302712188,0.08679293720661008
169.8391049635495,0.25244413498481927,0.590114549366073,2.2614753336555884,0.46842810145919256,0.19698974762979032,0.49469778816865884,0.0053033862951525745,26.973772412416402,63.20481126833149,0.7598548145213071,0.052449714280101034
196.4196825380663,0.2429570630790552,0.6781271370079911,1.8186501440240355,0.35844668173438976,0.11708738620500397,0.5327843912065198,0.018940277388377433,29.856929089514956,60.41836811105529,0.7048167496754055,0.08708155956219343
176.32484585186597,0.26370748886826717,0.7228000544996973,2.4672487042368,0.49661393530755216,0.1716308862763131,0.5396416665870037,0.019560852992381146,38.73335623753733,67.66095115407511,0.7252583629991998,0.0836020845413259
183.3526634166462,0.21110395207204352,0.6585593853362923,2.1534587162949776,0.46734476716617157,0.2077734030389981,0.5033298646685364,0.0070770449495497385,28.522035160613576,65.74916657873885,0.6861540087315722,0.055307175528923835
161.500982213428,0.23173974641798117,0.568971060108524,2.164572390449849,0.4109731013825018,0.21809685351413588,0.5274178195230279,0.017909478571006533,47.73766446793287,66.27122963079789,0.792261617700128,0.07076706586258297
150.3298111558104,0.28116101768944557,0.6538886340609874,1.9109987850559542,0.460872610882808,0.15385709530796302,0.5173320682188853,0.01570265390211515,27.59237200743805,68.3275983155611,0.7863177746160357,0.0742236522632993
182.35520327094633,0.2538903470721694,0.706074891946962,1.8423134040126565,0.2963166090306942,0.16779401446411005,0.52917429246727,0.009927227315154455,32.53180269811471,66.27169352359292,0.7822560626202827,0.07365911618535392
166.62412742317807,0.25587667263771247,0.7832190732073002,1.740218153917215,0.47936638599715664,0.12212183670541576,0.4565675586260472,0.01606054266269318,54.092534033766256,61.34413264116223,0.7353024243615583,0.0548218183444078
165.37527554475926,0.24399069216524358,0.5868907201061435,2.456645190574445,0.3359396541056343,0.11370850920729708,0.5294279144381399,0.01317656228611337,32.58444135157939,63.114951646322695,0.6333504109327259,0.08270707262227006
176.1320678025302,0.24854172203886296,0.7444311024394202,2.2623756126036954,0.3537638917865336,0.11061005628561377,0.5402343293147249,0.014937628832820616,45.74203122154957,65.02536278731709,0.60986531512632,0.08844311195889532
175.81421088377292,0.2558452766866834,0.6560575066184897,2.0272915552833775,0.2791322418749209,0.18455626563819846,0.4644137641992986,0.01268193174819321,48.34085295747891,65.23983954176755,0.7292771821983777,0.046328893501140556
189.40702376008392,0.2418879530937801,0.7089537524726072,1.9606348002245033,0.2914373255913929,0.231752039059243,0.4892993949782098,0.016721182704424915,36.5538579439863,69.34923295396365,0.7312291597430323,0.05102875135935392
171.3924114114992,0.2838029643644548,0.7018076667461005,1.6890108841276021,0.4783638079313106,0.14582135874305813,0.5085144172952878,0.0062437263883337625,40.681206245851484,60.977675891961546,0.7997119640061352,0.06624331412649553
166.981673287215,0.27746699214688714,0.7019998521117317,2.174882496171638,0.4475824323781411,0.12831740754696822,0.4964506070676317,0.017399209210022967,37.31715534236606,68.89311964403062,0.663928983608609,0.07019876917684087
184.98699857308316,0.22341030715633944,0.7579201391005905,1.792845358409897,0.33345841840808066,0.22836392459158508,0.5128715449136638,0.014050648297182593,33.3635970001161,66.34486810073543,0.6052455111791717,0.060342757985836215
175.78751239967053,0.21862290722687194,0.5953119329092643,1.954121503533186,0.3563023389849865,0.10346672906946369,0.49002921795796683,0.016666366243021473,50.31485093526823,72.91378886278842,0.6165820039024484,0.07059038862234956
165.67468276414567,0.27539108320117806,0.7021338507902666,2.23352766497398,0.3556112928269759,0.15712839207053664,0.4503986036065618,0.018667848800116647,28.50917699802589,64.84274749430891,0.7558083235044516,0.048196728059792804
174.0083063566099,0.27780432442070263,0.788143777717804,1.9389213362912974,0.29359888078674606,0.13752651896064882,0.4634157937199801,0.008694470058330194,54.580694495703845,64.29313570748863,0.7627139464784846,0.051470997621891
191.05774703989275,0.21256377115657982,0.6060698275112907,2.189072441897477,0.3008174797065573,0.19642122826615852,0.4823737275807659,0.012074391470975613,40.202700351016816,66.85292022549915,0.6332479028509526,0.05141916160164328
156.12674470589494,0.24444121505424332,0.5516804339255261,2.070856715345001,0.49868675054488626,0.13714856438264508,0.4913601315191763,0.014178983508921874,44.50886661975014,69.79377904217841,0.7415884352478829,0.06524370639681365
151.72991134922276,0.26576467156154066,0.6403694479336726,2.265698786539695,0.3564057125811645,0.11547471359662369,0.4502022951632525,0.011756724686990553,40.02806987893453,68.08653891179556,0.7757987727605192,0.051332963820186706
178.71891605634187,0.25616266262531096,0.7315258261297388,2.3301204157016135,0.2980578388292283,0.12733652374970283,0.539070405249002,0.015182571519500383,49.50386912251169,73.52770944695013,0.7562308618016463,0.08614832493231006
190.72693942826996,0.21510771867136122,0.7626274905623711,2.145259742346633,0.4704721608082847,0.2317824792716299,0.4680911259244008,0.009099013344395643,26.03808194858025,73.8312204491769,0.7009089999806885,0.03735431040013282
171.48846747191365,0.2148717405228439,0.5816130307281143,2.016778095377711,0.3389129372441462,0.15980860891673565,0.4626222189996374,0.008055532200705044,49.49913826949795,66.31935547865743,0.6502116256423539,0.047293277721564664
150.32143392515104,0.21483310859794216,0.7200141010858385,2.1099771417730775,0.39564851153473374,0.15827962388596786,0.5025919009452606,0.00517829692220952,40.331513443454,59.15215116289764,0.6851415463385131,0.061525349819476105
178.11358936456753,0.28350105462011044,0.6722396930513339,1.519740308363293,0.4967097617658309,0.10526581296798476,0.5041543322145187,0.012088248776964787,42.11485575562811,67.16145455491034,0.6650904080616242,0.07332645952692474
153.19949043601292,0.29920342199609573,0.612755154131365,1.914880908692178,0.34463292349000296,0.15001813134123523,0.46797294768321324,0.017583316897303393,33.42288142749927,73.2213670987382,0.7848733659417289,0.05585498657956123
155.0245438791695,0.2769458368213219,0.7654618691945179,1.5846488696023893,0.3750795054429452,0.22245860645371895,0.537919542469042,0.019670255205654283,39.823335188105034,67.27798975487171,0.7464944426075312,0.0759596431657883
155.5570626898522,0.2841094993744215,0.5803632542393075,1.7802719963698628,0.36813488426602126,0.14828924648207467,0.5349064008395794,0.010393043531654211,37.49545050632441,70.00004187104312,0.6049569924340135,0.07886693652244503
152.469781876862,0.2309727351201832,0.6248165956073519,1.89583078387935,0.40487432314657945,0.1804438777361371,0.45925887672858356,0.019431030209377847,30.502674722732642,62.84670922869059,0.7363961278303632,0.04836990706598954
150.41957590418272,0.2263336018991917,0.6685951072939286,2.134993129045398,0.35019681800012564,0.20782680123048378,0.5185825391572328,0.0059607395888235165,32.94375884200571,70.3008620694553,0.7893822254689775,0.0609219200773623
185.3796428988856,0.25800359624580615,0.5785341131536286,2.0963739161986754,0.3929734997318395,0.22854430854130495,0.4959161123847244,0.011155522360714237,32.95313923740824,66.37472234667644,0.6803187431817534,0.05116969369873914
158.84240247112712,0.21896806917643066,0.7358765401411547,1.8455580054477947,0.36018166369693183,0.10040567846266499,0.4548663190053833,0.01747598873063517,40.899018700599306,61.471976642329324,0.6549614387157345,0.05798984922466843
186.9121811605695,0.2448841574286022,0.6897704786067219,2.163516624834414,0.42543256331255674,0.20632072681985944,0.5138383314304253,0.010304281763928341,50.770456952377025,67.31264841473951,0.6648536276074647,0.06192687338398173
159.86432064209947,0.21792701959128738,0.7958468793354418,2.032962964859964,0.396704114009499,0.15448155515921963,0.5192651158148299,0.009405206025925792,30.3316091403266,64.03671893576852,0.6047348497472349,0.07116345233089305
171.71412681194502,0.24056503692772446,0.7509166022687384,1.6657484115288734,0.42345888922523744,0.15614060488778816,0.4563394144122722,0.015280231575962385,25.093940315879216,64.17196315865768,0.787967205113495,0.049091024897734314
178.29244878303416,0.20842074310678432,0.69818702447384,1.7530936298549629,0.46676691932937964,0.2223634696530484,0.5044579850886532,0.006336619190899376,29.87263190234057,73.55790729798791,0.7409673173470157,0.052892013592554576
156.72083535531107,0.2629899993751243,0.6458301392841337,2.4541729268100108,0.3103219608196356,0.1887290789562489,0.4671070867666953,0.017493849169392662,26.940905103005505,64.56346718998503,0.7710441293174957,0.04927163497677611
177.36510416236868,0.26417843393587975,0.585423963113758,1.9992862933963895,0.35843157909850143,0.18119857112202487,0.5305668701250581,0.018576335711083008,38.22333352821815,71.80503104072636,0.6358695423939256,0.07781003850095658
194.51339935250027,0.29694976993556177,0.6637896466286572,1.8976128925388962,0.3367689824620196,0.19469376023222498,0.5267608247063247,0.00857957134338125,38.305692180351045,60.79437786642649,0.789279841217009,0.06799558422744667
198.37209467787255,0.2765739364037863,0.7578061680063544,2.1959309358500905,0.26186971290564887,0.15859756412541645,0.47206570673606774,0.018108316789870436,52.65771537520964,68.0509708794664,0.6042722777941799,0.056459396354966884
196.14651525324686,0.23557225089537576,0.5627445547140792,1.8189921922676346,0.4113386420084143,0.11914896098930514,0.5428624898271206,0.00657846454864148,31.163746226725088,64.83295267971458,0.7030469868821722,0.08322895396622698
159.7493351606312,0.2748081608779265,0.7850022203014975,2.2833328123345735,0.45511861621423455,0.14978907949725606,0.47368132135244745,0.00636779883728618,47.20623519701106,60.67274664922056,0.7426020266291273,0.0522872858377923
161.25126423151838,0.2781398314317016,0.6635229733749782,2.203134267762463,0.2640422408830577,0.15847633646114004,0.4773149891892774,0.01321681861388546,48.29225178440652,67.48227328172638,0.6904622548629814,0.056038715896193025
192.360880174878,0.2676380835518992,0.5741066416185847,2.177956182360777,0.3161264197227886,0.13475271522922824,0.5226393242426044,0.015754904442715392,50.59363786258057,60.49610710809177,0.7228690228987842,0.07891218133818256
159.5766474440345,0.286157961372351,0.784840278450177,2.307032178157608,0.47001837425769305,0.18014259110533534,0.5061116014628899,0.015915750455392452,50.02544019023675,71.52117263223079,0.7699375430790492,0.0660208828062423
182.06067511588358,0.21951728916785013,0.7779947829581068,1.791471037698678,0.2883081808845556,0.18523352758582426,0.548971348146877,0.008269776947311357,49.41771537313513,71.95314140579441,0.7258661636611646,0.07837305763632685
191.058438928153,0.21231794173155058,0.7856891568937104,2.318122269250101,0.3890772046073563,0.18757407238794857,0.5322804261777699,0.012754197032212429,25.408008062560878,60.41285708833664,0.6362278526765287,0.07400238851596441
161.4765069113135,0.28313556573476,0.5645280249047502,2.4098682602107906,0.33068589708985235,0.1637586573455857,0.5268159725238624,0.008500463922548792,45.9992341561843,70.49162511936586,0.6752077442955831,0.07235991020434085
159.45473665589083,0.21932998556689542,0.7197781653169858,1.8672693329820966,0.3711552726744145,0.1087754189195608,0.5125899993019579,0.017138445401816874,35.061943232361244,62.08020034136256,0.7439966762944111,0.07895310109188358
176.40776959414958,0.29015711017335105,0.7498032056754427,2.103965722983742,0.2939932286534958,0.18898682137663128,0.5056491732470739,0.017913286346156833,37.64625135648739,69.81509887286293,0.6368644500200938,0.06567555106403233
195.982263869688,0.2624124076362752,0.7694147930436371,2.40733903214297,0.4960446436716106,0.16646875500336647,0.5337716856646066,0.013624469946805122,44.96723973212128,64.89099410271763,0.7627336390028085,0.0780560720527319
197.08204853168456,0.2421628614996216,0.668181802850281,1.7572245566697435,0.4388017554133565,0.15696071047971757,0.5074489474105565,0.017708673026848063,28.328672806914476,68.2164775026901,0.6093107534451125,0.07090548790574758
151.38478204692754,0.24498895051717806,0.6949603577496005,2.4567948466710816,0.3268754823175508,0.2316559380077843,0.48509160055961764,0.010129646020436834,51.03184926532815,66.49460400154327,0.7530445582417178,0.04532994783994582
158.76861958341757,0.2617895277884772,0.5876750259051778,1.8990014282744219,0.36181390062126084,0.11021181839172361,0.5140807000669745,0.01998637940197691,27.872464557564744,63.781097420939524,0.7005023070134431,0.08094876124459915
155.16103806551567,0.2534622709413155,0.5986695798587343,2.255357767592521,0.40363574553109594,0.1671354636332587,0.4784461509271754,0.008370716796964408,42.32387573907529,64.34685762183618,0.6450979923147324,0.05251679051661995
196.0453192767069,0.2926210828977137,0.6755681675125583,2.3294893771451024,0.3775275467986396,0.1599112700207787,0.49734340913762776,0.01922976189888553,30.475070096191427,69.09332595596051,0.6200671098203802,0.06718194953236889
182.80108170483788,0.22980098951495226,0.7973945579812833,2.1576750731656595,0.42906482355999853,0.18286443391762966,0.45839795823576396,0.016699342311388806,29.07771871587188,62.88880132522664,0.7578090813014007,0.04622093178977593
158.0010849357931,0.2332212899384449,0.7338528334039282,2.1031805989727843,0.4235523002404059,0.16732453934621677,0.5227241062409341,0.016139523554485637,50.75653738410435,59.463779531469605,0.6866068285602355,0.07488887953286394
198.40374607131153,0.2766878533335213,0.6444442898457923,2.212349379762551,0.318058578739089,0.21121755914377968,0.46341588555760566,0.010482474620571421,48.67355441178433,72.82900099193357,0.6947198075227016,0.0400103652841608
197.49058497683276,0.2508732456743147,0.6480060274398491,2.105854098250812,0.3309862276033526,0.24246038878740458,0.52548978387646,0.01915711152745499,54.886656948131176,66.60713661809329,0.7418966542915507,0.06695196015562033
191.7816042748449,0.21668599997668153,0.6314884727299132,2.1243709580973453,0.3553430990268552,0.15339779791311597,0.47276104265114155,0.01914660988801158,34.69495707955505,72.86351086765359,0.6446129037166329,0.058060902988017915
190.9535770000521,0.20496106664777117,0.7948554932927052,1.9629663685681824,0.33097878485862897,0.10285194921475582,0.5151644497058855,0.01826936685213098,37.811270016462736,62.54276235326802,0.7380357785795026,0.08132271430031324
150.8318939902867,0.26762940340144076,0.5990272423845285,1.900156334208778,0.2550590873753199,0.16364644978510415,0.5180799610806962,0.009836323751515922,36.13088047115268,59.37176229711904,0.6397718240281227,0.06968162947896417
166.5878249954293,0.27089126653705203,0.7883634642544128,1.9946085935106557,0.3416271087008955,0.19553113129156466,0.48618808657255397,0.011604328495831488,47.54457379325666,67.87329071191063,0.6008395498728047,0.05288312436778142
186.30244230635452,0.24535675426067727,0.5549887368648292,2.113071009165811,0.30304094540723303,0.15220780382094648,0.5484596948230378,0.007353143404181167,52.79281280569415,59.899021529326504,0.64113315302821,0.08186501136742663
198.67522715981752,0.26595748553500426,0.5826790278101406,1.856891984758286,0.4591377591773814,0.17091558487724356,0.5055705521373077,0.005094420144002952,29.485468057742,70.59840781341765,0.6590087780121281,0.06076966008504314
181.75687669888418,0.2509802046894708,0.63534045819786,1.5655581937210112,0.34810197687065125,0.17662693930358295,0.5156241968272464,0.012044472077690651,48.956198557420976,73.80452918643519,0.631491418719398,0.06817911998086856
183.42874652351267,0.26228768261218666,0.745544380252925,2.120965729585012,0.2592313854215986,0.1137353714651571,0.46524642835839114,0.01992345837378393,49.755296032639045,66.61753115232327,0.7186457083390584,0.06124138016593861
180.34735876925595,0.20726195140598785,0.6777330572249839,2.3551258964126296,0.39194741971002356,0.1867787723820033,0.46285400152206624,0.012365778797128952,48.94773055121769,73.47994115575032,0.7881060309196007,0.04514091355895289
197.97326227656953,0.2282519265424557,0.6133115626639308,2.3438457326097253,0.49067993876906885,0.15911144243692527,0.45813280541393614,0.010396446749437375,26.29619690853981,66.32623067182526,0.7700533923240495,0.046856922484494135
199.44975279122517,0.2989417548104575,0.7692962416482672,1.6539080845910505,0.4694493060348337,0.21131978219454184,0.5247375590024468,0.006798298616208291,39.48448125652886,70.52001883604083,0.6737770007167434,0.06348895328801518
173.2279659094515,0.29755041448373654,0.772628173721406,1.7704327883670565,0.392886987713612,0.10186986715148734,0.5215605721132919,0.01611130592716925,47.15609826250819,60.18296614402034,0.7899124191508425,0.08274554432364312
169.86103086612616,0.2112829036124505,0.6962761553739483,2.4616922214510617,0.4166575659550734,0.2410852111955056,0.48008873486235903,0.011275681755586723,41.105211702760485,71.16839644828343,0.7073706644781516,0.04208696588693783
179.08134640805767,0.26570295338750616,0.6404281404907239,2.1242902421665315,0.279722444262532,0.20094551762120785,0.5030119942356678,0.007899307822297303,31.699060759091967,66.44125897786527,0.7250203735977215,0.056783755410378944
166.9882420857095,0.22713182938936896,0.7219156024148653,1.8126003689860928,0.26108073937102183,0.18940230303518904,0.46342808764643806,0.006211316631129354,25.711635731483863,66.20720722465346,0.6639514550356075,0.0415955143357678
172.16218326975155,0.2651953307260182,0.5912754729625915,1.68733653307388,0.4057302486051074,0.1735078292709005,0.49507873591037493,0.006743897836698155,52.35066078088035,59.93050262016551,0.7130454310706715,0.05719611827453264
156.3028866174138,0.29190661147667396,0.5811384973728511,1.7945261452616736,0.4265759221356952,0.24991052952252069,0.49229145110085476,0.01883848203354879,42.711603657191965,64.07811321598787,0.6232831867153241,0.05039599233032277
196.10485879460754,0.22988153163173033,0.6638208037735243,2.210299409132185,0.45000611602258234,0.23544552060540813,0.5297754138095472,0.01301705223076008,39.86626856186295,71.99337095688385,0.637096396761006,0.0659878977662629
198.70892837596756,0.2901761752420118,0.7266103659029799,2.115501926804805,0.30721084862357717,0.1706912945289505,0.5264874691066757,0.01600388954318891,30.40919634074612,61.785198383081955,0.6740819718746995,0.07592271801286188
191.70760698073911,0.21989079840477635,0.5512373134547133,1.6371648990325505,0.3867102855818374,0.13809202618041422,0.5251655786681518,0.011105726978772379,35.495617500374536,71.50812639506849,0.6781912845936124,0.07672384429361045
198.6283325502484,0.2196333483222375,0.5705048601136418,1.8592909967369855,0.36994410868145444,0.16394271042775965,0.49527389946494926,0.014578347289681739,27.33754344220095,65.2523498239291,0.7525276238736026,0.06318213942950024
191.54915079622907,0.21062987430417335,0.7953167143520101,1.8224167035614345,0.28258221415862544,0.12878896119798913,0.5140172130032351,0.0197925729648816,43.61964679473198,71.3710691300623,0.7998123086386864,0.07849746363035592
174.94726201970977,0.2838558024740883,0.6350404205350864,1.9815112911609396,0.32507786259041993,0.1543103631020943,0.5074925071096545,0.019643139179393813,48.76734470160882,60.35497956073502,0.6032149461108929,0.07237872613268337
168.43785581077904,0.28446670687151016,0.6803892312232583,1.6564169723675115,0.3471029996239855,0.20761529633306264,0.45974176146044865,0.009412662870117489,28.81150920164745,69.64659541577343,0.6630765342801268,0.03854031016498993
171.76203812826375,0.2949920507466472,0.6140913308409062,1.8674461798922608,0.46233541188893496,0.21645207137122843,0.46347101456604534,0.01801728932784103,51.5632367388755,59.678166605831585,0.6570321409136292,0.04316301345215834
164.51855893908905,0.24760917492912707,0.6664184800914958,1.723737393503134,0.4029303545427869,0.13679840624050574,0.4975566530121992,0.018668501109302616,35.32094208643274,72.94986170206352,0.6560783784147409,0.07017773920733816
152.25650092582666,0.21788192107314439,0.5804975219636523,2.1916190971160714,0.47846587679859964,0.12375209675199794,0.5253057039498219,0.011389328159134173,39.32687570478672,66.29182026671971,0.7382108495992146,0.07877742629852946
168.2039238442348,0.2785828820305119,0.7989259761606671,1.7293608160300686,0.4419647960044262,0.19021797482297353,0.5021722687471556,0.015586577830099563,32.140031296710134,61.997326787413044,0.7783637712156217,0.06267468012856625
180.72155133192206,0.22340901046571532,0.6538561973132582,1.5047525863925513,0.4325190585649509,0.11121877423244872,0.5255930294656751,0.007656625362677286,46.2911968315066,63.24978030265296,0.637924812959988,0.07821225221277928
164.94158118988838,0.26656527073416075,0.6605984851642475,1.6817294799234923,0.49987476952708615,0.15987922916918026,0.5251925802369861,0.018578536145577192,26.595133834380515,66.56503817094462,0.6258522188807141,0.07838192427652757
150.74099664033469,0.23071444604857644,0.6755147213661015,2.374540961990791,0.46576722999944437,0.19166699509585383,0.48550461263792705,0.014372424727830587,47.12070196214228,72.83479401359234,0.7057969501895581,0.054787161296644626
190.06669594207432,0.2420134406778131,0.71473083005034,1.5681007179354673,0.37950208393510787,0.12871320625074234,0.5208877720022247,0.008444215509297092,29.706409751091456,59.09037819855679,0.6288322762039904,0.07465558483772838
182.2607174732042,0.21951460879359672,0.7388363579796791,2.4178607096320595,0.30861884060165656,0.19779959825355753,0.533961317349737,0.011487726530167776,27.391752512887862,67.57410596865071,0.7476803661089424,0.07244899990155318
159.17302057710765,0.2535149861898064,0.6169139005807074,2.4047928798653215,0.4065391010348124,0.14010636105312868,0.464930465038135,0.006525842397203437,46.09804983019671,72.9876174050549,0.7915958206575743,0.05052597115673052
194.87975563001558,0.24875397066444432,0.770074293466571,2.338618070934048,0.27797914730620343,0.1770043473461802,0.5439649915303013,0.009440364433918552,51.30853557953015,60.12594783599541,0.7922911136249743,0.07818255431402577
190.430404106017,0.20741155628958038,0.6923491280086992,2.4678332695888616,0.3240402769122699,0.19264074966137104,0.5474091525889802,0.012258583594482805,44.460179210331354,72.78623158190962,0.7838332046604491,0.07941119198994784
158.23664093110813,0.21180813235516355,0.6184861273288083,1.946202880906137,0.26899424975977,0.20262732311192785,0.5180493030102007,0.01589577159412257,49.815197309197174,62.54913273989989,0.7376094718191925,0.06773282037693207
150.78331147520592,0.2842607321282988,0.7846851951103715,1.9670120558380357,0.41752698924719855,0.16741839509173786,0.47749363023380875,0.010229276748043347,33.15659282927399,70.34257211326484,0.6216651398643844,0.05311101637516913
159.16289790182753,0.254420041364129,0.7030640316395473,1.7171317238375585,0.45431191013257605,0.21942418224236138,0.5401714528673,0.019631225736278773,50.632146073349794,67.84234599055635,0.7935279779506864,0.07738935980751194
190.66910283396732,0.2780822902379194,0.6311558087410214,2.099185686425981,0.38962709578199384,0.22711392314874387,0.475050461078808,0.009382069181849004,25.621073249039085,63.54115945220274,0.6688288960144343,0.04140122017770409
150.9174071647649,0.286063284995664,0.7972627016083149,1.6758182453238555,0.483566877973809,0.16932519947893346,0.45038551681576267,0.00910463650248453,41.53977168162582,61.82055051846296,0.7765957675071731,0.041400756795610505
172.49894242240407,0.29147841470632785,0.6005500352465154,2.105620471824616,0.30616032776331503,0.21944627485689253,0.4765585891003367,0.009599379845150703,51.143835289858636,68.69786371191118,0.6160162112059605,0.04357707955614387
160.05988032588823,0.26987662523518396,0.5529064762185362,2.160889487972045,0.4763762683276863,0.1793747348158164,0.4592100015839945,0.007478201847281627,47.40562775944921,59.94514059891992,0.6834558279942989,0.042339044293385086
154.33333832312584,0.2580235853215655,0.582085300932419,2.4925540172565994,0.4993320220493107,0.1858865050520815,0.5475382621049704,0.0073701252641694675,31.598883603938486,60.28171416778257,0.6030385568376014,0.0770731130492095
163.0910120577272,0.2308100133400973,0.5568618476102417,1.7929990742136401,0.38509938950758993,0.11058034999541408,0.5495992223884483,0.01401356909948247,34.81496851425266,59.77518219753644,0.7171643449920146,0.09164441192888262
156.37587976219422,0.2597173201828518,0.595815078515592,1.7096492250980304,0.37304135547651407,0.24098761195464583,0.5438618304260436,0.00608838010805664,29.436690917879012,73.52599955583224,0.7282739068696877,0.06655131972956951
175.8246485536018,0.20283800869821775,0.7101938055806263,1.7591339882853316,0.489834643950543,0.21673895689634623,0.5342820029135728,0.013824676698912493,41.02335265462271,73.46223732582446,0.7031530696536761,0.07135646176220689
169.77752489068683,0.23139419317968674,0.626528264485438,1.5651739920407635,0.3792394215484429,0.1893792239528685,0.5408074465398148,0.008835461209147676,50.732778461474496,72.21051155882618,0.7726904616236824,0.07477400579546156
160.84077969084777,0.2776715687364379,0.6594991375100248,1.7854119910007418,0.278297946152931,0.22745209011322176,0.5312763487699176,0.01392371807964704,50.7070705408354,71.63177618237235,0.673417670632476,0.06848915687032786
174.83317489260997,0.2855538418090872,0.5996594185859638,2.0074629747366357,0.2786416932546739,0.1353049950150525,0.49545706770952275,0.019494572060127537,49.52933365813296,62.06550477331534,0.7121642639894523,0.06997916212685595
157.63124235736169,0.2694643555897296,0.7363907388929503,2.0364871343623046,0.40176832153312486,0.13048315648531544,0.5074227173673379,0.015431085629266966,32.1960473167158,69.472769795664,0.6878547635465286,0.07318530825114067
173.8110547660052,0.2969217493003607,0.5997116902614575,2.3972702751712505,0.38209719128533715,0.23756025413427595,0.5076468257559641,0.014585260835540868,54.192919919870505,64.36908335600131,0.6879439855137425,0.05685574411336347
179.91009512822976,0.21030340429614847,0.7701187975494076,1.6173718424712273,0.40335127252576736,0.20653981177447392,0.5406936524488193,0.017476258285687944,51.60376974230334,71.86055187608957,0.6470556652174512,0.07803361696505817
192.60125810899993,0.2019828505851715,0.7295222320653569,2.4662529614808513,0.3987713797596535,0.12598454751960816,0.5399450336685734,0.015372880821145355,31.53616026220824,62.92568555987179,0.6127392640132329,0.0867842054844914
154.62413757064073,0.2787615727725724,0.565503023058495,1.670889315467706,0.43999614560717215,0.11088279981242584,0.5316227476366195,0.018599765564437615,51.64235574625878,68.99002863294963,0.7459008319324109,0.08713870447763838
179.10681608366576,0.2848621941924107,0.5518629193717907,1.9006431008383042,0.4886943560473115,0.2262983611462209,0.4901869017092348,0.018509149628770167,43.99206091632566,63.02707467025429,0.6916551780086495,0.053394778685742494
193.98054295339125,0.20211435719214196,0.6994324203494726,2.3207949771959426,0.3853328853381428,0.12567103631178492,0.5344946252725702,0.01175970484984815,48.339204212275654,72.98567145316385,0.6927815217505457,0.0823985851316138
176.844232283904,0.2840591874317125,0.5685303368046498,2.24496789535936,0.3242949457614248,0.22363357394744546,0.5186975173404483,0.017281157140762594,43.98547981165531,59.55999580830621,0.7176003753764173,0.06566948229601621
172.33917946144862,0.28050768650355007,0.7910743490920962,1.5559513954517072,0.37028363056816127,0.22520864529905382,0.4855666776587599,0.006534901723874305,32.70687870015317,66.9879624080191,0.7144552109804909,0.04454496449807266
159.70295835690945,0.2718608825912149,0.7297339243290346,2.007556074945251,0.34857755398581586,0.13353814399437816,0.5223949533399496,0.016508539788021307,28.320762140708748,60.699592821565346,0.6380646982785106,0.07940981295314486
188.03785229725858,0.20436753950820932,0.5550044221249617,1.7556693891873119,0.45669890955802517,0.16466192256405673,0.4858524652578011,0.012175619950029188,31.76575746065421,69.14137901264752,0.6791109245394477,0.05794504187770144
187.07142249249415,0.2638737160915718,0.6882246748367059,2.3732473587405805,0.3519873066634971,0.21069545603681164,0.4666909043162046,0.008245007299230354,35.733454273337614,69.22001869250046,0.6765449809087096,0.04023766201635226
155.84565273604215,0.29341985881447924,0.5666540031259448,2.0367640341364766,0.3633723151794089,0.24043301561883323,0.5136736871971053,0.01488222437669096,34.37354813164429,70.63831500763752,0.7363548642647287,0.059236175283786
191.70012442602277,0.25700051888049485,0.5952357581601583,2.397371071777314,0.4934240969409781,0.22866925082883896,0.509851161079122,0.008481694235361525,53.73685185049247,71.52901134192862,0.7691136952045324,0.05547802203864194
175.68549525910575,0.27852270080948477,0.7710320901069088,1.630355414618033,0.4222264938928898,0.18547922203800568,0.5165344285338146,0.017924247456469457,49.42622724354912,70.2854875373375,0.6019299137812962,0.07081745639652581
198.770255217118,0.21254562368145044,0.7570160521113264,2.1807548373589,0.267928309484343,0.1398727128586883,0.49899542266540337,0.014347487798720348,37.91330527017825,63.45290197234852,0.6830689647913708,0.06797300613243351
196.9608953217176,0.23625345457048996,0.6496917775479543,2.2253426192791563,0.4435609130376902,0.11586935105106907,0.5009284639625713,0.012579376569977442,47.663342889468574,64.07018049214045,0.7410208455713886,0.07098631880444373
179.26400932049754,0.2391200250387096,0.6356730913301527,2.1947822026591526,0.34194041513541795,0.1763509227020642,0.4973029811060103,0.008048157661900071,31.026567787798932,70.9202150575325,0.6374893392575427,0.05840866808512146
156.13331257939342,0.2359073986697249,0.7620974149910092,1.712884845456416,0.3441423037318734,0.12185197932738592,0.49362169345963824,0.009849119536973197,53.05630770403255,63.24693148977838,0.7640780370342131,0.06588677680747423
197.26574203762613,0.2687575857906101,0.6784703457705588,2.4597396533172082,0.4670798287811235,0.23811576755780886,0.5287806302482472,0.005977136394787613,41.298134219979744,59.766710198934454,0.6006464428527369,0.06039627280597415
188.26144575035755,0.2962112414315457,0.6508370953659762,1.9857633018082361,0.31725978480937456,0.20478742330685337,0.45158173954045433,0.01938486439683385,48.95730081690808,61.02599574304067,0.6421237649539571,0.04084676382035468
194.18665522273417,0.2836081126935011,0.6071469325571377,1.7045052666097276,0.4301886879533037,0.17289546451339075,0.4815870951413797,0.01170608871687957,43.81581011502178,68.53785915713003,0.770661490700813,0.054696041618171876
153.08814019342412,0.28323196315045934,0.7848243046086365,2.1819441778759443,0.4942602940340791,0.24404315964411513,0.4756742179021378,0.016040820545393592,26.289550088267358,66.39640940798692,0.7318823640372285,0.04234605644569456
188.68055303837954,0.2603800821449471,0.6645595201728733,2.2186563698323676,0.3057427386976411,0.10192790300114471,0.5172882989166264,0.014342154237526642,34.44040331118354,69.27242477596998,0.6778500281060142,0.08006048833658497
192.69335301220164,0.2077358530255513,0.6254113072223191,2.484099509357891,0.4708950516883834,0.12520432140877472,0.5289737928130855,0.015766911155562925,32.72066879138836,66.60091747606162,0.7997929836396009,0.08267037294945112
183.1345708578504,0.20167780186179304,0.608925352749855,1.6127475905575088,0.36431749149945797,0.20630796400917983,0.47382137278140585,0.008971613144961189,38.59728814743745,73.06119916834956,0.7121463445232039,0.04441688958331724
179.85409661084134,0.20417972074159027,0.7888464095662855,2.3227953085197597,0.3118015787259426,0.14120355838864068,0.5169496091444294,0.010588943754002239,35.192041686806036,70.01236542237966,0.7866916333435783,0.0727486257505916
194.00471328855835,0.22894930874776218,0.692135524814646,2.230843264934552,0.32581945755139163,0.17898504400711518,0.48098473776107287,0.010489560912715435,33.12294946585586,62.871386531577805,0.6315458660484486,0.05281232739207553
174.5154472569121,0.29443868929798067,0.664839882683746,1.9761807743123594,0.2583155410791761,0.1333687097260452,0.4603884458911354,0.011692292811375958,33.78915621225391,65.89056365257265,0.7759992970421372,0.0524651432074279
173.19124787477878,0.2254060213021324,0.7745441666648356,2.397322446091316,0.466357595676514,0.10753213860866169,0.5235148528872527,0.014625415455040851,40.49201612670339,71.78129880010789,0.644710389891803,0.08197750461158648
179.15903665148014,0.2604148788367094,0.7578213149906953,1.7676811214255803,0.4660417171236671,0.1596923057253377,0.4569700620359848,0.01603709118136145,53.23084824134606,66.92584851488142,0.7788457164253503,0.049146605503210594
155.61035238497536,0.20338115072817542,0.6637780084794767,1.801575119315121,0.39861521629852315,0.199778690939024,0.5365233102208924,0.010125773522679122,32.28139116083201,73.82277276098792,0.7093606511424868,0.0723580198914533
157.60104618221447,0.20007895952911203,0.779371798982824,2.238897705856254,0.31903060327498306,0.2128048114817755,0.47346074657731685,0.011696782240936359,45.279911714453775,73.85124698030019,0.7996714499420966,0.044649693713381566
163.40088923478447,0.24847565308055164,0.6793235543888212,1.697790420592767,0.34949021124825985,0.22297753674288734,0.5389028050450089,0.016425269961264758,45.22343236699978,71.65549335363416,0.6192041924850145,0.0741931541165286
196.1598725480055,0.21184894357906256,0.6963215040717591,1.9106497756537617,0.3246619863269557,0.12168371305415195,0.4880482201883156,0.014107975306658414,35.80664190763614,72.92285149289899,0.7014379566008119,0.06605634794732396
159.70477483568823,0.23392162711967723,0.7141313022268856,2.470707191143166,0.4271144380789088,0.17724343136505294,0.47535496160393637,0.010261527185347908,28.554301917374705,67.95245252726609,0.702681866716908,0.0506942466131477
184.5738658643302,0.24358815934404693,0.6173746257063428,2.4438248953885866,0.4248357783892941,0.11243441662694441,0.5458931571318221,0.0159158276561778,34.305264895934386,73.46882270197636,0.7202611830147325,0.09112686310754725
198.07569015741382,0.20642950490597992,0.567620635507468,2.310254325974478,0.4090474386745151,0.19460533676983222,0.4562104069368228,0.00669829144357269,27.42935699500123,64.29227606341263,0.6197856144616494,0.03798997350486388
172.33658281778673,0.20203222592678027,0.7078949787416918,2.0424189680869924,0.25167144990914947,0.2205871465565683,0.48315408636975116,0.009829891155073558,32.975465566142155,72.66328578740016,0.6199534354525625,0.04630954615686278
182.69323766458555,0.294197049025991,0.7853283628684437,2.002954310290748,0.38738651390496215,0.11761171059604364,0.47851341176810513,0.01849319050994095,44.28034804709535,60.81788954947535,0.7308978405325225,0.06516687351313522
166.43973602401354,0.20030681841339879,0.7967858527151834,2.371727830320843,0.2963898448059575,0.12648419233861227,0.4703370915015543,0.011635167849978242,35.04018483520092,64.82106478072569,0.7289919416588814,0.05728267664244413
172.5985859098922,0.2584697823015747,0.7232473891723734,1.8040491527796974,0.3336856246252188,0.150297328776433,0.45115792445265746,0.009761168023855378,35.21489433263596,60.455032455757035,0.7843243562224309,0.04524359645392906
150.1251242019681,0.2148955384304667,0.6311817444953799,1.950397857826962,0.25618103469389153,0.20748635881283242,0.520694110937023,0.016796063532580036,51.45925219178677,73.53500369367235,0.7841858276740769,0.06870412995658626
176.2233881889279,0.28270413622259194,0.6733228174808317,1.9416631809111808,0.36896915310492495,0.21693947201634367,0.47228163803532236,0.014306122403213172,33.88631449425816,73.5897975078879,0.6308735277701006,0.04486551157651775
152.84830762892733,0.27718307785963703,0.689288339193801,2.33551931906191,0.2884936013542361,0.192134722264225,0.5057780348353993,0.016483589316883186,27.00625162223759,71.49839926001222,0.7106425921937839,0.06442650297003638
160.26720514174156,0.2526975457699977,0.781898178694947,2.365766679875941,0.42725142783789305,0.20313165969237842,0.4648923632420079,0.016535541302195235,25.520780731856664,69.01717233998863,0.7528775645983876,0.04536353875437271
160.11239032017392,0.25727199226349395,0.5838658260979964,2.4689736314810924,0.2680591854333214,0.12423630418221934,0.5030918924113537,0.01906064850312357,44.5553199788946,68.35391725879195,0.6369058613277822,0.07427782288004892
181.70230004579312,0.28540050982500503,0.5859429260590893,2.384877456174083,0.28214913292569843,0.18344656683853192,0.46778830400372473,0.008345966257547846,48.255473580679435,73.89706831152064,0.6073648326937063,0.045561327239283855
191.23029622843848,0.2936445543111984,0.5901529296074964,1.8735080018721673,0.33918604126686525,0.11581529489349918,0.45709317763318363,0.01494807479238513,48.644534538739414,71.97188300054854,0.7008957970843358,0.05542219274002491
160.6382706420158,0.2539538616011267,0.7583412444616683,2.0765261618649746,0.3673804175329669,0.16073794020433757,0.5015790461035632,0.00983456354519607,35.50762521533254,67.28722687895939,0.7423053391906211,0.06349102350350222
159.78337231683167,0.21242887044719985,0.7686374330632947,2.0939458098547266,0.4817466422728349,0.19952002641188074,0.4736465555702381,0.013628728128692681,51.23812404289055,65.14344813252373,0.7726368292441789,0.04811811885019779
183.56928438048126,0.2196187990633817,0.7622819899525657,1.9689799701788924,0.34314430560698306,0.18602990791310053,0.5489822674927938,0.016635908649735368,25.850383886357,70.65215191893911,0.6248177600084647,0.08389474782370598
172.43224286239752,0.24789698407389837,0.6009467305390284,2.489195778048687,0.2755032291066153,0.10504765065383319,0.5274328222991947,0.006633000425166695,40.2380728438584,70.16158838148431,0.7184480693468761,0.07905413828166274
158.59140763328068,0.20003126336487906,0.5879877590436973,1.7550792803139326,0.2535344715678741,0.23134705144194131,0.5089306551351028,0.013222898802300358,28.262017498070964,63.04774426546246,0.6230466252534679,0.05761382888385924
183.0919533581928,0.2904895723539317,0.6219782492774182,1.5362146379627974,0.3204012585250169,0.15580937529076788,0.46287916924775063,0.005844446297570597,44.379148752579944,62.268569976019045,0.7102238419021271,0.046878012805336766
157.77374275362425,0.2879696898536751,0.7024196073660971,1.5403617093855644,0.3136017271212052,0.19765899252041896,0.5458913005921929,0.015176634047206539,33.03091051158376,64.40323607781164,0.6578554293207334,0.0800249845219696
164.46171608642646,0.24427135617888282,0.5717698207612812,1.621049962775038,0.48744108764451755,0.11366340221093565,0.5043060423760755,0.006930567542901661,49.96249891721719,71.81686646425743,0.7145082413139854,0.06940740345044105
170.2332549536766,0.29478254207944293,0.6075316159677688,2.425940413368661,0.4469046984624171,0.10069287235828214,0.5131527040567239,0.018024738743856974,50.06365385720568,69.26135405014065,0.7288785170995108,0.08065564327398533
193.83918029832773,0.2204523423040545,0.6776614377391381,1.7249076710455515,0.31765253443693875,0.1421240592818081,0.5476132638129371,0.009801580105745436,27.993375508357037,66.3882214056479,0.7841651502524091,0.08439889197643424
169.31159804318762,0.21154164431266173,0.617784088182807,1.8110259468909136,0.35505806792393735,0.15844480966619345,0.4966871279184665,0.006782904830716553,46.900493006134504,64.15653519026971,0.6889213168236642,0.06013348057831536
159.54066517274535,0.24049147997916057,0.7170102468397183,1.5096846839720377,0.47754265087730263,0.1828818559085346,0.4670829118812278,0.012125882611726034,51.733291507665854,68.99633219204091,0.7236842262649681,0.04740958937372852
172.9738043178237,0.22863390251801652,0.6108096914248112,1.6547108877554035,0.4609004760153107,0.14003545975598353,0.5006037286101928,0.015595639495310475,30.503152404413903,59.982212362860125,0.7049530766692433,0.06927995106389062
173.9385144140211,0.2966487743656672,0.6436835663398804,2.341404426261175,0.44834355458445596,0.21764097016639886,0.45185589246034974,0.011223272044742993,37.99405122177955,69.26376524002377,0.6692461156959835,0.03427611616871218
175.85095488033863,0.22871345956281894,0.6172455068080895,2.253096512017718,0.48471715096937795,0.1730275023351181,0.46935993844262,0.013258059849283878,30.410461866778626,68.24064625045898,0.7389476293658899,0.05056564326014268
182.01835348630587,0.2459582019143265,0.7202942880545464,1.8516701853795223,0.4056324061012546,0.12854529030224804,0.5085546998854659,0.01199327028561414,37.361680184179576,62.616845294163305,0.6629394727232458,0.0719467965950571
154.13993075491254,0.20667433620642195,0.665266435633033,2.285344783530984,0.31999667181799984,0.24218070996264363,0.5284726349675107,0.012837856294732565,44.01052999040926,63.03064501617111,0.6852768129952304,0.06421957420252511
184.3984456382748,0.2553515159350757,0.7156518094180984,1.5489638551068827,0.3846658142166135,0.14293168025587133,0.5288052963609731,0.009157751320265226,32.85395269215908,69.7348169948805,0.7495983244776198,0.07634964630005925
178.55858334441814,0.22671447262868086,0.6314838302429697,1.7465692786794003,0.35111425227995985,0.19447252198716852,0.4594571655535035,0.01718335609049979,38.3027974093147,66.94891909089394,0.6135061107996002,0.04491461119732776
161.3730047243942,0.272749911066296,0.6936320779112626,1.6269468579628361,0.34423415018161735,0.21070952210272026,0.4809560994075757,0.012667999157036437,41.787486751840746,65.60405814657383,0.6454448838269128,0.048742242772732425
168.04620339193406,0.28098319285658246,0.6715665532735805,1.8376027868893152,0.3272614828709758,0.12091494400005479,0.45476816144419097,0.00885651055747466,43.1737707126448,72.35133749314078,0.6416039059793089,0.050819734505694214
189.44502443281857,0.249718199817278,0.779318995516415,1.7090611923064662,0.37121705284179357,0.12168791162898154,0.5285469643762909,0.014152334148027874,30.064748033515542,70.41967598267716,0.7498781431569269,0.08196798421113272
185.86422811203948,0.2862745473710779,0.6849419283521628,2.01476272913775,0.28862949299980467,0.16169453733970607,0.46348208905672544,0.005214631922810606,45.81334224143813,66.55649376380555,0.7013569168109919,0.0458099773700269
151.07888691414027,0.201618538042165,0.5780502583003165,1.6222292748301113,0.3272847950439213,0.24811567403072013,0.5376302388796937,0.0050112044011108095,43.211852567147105,72.67662165549994,0.6411659375391974,0.06192415571285892
162.06129982421015,0.28780318710702935,0.7588076687892448,2.2434648664208323,0.37912302194998027,0.1549584237315966,0.4674328391568011,0.00910772120302978,37.95208494667989,59.982876495771464,0.732240406390769,0.05051160926950615
160.4680253650548,0.26119961740315634,0.5803675273820083,2.028420784781735,0.42429673100599097,0.17682062818763405,0.45540872796276993,0.007968318537833741,52.793909090195974,63.71782476673193,0.7823929506148303,0.04151849380968997
165.21174382012353,0.22966870757499996,0.7171262535200751,1.7007988044885642,0.4203887139006376,0.2132952424488873,0.5305480844997841,0.015972156875543264,26.906087526268767,64.15557349758456,0.7957062874977145,0.07162355991522418
199.76137116931434,0.284847802626313,0.6961376688509866,1.9485011492166968,0.3759049713282504,0.1251354192902034,0.4635122642742961,0.01646953806010409,29.37359457438729,65.9809519435384,0.697198161044758,0.05726193582313499
168.81536334784255,0.25862263395633067,0.7047762632623045,2.2452968388797343,0.3895454880725602,0.1724076234283644,0.4817186234489225,0.010393085604980578,32.10434559020591,67.99948757089028,0.7711713138765148,0.05410272320250442
191.4895852449859,0.2660981156355029,0.775589379320064,2.0287193423730594,0.35583561822262955,0.233724058113872,0.5342442176393403,0.007612540680139914,44.74786834146627,61.373465379887705,0.6681067686243456,0.06458139916185246
192.92608243217708,0.22266195858106022,0.696781641316609,2.075887114562393,0.41275759346430335,0.24159890955060562,0.48457093141800306,0.017533661662734592,26.411399844841256,64.96619713119843,0.7939168372331119,0.04764627767008278
158.3133054338159,0.2717476972759393,0.7459164841688595,1.678734363766528,0.26890935148688017,0.1209646573033652,0.51904977204331,0.015121445982798827,51.04737935626393,71.61621660088205,0.6444771271609898,0.07884766720553671
178.3469333583115,0.2404653050456703,0.7773978423435495,1.9613122623734798,0.443003647772263,0.12323525669109996,0.48225149361888553,0.019075623081051533,26.19706276463235,61.61018250994756,0.6419824432527592,0.06615364734670948
153.94839421079502,0.24826397196597597,0.5770069152433431,2.2214622916740496,0.2679786880941749,0.1497921032537295,0.47357912265013696,0.011881202889982356,53.0601945795613,68.55599447193217,0.7230618913397653,0.05518320201508686
184.15138171617937,0.24601431607987187,0.606524693225529,1.6702388731493578,0.26186411992728864,0.15699918188030695,0.5241010043847761,0.014813085978768873,52.34421024087477,62.66050299756801,0.648728242319697,0.0760496625448468
171.8462739649583,0.2078520118175981,0.617660472819604,2.3704638769768778,0.4950214208259376,0.18577976722101372,0.4767580664667506,0.008426627561707317,26.438541037462336,68.56947251354067,0.7950996550448466,0.04884034758697453
155.64138048978023,0.2724669225118349,0.6537027637896122,1.634079859589911,0.36628867509288093,0.21150618627999865,0.4604098316773207,0.018806712602079133,53.5119819729143,64.24994768486725,0.6480820574484466,0.04314636088520274
153.59714246020687,0.2954544987111907,0.5756946377543277,1.5425559251490144,0.30903317908756067,0.16316011438011657,0.4624533534270505,0.016331254196129994,27.49640459591831,63.828771602596454,0.6960105576415778,0.05094817142662578
176.06741868182814,0.25781683883263695,0.6654820329699251,2.150804712746214,0.46480753180813583,0.12937745615567264,0.5248098813623956,0.01694253993193728,30.662279696518393,69.33728114451054,0.7202042447115006,0.08116587582344437
196.9128853729652,0.2814926563445784,0.7201583856743576,2.114938518084544,0.33414521431917926,0.12563904489926106,0.48432826983756727,0.015879306125655728,43.16679005427411,71.93708318308286,0.7734211349831563,0.0649928912539508
162.6675631787477,0.2254752683809822,0.5508520622733123,2.295423797939912,0.45654480118173413,0.19534300381006997,0.5305955950768632,0.014157042672329043,28.684844258374735,60.78350969736013,0.6820300965908856,0.07308424752636711
166.83229552125343,0.2344852551438364,0.7756829464174981,1.9203755065831527,0.4109785576868287,0.21634923859872823,0.4791359945798692,0.009161171789081947,29.808344346406432,70.96570032982271,0.6384446544880851,0.04497137522275807
196.0018618976707,0.2695106119299389,0.7529351938193962,1.7855973426264065,0.36238486478539456,0.23779395741861725,0.524673956474645,0.014028519958601613,28.17034896662236,73.93880373629052,0.792158611701094,0.06401457326910531
175.15691349558585,0.23631728573664348,0.7638891702306045,2.027368533874967,0.4870388903636735,0.24621305213575856,0.5120240632063643,0.012845790226310357,38.657696645488755,69.6859939348235,0.751042628579462,0.056235744488276396
198.76391007600677,0.20780164528539818,0.5987701719316003,2.4264045225045003,0.43172556539721046,0.22118030997715823,0.47775861368103123,0.01643547469679702,38.91851145013881,71.3047278792984,0.6251876221632525,0.047666319294421555
189.7257302655422,0.22573973804607628,0.5758411097399015,1.596462351018142,0.46719924350714204,0.1801992124298647,0.4921638750670183,0.016512864230309773,44.75269382065843,66.62259906211999,0.796935948579019,0.06054836136490849
150.4243972411285,0.2882292114952348,0.6158614470607829,1.9126427752129218,0.3135460467852539,0.16608440846806016,0.4827500050159044,0.016439142563309948,33.80567756591657,71.37906733028095,0.707534709668597,0.05878604180043112
162.23794675342253,0.2557414963051466,0.5884576588711995,2.0843334838351963,0.3226170053475603,0.18086683176826882,0.5295398639645285,0.01668449872576687,52.77414155462212,62.430697240733544,0.7999277411189879,0.07624406026070574
171.3511871031135,0.24798623577943515,0.7364949015532558,1.5759819647336075,0.3054416348550625,0.22758461400307362,0.5241560174998992,0.009803484845505965,33.057946337086825,71.57177988533392,0.6255009534458851,0.06265876806310189
186.2871379250731,0.21755335913606724,0.6414651196002792,1.9738240197225756,0.37277228966516585,0.10988424401071058,0.4748713835845323,0.006783231718631634,30.314846962156803,66.11689361878273,0.6938119773545534,0.058876613549273316
195.36187625112197,0.20359444769583426,0.5663046911203008,1.7832520806258554,0.4822988813071065,0.19881588748830223,0.5335451752484719,0.007790248873049926,46.91749074034714,69.84686997835523,0.7657622206637136,0.06970276425590782
194.1177221772416,0.22385247365106586,0.6233011090913549,2.232367884919795,0.26406685518065365,0.12901202920171467,0.4702749132733695,0.015955233187358364,41.93912455415422,65.57389707841755,0.6726927680058594,0.0590722274532709
166.54588404981456,0.23925563277825404,0.7725830682870876,2.403826039550701,0.47366798180005865,0.12497975724603762,0.4645984632972909,0.011143513114669703,45.46949686629682,73.72801143455298,0.7340112582166161,0.05506509437554996
158.01740153282003,0.26035147953884075,0.643085937667919,1.6651008414649233,0.41509981633930004,0.17807395648610913,0.500633408344295,0.01388364395097468,27.584416421515083,69.31287341076867,0.7153204424801036,0.06288436176191681
191.6215520813551,0.26734071536939474,0.7284410510506518,2.473252386292552,0.4419897884219859,0.1775032592002473,0.45330436053367085,0.007079495060020159,42.24186852365481,65.30877765029673,0.6422953585377845,0.04008703105728273
192.4935084327106,0.21310890159579088,0.7816023484422632,2.134027021658407,0.447592100943374,0.2018812386405464,0.5214940735191109,0.007846727931592237,40.91374842988895,70.52628385386339,0.6779217520172223,0.06426147383399439
185.4347910871823,0.27164046459791014,0.7607448397685459,2.056616292995942,0.4373065139591705,0.15764345851577097,0.4545244143144865,0.00957113415000865,28.700106036782497,62.82103156119499,0.7547342109271219,0.04525480954134764
187.80841949987683,0.2037462565261293,0.7557921915629772,1.6864161580101866,0.3119961460881116,0.23817051212841983,0.45478804738657336,0.006557716276670891,47.28060550730472,63.024184000370845,0.6162153014969565,0.028821490965583507
156.1668549988863,0.23770325314212193,0.6846290957974684,2.0714764373768837,0.32063178967151773,0.133930291738333,0.5384185312690682,0.008865601989859959,32.94635986329321,72.49799783537819,0.6783760625074325,0.08112804912661886
170.98855633746493,0.2968288030723631,0.5561840213751166,2.398036655738756,0.48515219447535596,0.1984520567994045,0.506227543806269,0.019237555116407387,52.73795519261351,72.54788651631465,0.6326681623396139,0.06527015669371394
184.2744688968411,0.239046914129327,0.7035741828733229,1.9446374236082244,0.48401559045471576,0.24937708328684915,0.4759826490116288,0.005912708329112942,30.490700529209153,72.0061987014915,0.6960102563647315,0.03544384649603671
170.54244062453935,0.2868774555990901,0.7044757718254815,2.1429161549141065,0.25358802069501174,0.2433965472963874,0.4536615075597553,0.00508328472226676,48.0983381328556,64.12815885950299,0.6328700195806382,0.02636933876647163
189.20232383096194,0.26451070485404155,0.6032954759800895,2.2524595102005684,0.2948514979632112,0.1965621815978732,0.45436685243964414,0.018294113395750156,54.31084005200413,66.35702607361986,0.7604170389497013,0.042962527438703546
184.4808991556134,0.24053469753817003,0.7032421191673643,1.7845372550048473,0.3926231892498455,0.19135822893294832,0.4666132725415156,0.011409672749192617,30.343803818945364,64.84530393208873,0.6417267458926599,0.04538882917722731
166.8871837830851,0.249691982389225,0.741896353537234,1.6407166009201188,0.4173281613123211,0.15521043327829692,0.4595587363970172,0.012423066747080562,54.942676163365974,64.58893763306575,0.7855385679729774,0.049087517067619046
159.48148198600967,0.25358663826561795,0.6502386143119516,1.6260385689980423,0.4213076642088315,0.1746070868179596,0.5033737099076243,0.012079538818360817,37.20857108988617,63.10199005330718,0.7948758968486063,0.06347926390981229
161.14501634477384,0.23211706715602623,0.7062495378034379,1.82366898656906,0.29917561158874395,0.12259320360624737,0.516681274864269,0.005519868130651018,46.65970113789288,66.28904461989393,0.6950069592663999,0.07208847829815568
157.81827581811692,0.22890968477798457,0.7727634763910838,1.8361455439318233,0.25234472448694484,0.13246893513047162,0.5445932401094091,0.009330981410110031,41.787952372166046,73.28970396847718,0.6566073551704024,0.08406327867623986
176.32473162219048,0.22341569446260853,0.7125990342851934,2.0182363638233505,0.2878118334667941,0.2383249141595052,0.48389657054220964,0.013930703025417835,39.92782251381348,72.95443443872479,0.6914554581055177,0.045841290621410735
179.1150743142496,0.2864078463080965,0.6923453786389174,2.0632864241215065,0.46816815915249355,0.1586431187608641,0.5338715851726442,0.01554451728125286,27.66040436276872,71.46638399959883,0.7635937960429958,0.08032383809722887
171.3314082576132,0.2110482037042841,0.7656451748497977,2.001036791606673,0.3028745202201508,0.15526054242373113,0.5334549037991709,0.014187947860177658,40.224847766899,68.16362950722169,0.709863729830882,0.07974720449828965
173.4722260365482,0.25227710648143115,0.6546410976593595,1.7304985115059686,0.4185341824073707,0.15887540180643686,0.4818360749681893,0.005663126180039314,41.48398490420503,65.84114667505798,0.7433658508435863,0.05364159386544998
198.53024273272777,0.21485815299350855,0.6174740670723297,2.2521481314449745,0.44316761230268953,0.15848947059547103,0.4514327959828135,0.018157376548240303,26.365007920926725,69.7618893528169,0.769771190203182,0.048147381496619346
172.08687216383146,0.23310318170161076,0.7246600447919515,2.3735625808988914,0.26377866869732086,0.1583079697069932,0.49523768963630777,0.010171550913357056,30.161985512797706,62.05656103596712,0.7744779448227695,0.06152072868781033
166.44342858306692,0.29848352771777964,0.7996032725794363,1.7538524302348326,0.45022493980751876,0.18518600929671486,0.48276889241111376,0.012772979002816931,27.29123433825541,64.10893166520219,0.7727602679348429,0.05380935559651334
156.62649191629512,0.21949302321165753,0.6361618144894112,1.666739744031446,0.2983762075161098,0.2082314057214898,0.5494267802781828,0.01882153222147844,38.07958689243437,69.36247006457195,0.7310508219711382,0.08258641908605568
184.14991010015078,0.23565108719647052,0.7229861416501805,1.7226542769049074,0.42707126609594515,0.19249279206861336,0.5131682257093526,0.018946108638970366,46.96136503831179,63.33538436585168,0.7088460775441708,0.06897010718375896
186.92401842028065,0.2598592330045623,0.7994436879171499,1.674137675968272,0.3907791502993478,0.19775336254069742,0.4883283048537968,0.007480159641110513,34.9459197199431,66.89706720533245,0.6834987278839085,0.05101711905945194
190.43559845405863,0.27701597626579333,0.7880918400272827,1.9527357562737175,0.3819891495916845,0.24495889030475215,0.4975308976794976,0.019098892072670872,32.71250898102629,69.74930816402373,0.6315494697697195,0.05380462549101139
158.40141371999593,0.27674392122052494,0.6412293323301373,2.353501719379846,0.44600306522120975,0.13195124503238492,0.4535060339686287,0.00587037042260128,49.26584014730855,71.32259170274811,0.7345984367454949,0.0471422931136658
188.39142594426258,0.21211503359562653,0.726838578611,1.9568124281672372,0.3692283877892036,0.2307959572733425,0.4693320994402688,0.011344338685122177,34.93240524587338,66.76735088393617,0.7347126553118409,0.03936981879951418
173.84480780811063,0.2530502558980732,0.7419455101221787,1.6862553441326804,0.37446366224807687,0.21106954399753747,0.5211391051860789,0.005484956328961619,29.577184104982976,68.12505384150558,0.7331819899910292,0.06116653775961822
152.8741141985337,0.2686133385287666,0.749919338726157,2.0716321667313427,0.2686363601379337,0.16661714697601163,0.5426725586682303,0.010360507005304954,37.43368957130804,72.92221324643687,0.6672185889524243,0.07963110965329179
189.86866927131842,0.28380327743984984,0.6889363285187599,2.0455999789987103,0.38182381921925296,0.10422742400707055,0.46219036563604754,0.01566448847057797,46.43823174782824,70.3782536928927,0.7234112225464757,0.059369381248416175
181.96020543719106,0.26878897351568287,0.5752464185882931,1.9411649706060161,0.2763700585651936,0.12492462531205616,0.5478587449399038,0.01846542448786434,30.565992254511414,73.53567065670768,0.6583364728607713,0.09210038947412613
161.06066517463304,0.28155275991050494,0.7330626924591657,2.2137356284507126,0.48031116869776713,0.13331583621186732,0.4563594431337882,0.010164151187494952,44.85509287138105,59.92150701608963,0.6791506328906298,0.05016512157862962
161.5911797789689,0.22102493636048368,0.6305399254880095,2.3975158807240367,0.49339396038260386,0.24062498857719627,0.4974988859420534,0.007142030095479769,36.860925056327815,68.16564992109042,0.6061014460250702,0.04723665263782095
173.64558658625097,0.2830339070572699,0.6021187363028775,1.7950929612060986,0.29127112813803213,0.116059852313363,0.5064526093339424,0.015348076731268047,35.335352057383886,68.70729543543061,0.6833600341247896,0.07463223267541252
173.71882538187702,0.2687827732384478,0.7106394151200827,1.857121036303925,0.4652731758611973,0.10422790753443223,0.514252951813404,0.017632558887251806,29.396577251579238,62.387346192027344,0.7892666372747769,0.08044171570463732
195.20470751349234,0.29877610655094117,0.6361842381756596,2.3975100927336443,0.47153446163518964,0.17279658019386845,0.45933607905187795,0.0054254736721974514,45.68664110289375,73.63070501040735,0.6520425679710032,0.04242540432505848
182.3808363362066,0.21048266001539345,0.6913912267610178,2.000973034171941,0.3366710795674376,0.15504576408192608,0.47810789684859306,0.008535728887833932,30.082997088006255,63.1642365549667,0.6226491413582887,0.05436510747722423
189.8680259337715,0.2742853477604727,0.7729324998781171,2.274518685574516,0.30309443752442317,0.13868015199236794,0.5295547164294859,0.015990215622727684,29.49552346771911,70.77054608833642,0.6240403972634881,0.0813651274379481
171.68645619168169,0.2987755856271725,0.6535111175941822,1.697560794483086,0.3449931199908264,0.17452183654675255,0.5408028352664117,0.013451630278082478,45.218764188366755,64.59446376757886,0.602348445157873,0.07982046276765686
187.48103657047307,0.25922635754113926,0.7019676066826439,1.7168138078768969,0.4081102358899651,0.12202753578421069,0.5438053814780119,0.016079464193121694,34.16350759116814,72.08777956723839,0.7926903511840437,0.08926759950509222
183.95741177273615,0.20699471144897671,0.742102388152733,1.7785864403319591,0.3755578789913211,0.12375447182690222,0.5208445726466403,0.016108235150467002,52.09926446588585,67.12224476234962,0.7426671941557307,0.07978428350588729
181.05288928775687,0.2590289846563021,0.72653656119879,1.8871308614724862,0.26241611999046344,0.1618520401367039,0.4885769311818272,0.018900134827527008,52.74552025660015,61.88174002338949,0.6051834402123857,0.06311866534224464
153.59349227092594,0.2390650210681559,0.668631700134162,1.8581306642129365,0.4092568462428728,0.18288608748813165,0.527629409789296,0.018212534187105323,25.582870057370204,66.54193715706329,0.6637651161541815,0.07609397178612198
197.78366484996678,0.2783468340062065,0.5621813525582228,1.5757550311062212,0.3665214614809721,0.12777339000510743,0.5196710238201757,0.012821997749417169,42.0651776991067,72.95393944852603,0.6062616746391427,0.07689462472853847
185.01206026378753,0.24104881677244547,0.5698904768085447,1.988442280510697,0.26744009189036205,0.13762872284289784,0.45998737386603655,0.008521130637846814,35.62064662738684,63.51441369990729,0.7770915391063566,0.0500547748201825
155.9811035340478,0.24016368619962744,0.7331820046961905,1.6390948948479895,0.3953908159993522,0.14188089258848044,0.47507374873752256,0.009991123899625422,36.87046080940351,61.15398724732707,0.6664755303863777,0.055969046786685794
180.06030212032107,0.2853559222876533,0.6318679553359832,2.020541669730271,0.3289831046905974,0.20734012644369534,0.4819497496106559,0.015800370183231296,25.975244387694914,64.73506905160497,0.6315865785487162,0.051502504377367586
168.7193226519253,0.24941177965975025,0.5939318345506632,1.7803147868610725,0.316560907867661,0.14719300958285814,0.5068733840590002,0.011172517403527833,37.338579995211404,69.87352748293864,0.7926362978204099,0.0682893981424968
182.71482153504402,0.26741793369046885,0.5584149254657989,2.053564251625437,0.444276233534571,0.1682902096368638,0.5190516769490893,0.005603688791254421,43.7895764324764,65.78330091588332,0.6039040395438171,0.0668078074618279
189.5744829221332,0.29573934521168177,0.6167003521328267,1.6266440054700064,0.3961687292348043,0.1839133821563045,0.4804434540730225,0.012494521166376458,45.52113230530908,62.08433041248007,0.7562242874776296,0.052906295176853746
160.82501270553547,0.28640865782017627,0.6095392005041401,2.1488877069164474,0.42657916567971743,0.1527849535827958,0.5423641730869583,0.005259511897158746,32.68722720501692,64.23551334797159,0.778589975599339,0.07796090402598566
167.35748348593796,0.23296769533077788,0.6282067830349289,2.3645873843386584,0.48585023590824983,0.20772175401323584,0.495554135680054,0.013083332614781382,32.03669357389855,69.7982068596793,0.7669695451610707,0.055665474888428434
181.3452020989076,0.23894154850735577,0.7400279783903925,1.7636377170723763,0.2650503281852159,0.15630570608896666,0.515103338351333,0.015999725441077636,42.04669266432609,69.74253541269168,0.7456855964370132,0.07315376689848563
168.08435045640346,0.2750476014777778,0.5836736205933328,2.282849178132474,0.41580538935897304,0.24866017162714626,0.48350913602000717,0.00722528580183269,35.4889513898289,59.56356572924831,0.6073529042564246,0.039695080705769215
169.65417599748855,0.2420604653059003,0.7620918984912832,1.8570520990181145,0.492773112547388,0.2150170921552582,0.513533463562967,0.011936817991681973,43.930709695784024,65.67076443371131,0.7003530688955676,0.061449521298072796
199.17221525009856,0.29180849792747854,0.6342516784997357,2.146187126501914,0.4649816382302518,0.1156949496921998,0.5129150591823557,0.01681128914064809,34.19709222598287,60.64630431731591,0.7800182115106619,0.07803699166879596
198.02347088427936,0.2320684762131955,0.7882000098288967,1.558315710936369,0.4159877835319422,0.1997023924842627,0.48700256631763994,0.0058693460475804215,34.08703398478002,67.41989712795791,0.6250513168764467,0.0492007426996679
178.14514776762738,0.2792081649275324,0.6374181472107865,2.258867476745825,0.46460807121803505,0.12033708747288187,0.4515671650822683,0.006075648756931188,45.053156181544765,73.99141492418099,0.6824251972929714,0.04833624483171661
199.58698713925008,0.2969927469635722,0.5753568654287131,2.3099584780156297,0.25669906626064726,0.140472404469894,0.5492395223522571,0.008819133783918322,46.289571032928656,71.7737717325512,0.7758566523719717,0.08461426353960633
183.58193720707067,0.22551588581280246,0.7632544637924827,2.47377401201418,0.4440445905762933,0.13399479710459478,0.499879141959964,0.008945794072462526,34.462710701432925,67.73254226203912,0.6112928235296131,0.06611387814564296
177.920149700311,0.2892358295197347,0.7675008737460103,1.6455261849642235,0.29207744213051,0.17659132061101945,0.5366578082961739,0.014093166620925968,27.679401851065133,67.69284565698818,0.6451519964572233,0.0782095071049298
166.48956794940855,0.28187644586549804,0.6984890599324626,2.137703694748836,0.3802072166168181,0.23734196051814777,0.4573144458880175,0.017444590783202273,50.296315099167934,65.03808162538309,0.6039213722413724,0.036189086177273566
163.78497310354265,0.2035576722043905,0.6153371043941315,1.9362820057506667,0.2565395657899284,0.22974149191665488,0.4851039880258807,0.0077086254469031805,37.97991419064719,70.85439235404696,0.774475442891702,0.04423317915052394
181.31053200446078,0.2102999752377469,0.56957927936681,2.230962692191207,0.4697489949114447,0.15474965175308072,0.46543491695866235,0.0168039955654232,32.00023671597863,62.85155045761879,0.7377806729774731,0.05371633010736332
165.32216490119302,0.2799974390090706,0.7120294574104404,1.8475661452352594,0.4207392739731113,0.16683082540673586,0.4939136134917385,0.018041946077433167,31.421014620232917,73.12753151830866,0.6758182666091516,0.0641174118741219
178.24974425160855,0.28039622181208945,0.7683427335710983,1.6347032814544624,0.38659127614090083,0.19608113430011337,0.5397632551966697,0.017719670100048285,29.779781894427344,73.74337516881621,0.615086319284249,0.07922959275083485
190.79631837408436,0.2037518582501003,0.6168339335330146,2.4542527945431076,0.43385373893377743,0.19446377932845788,0.47478127528332575,0.008270690322626839,25.09849896512477,72.92289471637703,0.6672791892582132,0.04647998471182291
199.5512611813191,0.20720459655704848,0.7748378465959511,1.7907458768038826,0.49583302223906234,0.2088952598136703,0.5369179600058401,0.018519976214644098,46.2751785010454,59.70478312433856,0.756132795886782,0.07670751331124848
175.7294954580229,0.24524306224838321,0.799809077657364,2.352695487754834,0.44418051410383824,0.12353440004867061,0.5084055154250982,0.01512765432482143,52.41459069526522,61.162820779053625,0.6141640000510572,0.07431279592810824
151.5712023442603,0.2066166149866244,0.6789793571607956,2.1034885478788197,0.4913422133711588,0.14630465433091866,0.5205602506319399,0.016420144267820486,48.818119662993084,73.65223639611452,0.6596209837559945,0.07696710706159138
165.11695365036218,0.28319372756377476,0.5716082872051722,2.1144003650840246,0.4231526983401752,0.2051636677493937,0.4655717237265474,0.005767169642049747,35.1747943711204,64.10701884481507,0.6181646317354103,0.039388624347793666
153.3260868095713,0.2703523903303354,0.7703044203329764,2.4180036296602787,0.28619090767448246,0.1994354766343549,0.5348905893355543,0.017477597547683386,48.230725726363296,63.8761025013032,0.6444316140891214,0.07647793327623731
186.62908596977115,0.2179832631680513,0.6401653471800746,2.3774924673617397,0.3180293727055796,0.1387935220479725,0.5024735315880916,0.012314111204092667,48.04914586026662,60.91662929516307,0.6084067064617791,0.06836183438963417
155.39187104729345,0.2693872402174361,0.5966033642062415,2.494911849421937,0.42487236902377024,0.22772754688075914,0.47194655061984425,0.009840079312743784,31.926592347409674,60.33701943003612,0.7185605290367927,0.040217523278897715
152.53191098317916,0.2543944527937129,0.6165997706992327,2.050591718251793,0.33379602240100853,0.2455197225316132,0.487729144637724,0.014568269957095823,48.149368662357176,73.39712726376078,0.7620340906539179,0.04660161567380783
152.4489658505164,0.2732450025038005,0.7600481751251918,2.2521863419174695,0.32649242769922837,0.2035002118469311,0.5161311915965856,0.005631197389207907,31.09388296194056,62.18207528423518,0.738966056211457,0.06037448146753377
194.3318032440897,0.2841174119517113,0.722129241574728,1.510807426129368,0.48785193293879964,0.14920404050689537,0.5216351247985704,0.018147660525181544,45.87698243177589,62.762243589494936,0.639898551329138,0.07804523341519598
164.51912507747832,0.2348111272491579,0.7438107757114418,1.8584245328950435,0.3393587747789414,0.13980363267016746,0.5249579931677115,0.006375070933131422,49.47172123204694,70.86007407441274,0.6234315225870016,0.07352768132614074
171.95163279115133,0.21773014320014236,0.7006742220822421,2.4675559387622665,0.48818710997092674,0.22466794009192134,0.47210135222143007,0.007999952223744443,43.25924460448965,65.1572150350674,0.6925215452711904,0.0397932393393603
170.75208461502,0.24874176891723201,0.7315687891883995,2.3839815969627267,0.3173180742727053,0.1694584721018879,0.48159603842345955,0.015496116936221454,29.795068536276453,72.63617883780111,0.7622767820336201,0.05729355833182126
151.04318076527565,0.23327524963242194,0.6731682700649754,1.6872648991466899,0.28184651725030474,0.10103843462810755,0.5488632625931514,0.01640348915302142,51.23118116906665,70.33300161707115,0.6915719164674405,0.09392034096572388
158.3897204509341,0.26066943264600406,0.5714120507174212,2.4605680461499575,0.42824969902164745,0.1279938451145657,0.5432483605851248,0.01260143516577163,54.54816348708302,59.89878612218875,0.6454940049561604,0.08615144035729827
195.16232144715497,0.27551004935454027,0.7442069005601316,2.072622498923339,0.33451616976694776,0.15797962871630378,0.5481404389866334,0.010610107744970213,43.892745395454675,67.3857374179008,0.7083527078286708,0.08316444104957554
173.95660883115823,0.23678816835874245,0.5908974454232613,2.2658792062485618,0.43254993170940126,0.1492193547627685,0.4649964109264951,0.01866096635398627,33.939553411877625,73.44151219356552,0.7450993996111088,0.05532184162939302
198.2663123348125,0.2840988364761708,0.647784503256423,1.54303593162134,0.26681910877663273,0.12273545088063649,0.4929147006286841,0.01696971544725152,34.963375913689404,60.6874213577522,0.7737048968349017,0.06932382240256629
167.8755465248331,0.2954230035897381,0.6473871998385848,1.9874696454365246,0.4697310848869162,0.20842780573729264,0.5033000079803834,0.01085731235299955,43.631388679909065,68.48789418719505,0.6511573595334874,0.057496514292779466
159.30090818756335,0.22481307091862165,0.5699892006604028,2.4228994368818935,0.42742187153052474,0.19846261425382658,0.4933924324669579,0.014461726264652548,47.16919363780137,69.9404576797494,0.7246482142997486,0.057048917943120614
157.07926919066452,0.2914661592932205,0.7099601632984573,1.5590870613943466,0.4488266340431607,0.16194378194524206,0.4590076986528454,0.006342064909134097,28.68309736959137,69.04880549370536,0.7306986459160825,0.04462313879184876
153.6424345096795,0.2584618875989693,0.7872109737504613,2.2381242053243193,0.37847445159101956,0.24865137339070761,0.4770485421685302,0.011472258112795796,32.91944136656089,70.71382417494132,0.720176639860695,0.039410891317402275
197.46292785462867,0.2529941183506739,0.5998783089392963,2.056461464836822,0.4678339979645457,0.18509092059522592,0.5259527497591635,0.005274194890206312,53.035829519976254,64.94786475219655,0.7347973053246503,0.06693883929119693
164.60755201825052,0.25606251369537425,0.7475648811930904,1.6110391224073655,0.42693059841926173,0.21184045433706114,0.4747885921797536,0.013758437390068145,45.03003187530631,61.02077213076643,0.7632091927533321,0.04653795333024391
199.91159804599522,0.20574552112980463,0.7014568415032526,1.5252070077275093,0.4993712896617227,0.17832970529579542,0.5110092748933875,0.012950720838722564,43.521211030793204,64.31358492456913,0.6145358997577489,0.06657553805916905
171.54609100099603,0.21698754025125536,0.5903687045537995,1.683025034035553,0.3656148144542434,0.1878894494106097,0.5047528077979225,0.010204078278173653,45.7192370982724,70.19464795324376,0.6189520912654616,0.06093582609128134
159.39284902373038,0.2868951257213272,0.6770360018865134,1.923068843902708,0.29980197302409106,0.2283757460791264,0.5075310376247673,0.010122783858263528,28.20020472565568,60.772193311707355,0.6883604974726013,0.0555671733395684
166.2790436589834,0.2660097798200907,0.6258787515631196,1.868090398474844,0.30750985533037,0.1600326909085177,0.531315093034045,0.01758562753427973,53.990491062958554,68.22788668267101,0.7316942526579296,0.08033152221605633
157.59621684422854,0.23210829696743934,0.6569517412537174,2.1568512880037964,0.4492863782667139,0.2075924604254361,0.47117521725200007,0.009148148835160765,28.13316049173539,59.067016705222585,0.6826926672161882,0.04318418564298554
182.3682532942357,0.2093503924176763,0.600525614415041,1.6029419456025038,0.3095085699031734,0.15568120697129903,0.5436567299715276,0.015657661041747713,44.62683469431889,65.76667623463007,0.6055020535266947,0.08486601971753771
197.13403940863958,0.2131549662319318,0.5726418833392183,2.1646593389656306,0.41620816208130473,0.10765836253387367,0.4938640997463564,0.016149435490344845,49.38106091891836,60.13237033097144,0.6370771038044309,0.07125382083586373
185.68655642045792,0.2337282115348366,0.658218835859144,1.5361482398668174,0.3011192385272317,0.2040278561187316,0.4994408440929662,0.016794727987270473,28.864856614822724,59.962448810158335,0.6217905846814179,0.06007650923447727
191.6846960518435,0.25406342373049007,0.7627300311435907,2.2392762399628094,0.42676064520212176,0.1955991140883018,0.47907585028399957,0.00828013425236937,26.22316662097792,67.89125908661383,0.6020847453871747,0.04805022979007845
172.28251074901954,0.2901828363593058,0.7689157768032542,2.161969723239318,0.45775523336916324,0.1693048622817218,0.4996176543679281,0.011393222833414304,26.551797810032628,71.57290541791286,0.6339461715545142,0.06234453793285866
188.58537475296265,0.26547550624181177,0.7503585431291021,1.7318413578780563,0.35665833247722456,0.12380722680169459,0.500623682143416,0.0158235478214641,34.950645460811984,68.61654744768252,0.6968424984155313,0.07159622584595127
160.3267011039409,0.2701698192016486,0.6949366554539897,2.2142442684774375,0.3509898437243608,0.17141841579559708,0.4591232037040034,0.018294628839826757,32.63421594148163,73.68651114897654,0.667715396744668,0.04923798648314914
173.9343392877319,0.21787947582039144,0.5561840143098783,2.4094068814412313,0.40833686650343004,0.22408046053994762,0.5016959854514761,0.008773412970144763,50.056107929662645,65.1609250808214,0.7411091251978089,0.052953381079987594
150.20557624841797,0.2255540336278351,0.6367147800812701,2.441695577777874,0.3741775662836567,0.14285149608204598,0.497250683026542,0.011048281736315805,41.409707268102224,59.677048617271495,0.6836106780322141,0.06503543704866388
159.810738901218,0.2080845876875299,0.7112856838199348,2.2746654028674524,0.433326284900682,0.10139448505179485,0.5418999634025992,0.0183479219189484,42.31524823590859,67.48964106772617,0.7818492595285174,0.0922480255562732
186.52425737560603,0.22724793487404413,0.6747182488639166,2.143494707440012,0.33505610460868074,0.19648885196279237,0.515775547128309,0.010563594214089185,49.594644484166096,61.23076398617361,0.7668305454818101,0.06440792158673503
184.2813863942777,0.24490348294918188,0.7933264251065298,2.182460876499672,0.2682411645992574,0.17151477238566148,0.4504864767524795,0.010540684349332474,46.5938558385799,68.59205203090444,0.7375059219558471,0.041797030025463755
182.51071277163192,0.27626519102284147,0.7184809806053126,1.832279645939889,0.2946573474154499,0.23821119688721645,0.4778358372392109,0.00679919709061522,26.43034794347027,60.20977822765077,0.6351465585512239,0.038977191964022495
187.5787338429691,0.28360375121361786,0.7990803858876243,2.222360132077612,0.3553041623325872,0.21928438530458177,0.4501868383475267,0.016669682867155734,44.43847726562947,70.22475817966674,0.7729497670246858,0.03613014792290414
177.48816498480963,0.23562645643780816,0.6885462951108331,2.3468479859510913,0.3504589787784781,0.11086481676867388,0.5377495386611015,0.007847608591204938,49.11392980297323,73.84155768852882,0.710883976962214,0.08304611328685496
151.16761393962733,0.2365344050687079,0.792131754437642,1.5300152651887529,0.48247852812368197,0.14739703418068625,0.5080525048628521,0.008428892343309858,44.87829200405743,67.6031245014954,0.6289363896375573,0.06713026097395414
182.99582920117336,0.23740847183241356,0.6299344040755606,2.3090027464979315,0.26016553600176323,0.1141109969571496,0.500844580040061,0.014123959168567783,27.69813216988015,67.751075804727,0.6728843833618581,0.07202903929055537
163.73195842027565,0.29927059393701066,0.7113790095371118,2.2961465577158333,0.3963715150950007,0.22653974598150597,0.4681564405583004,0.013547426901996248,37.145765949710835,73.22693883486619,0.6810140145458373,0.040903873697516246
168.90759344935222,0.24125521633882605,0.7968341258470862,2.214143934340445,0.39211171540767836,0.1627425197550335,0.4682228013236,0.012631758105522624,46.84078724405572,61.231032921156725,0.7605347818714933,0.0514340675395033
176.08584843337186,0.26096731780344845,0.6076767926742288,1.8778040122893918,0.4483945912456136,0.17702400910596025,0.5190931629298654,0.008385378357607947,42.19994014115401,73.99675315555523,0.7595698214892256,0.06729873276390208
164.86760278005102,0.21362851450477757,0.5790966454461159,2.289254083063712,0.4904491081837171,0.2218807098608247,0.4706534616968826,0.01676999265287838,31.048864660765055,62.757574349952286,0.7350395739322352,0.04463292397349505
192.16472030565376,0.29036731159051216,0.554958969850309,2.1114854696963716,0.4565324549306734,0.13871738009122567,0.5406543626739045,0.009621473608219794,43.6050897389453,60.29656310929117,0.6904304390114885,0.08190249630433755
169.1679968658823,0.2734341345127488,0.6131816850075463,1.7513729583063768,0.456524172241938,0.17264394603601468,0.46752955749964953,0.01278210912895028,43.73942390416069,71.1568607714875,0.6618734372100596,0.049636225314770854
191.32444967860258,0.22953216997842055,0.7830070401338649,2.377187316657106,0.38532067108035195,0.2337923852229373,0.4790102357780908,0.015394713468645693,28.981099218908433,65.92460083435786,0.6928827354759992,0.045362603574631066
164.0696915914966,0.2395410173355078,0.6235616704045869,2.4471407062889217,0.49584179275273876,0.24600303711964508,0.48595098752896015,0.01619597847243658,32.786459028152386,68.97260026136901,0.7445464920222051,0.04668054157855295
173.98272678059456,0.2443047104773902,0.5979165833800895,1.9557416040541749,0.44833691537042875,0.11865428991292357,0.48510764838060927,0.006228575261630246,45.69183297460493,60.74986646219034,0.7661947076668438,0.0611467327084938
169.82596016251372,0.291320225189528,0.7691807230136452,2.4100770302072774,0.37667463497324977,0.23339118001848067,0.5453789148895781,0.013322921830660672,27.102398511838693,70.76601747131097,0.6805950659620721,0.07345311467406646
166.01242250032286,0.2926615812808693,0.7995451606772468,1.837871551258567,0.48803354300157753,0.18071389686369937,0.49573991483352964,0.01649075950142239,38.70176390139992,71.5017403569346,0.7104229999256363,0.06194425645435331
178.82923628807245,0.2941670908021594,0.6472803777052811,1.8103956499919924,0.4949327028220294,0.11258722825867379,0.5295192950083505,0.009802422606212087,51.356355695808595,73.36937121955178,0.62551120547146,0.08085101483220569
172.41964812107193,0.28634027577996607,0.6220159012251685,1.6733012812352341,0.32656342359732815,0.21280921263442473,0.5171817975180567,0.017667558012085874,28.804949306007153,64.53094390627005,0.6050041106412234,0.0669075151040488
173.5866521535238,0.20216317882871332,0.6590930814646485,2.193279633414968,0.30043795309058424,0.19312368940503868,0.4516240793113587,0.01564867684206325,42.137608088343306,67.56107156327275,0.604286531270255,0.041069061757752934
187.91368013923076,0.20135320252630345,0.711661560792964,2.4333787273955165,0.45412532800355143,0.24842480140836806,0.5206652716211277,0.019224224584472687,51.5807792883282,59.1331181277186,0.7851898228159943,0.06382980257467352
185.38059273062262,0.2696508568644399,0.6242029683476981,1.7619979303711586,0.4212595578686188,0.15705952616999785,0.5422360568460906,0.019633655401064428,46.147323482448655,70.79124519152127,0.7169662203796549,0.08661008511671753
150.4259940911227,0.23868504049111725,0.5914344270985119,1.9601472147760983,0.26267244035209836,0.17209675549708595,0.453997515786349,0.00972596177048509,27.930877555965818,66.29091523918065,0.744892189039406,0.04268738614564427
163.55450617741448,0.2160157167253108,0.709070066888049,2.0690367262143656,0.39939106037144545,0.2476389576972421,0.5156637701705776,0.010138806300050037,29.18893677291098,62.76295715627325,0.6472773277217055,0.05585715073584652
186.891808989239,0.2419120574653621,0.5635994064665985,1.515880196781643,0.4177744507636043,0.22586080212719287,0.4893026601743155,0.00630914474399208,25.068111230019973,72.9545948468053,0.6495068629932528,0.045871343185808655
185.13629256385747,0.25566895988217286,0.7613347615001091,2.424994444571321,0.42277290377898025,0.22117948897740144,0.49041969506413347,0.010152494193465263,26.88464245305689,63.27189611726067,0.6044920773224856,0.04948799803287329
154.09972359235846,0.20868728584640758,0.736566618468276,1.5970438564279137,0.41896676117342413,0.19761075957561672,0.463370845921935,0.011477607092507553,43.186478847322384,61.11190191117265,0.6862785980596378,0.04299055961337217
196.92026636271018,0.2545399967158554,0.7999001960476587,1.9192912576073837,0.44858591472893095,0.11833267050706643,0.46210103014779014,0.019405531540061586,35.95683065412899,62.51305248384363,0.6018316378088006,0.05911691804385555
165.5580002084866,0.23989863490369495,0.6868024320655355,2.3774305756642855,0.297497496863389,0.19339838455710223,0.5454504943017902,0.015549365536916515,41.34868294924967,68.9817070932085,0.7078781739928758,0.08065802066221295
154.04641670225485,0.2575950124397095,0.7500894509023808,1.6430826158127585,0.42929116165769354,0.18287926031661345,0.5288084349431084,0.007441552494090918,29.518677447093694,63.69326158405705,0.6368160850439959,0.06981857246728396
152.20789867579248,0.24186789761818847,0.6590940449232218,2.086914170414738,0.3765556168712414,0.2030787663416514,0.4973858876671061,0.00527172791652679,43.98471255616217,62.546061279703125,0.6263238596449269,0.052522717765441485
153.10952244210222,0.268825308297169,0.6495087632565564,2.399113199426119,0.31054536296152724,0.11718049448489766,0.5007282003390989,0.009406866472017791,36.04582830348308,69.77395524185886,0.7115685330530226,0.06898083374517228
160.42778340593895,0.20883407645433422,0.5959675286220473,1.9216616190433777,0.4882759640719646,0.2037685924544496,0.5135377245798252,0.015675925960096586,30.625148661164573,71.84248641995272,0.7768034582879122,0.06549054192555559
187.20059745145196,0.2206734771648894,0.7665931669975871,1.5597682567972821,0.31960465838410757,0.2369436731805668,0.45070820541213635,0.014479742802306201,48.12705842754516,68.4105410795587,0.6990402161361878,0.03170144995374358
167.8876060902359,0.23865844527002386,0.7113242546661195,1.9498106031394544,0.4063047192680167,0.16730261310423628,0.48147546328746155,0.005233669784211306,38.11045535638235,72.95585221343848,0.7430596633641828,0.05193404119245315
151.4377391883339,0.23296999893258594,0.644529535157493,1.8622053041973552,0.4860055975178345,0.10376675933797805,0.4843679487616457,0.01575764364511184,32.90121903845053,59.54975351398219,0.7466541297437699,0.06791218218086215
194.437659697676,0.23661871663411307,0.7618607628834249,2.4230532149568544,0.4099729769421403,0.16791834110623524,0.502558211961716,0.01726437743047159,45.04661232382651,68.6333274785563,0.7708567435868287,0.06709422951144006
182.25861188930108,0.26167379086383286,0.7728588497404469,2.2409807887033923,0.4450410144867735,0.17299282339514446,0.5278595075030614,0.010741610280891597,47.67853841514771,67.49664060704976,0.6110550083239371,0.07291769079301957
184.06016877291287,0.24083108816660748,0.6414378934572933,1.8436904474620786,0.3244108194991687,0.2311933932362271,0.5091799919709907,0.010871566494029252,50.308965540422626,60.30531765231197,0.6864457082448036,0.056277563493949856
181.05720982500048,0.2048959106837474,0.7810428037533409,1.5605300030841476,0.4302385413506521,0.13137323408708362,0.48790854283716784,0.013751152606559836,42.515623003458856,70.46842739876755,0.7072193864696215,0.06447112757223294
164.92302961318356,0.27777281431284523,0.73886408388275,1.6951025765063417,0.29695504137412265,0.10770733597131912,0.45984161031563836,0.017757152912807574,25.484352097404873,64.46328149856653,0.6053166194416181,0.05897962769768128
165.16841794703188,0.2555448110941661,0.7286002653363176,1.5629184801898632,0.4239498945822583,0.14720826796468472,0.4766138234269187,0.00760471411195689,44.58253853662927,59.279167851185214,0.752815858993317,0.0544834887482466
190.64025741703267,0.2900305403869172,0.6994580307032937,1.7041457422416006,0.2644951471050365,0.1562155186236264,0.4811714218223816,0.008668568288889436,48.24766176254269,69.5520507339529,0.7720348291155642,0.05545628069421582
165.80570809303995,0.26203127063041004,0.5780981868721249,1.5226471248575724,0.3665011859418911,0.13489886010470667,0.5324370146639779,0.009992748580576043,44.22370204865661,67.05473717477855,0.7697164655175749,0.07933961088247088
195.52010625329268,0.2609603395140518,0.6456644489156956,1.619241368996932,0.27900628304175856,0.13932122251380125,0.5394633362948681,0.014284071251428328,53.93528968752091,73.61069962369072,0.6138908276447265,0.08429166748237549
151.2117558825973,0.2557033492507299,0.5554309372757947,2.4570240676831063,0.2700572806944633,0.13264573423789044,0.5282525430933471,0.012818150832678517,43.39762863470257,67.98919727349158,0.667180761970199,0.07968576983012099
168.9339397964892,0.2830045975482804,0.6649331947658579,1.5330229573135714,0.4283285427547565,0.2290890535407081,0.5401975888496494,0.007361403929327464,46.70721465085065,71.88488077140026,0.639572500968695,0.06770554187960443
187.8776855699522,0.2727810043336294,0.5665194110223588,1.9009538317012162,0.43489687847823244,0.10863788104797126,0.5003745407969125,0.018826966270157966,32.84340747399743,63.97678978941712,0.774793664776229,0.07508157277834471
188.3850699140684,0.22142175329590463,0.7520749739368056,2.4099287729955625,0.2505933467893021,0.21389854547163745,0.5244611738963066,0.008038328536887839,44.774181347613364,71.87283013150001,0.7008059036944557,0.06378414967957724
151.1025459536525,0.24630492018546432,0.7531241555987654,2.127830312799332,0.49226153910643655,0.20217904965709213,0.5404479731354599,0.006573030919842887,28.22678306639328,65.43645541480767,0.7538305639722451,0.07128391639207621
164.8218330057542,0.2773371868408568,0.6439751192582719,2.29328190031236,0.27888747934111807,0.2219195617049836,0.4894155755822385,0.012828671172356833,49.9718585254448,66.54854774035124,0.6632665100655296,0.05051232220603197
170.8875032571415,0.22668294748796572,0.6823056523228388,1.7978484115519715,0.4192284543897547,0.15042996635861805,0.5257555654071487,0.008193374612294855,43.9755566174237,71.67841386304005,0.6173254243594033,0.07355170976416048
163.0802407925668,0.22159465047224416,0.5862314537425726,2.286644217127317,0.29596170704620667,0.10284683110031197,0.46020550691136947,0.01712670369108434,42.30437084870445,73.11222555910896,0.6617286085337087,0.059507020014734735
165.88595672220674,0.28606711903715126,0.650710393477066,1.847866992962024,0.4677160358958196,0.18860262948066128,0.542171471467671,0.005782121239294802,28.942925611094196,59.56198936552508,0.6774064825290634,0.07339690390790565
162.94550999578308,0.2147891382193544,0.6076875249595735,2.0443344156233274,0.3056968215180816,0.12702962636052545,0.533560437735061,0.005830910106315158,34.42759273209678,61.965272792959794,0.7357833483480433,0.07817550736990597
172.01291071322666,0.20812446094148618,0.6478832142705171,2.144212544017725,0.3561174343365249,0.10799747268217567,0.5235238357189734,0.0055086466639240545,51.00283707603024,65.73457538332035,0.7776964815659564,0.07653372608410791
180.1534194160372,0.21547331419796814,0.6748158782387943,1.9010719070649222,0.27446501492276,0.20843635748639247,0.5052061439061931,0.011798612960386893,47.75289543874112,59.671552376439806,0.7550113797591109,0.058869235072506854
154.14859742801576,0.23609391927096537,0.7779152573783193,1.5570284239809515,0.37017055377726266,0.1281740851344433,0.4920869438868508,0.018759879712606942,36.33172095000079,68.21264184002527,0.716013934571755,0.06920873550507167
154.39244110487203,0.2843443043630664,0.7346511959652715,1.6331598939069885,0.4329814124377468,0.11832011745879842,0.5044062072782723,0.018265979351787358,44.8337277861346,59.85675219721063,0.6615030589305352,0.07513448285726554
159.1974100196313,0.2762469960740522,0.7898195633539977,1.5277975380488955,0.44037557499230756,0.1906030108135455,0.49543834588725144,0.019469144474728046,30.09447528870299,62.546313143761026,0.7853488894182705,0.061981563617791835
194.56248262081857,0.20166716427089054,0.7900959072994298,1.6009143633741512,0.3310635567310165,0.233639352233383,0.5247938709745841,0.013405459047679197,52.272317187051016,67.79964254758615,0.7236580182960356,0.06432508147236149
156.16344076418528,0.27213925332314404,0.7724801793663816,1.790298426587409,0.3665138854306065,0.1270994685891564,0.4851194669056504,0.01709887978944522,54.15083720398168,61.16136736842879,0.6288806312861995,0.06573382014221352
165.92007997328463,0.2412074644148051,0.758724206695449,2.1312609698263003,0.45023066208195484,0.14315683013354702,0.4548825808180645,0.011021544532713923,32.352667206365545,66.31008595406217,0.7396523254944664,0.04847685598224416
156.9949414842318,0.2878993014328414,0.7766760034229435,1.9465730069635894,0.38258096276160225,0.23269388034752225,0.5357396960414623,0.019631670221045776,54.828426979153036,72.10466182466963,0.7299040301121716,0.07343788908701754
191.8448585637913,0.22830032653608293,0.693047127912473,2.1178562392300724,0.48062972228538103,0.19713967338386426,0.49448215022584724,0.018485852216866144,42.33788884523474,73.71458484581748,0.7098643333036243,0.06000860301674038
154.23714799067108,0.263243512383111,0.7157565548836121,1.9550805609791317,0.42554153346377366,0.22268769271360805,0.45996236278008185,0.012463195530140227,35.9901528417908,64.64703691176061,0.6170074193842101,0.037475356610684685
161.45155198487265,0.22399679348399293,0.6820960573511186,2.258754519840891,0.29854381320021633,0.15209147868700784,0.5160947217619234,0.013128828561953356,26.994005038671535,66.89060755190916,0.7060707750474807,0.07244444237267089
185.90808568395178,0.2524798233217827,0.757106539498204,2.229572655651093,0.3880145204076092,0.1708478338551375,0.5341245028403356,0.01968514134875445,34.648293720522446,63.97027127793537,0.7886239116490995,0.0814045788661133
157.29475439735847,0.2306776142351385,0.7502615367546732,1.9207909984537617,0.3282268630097547,0.13711690616781455,0.48504190959999527,0.012279525021042409,37.20680201833444,72.1971726686047,0.6369372150144442,0.06175418283282852
188.6870810705758,0.22698128189836772,0.7851571586468422,2.1819890993065796,0.3107089729980327,0.19502710992226782,0.4670007338696945,0.012106745839441073,37.50830969890057,66.24162237924,0.7345854728440697,0.04529117609445166
189.54136082989308,0.2785450836309901,0.7241025878039937,1.7136090177716745,0.481748648586964,0.21176103911867653,0.49898649717778315,0.007239569061032461,36.268947649783144,70.75305228141704,0.6075914499192232,0.05294239812019441
188.5069080807369,0.2424873820128095,0.5631223056135042,2.290653316214518,0.3665846985188247,0.20419482279680648,0.49405115628042096,0.0070455913560791865,28.620222940415694,59.64182326945987,0.7646289462488206,0.05203999270042914
189.87117513254967,0.28111103428791606,0.7554847474395182,1.621485606393949,0.33776810347757413,0.2226387974369263,0.5176925744155304,0.009746589101400941,54.73863913406622,64.02792550032342,0.6428981033052246,0.06063195794240528
171.76719149500767,0.2439681906201206,0.6899081988140914,2.0369426360758647,0.38861354053683256,0.14083179262816475,0.50834050400723,0.018837741874331213,52.03387035979964,62.94082732171593,0.7647227556011855,0.07409039673484585
153.33341867308013,0.22901756077495203,0.5920476571524356,2.2284974968385853,0.45981776361404336,0.20449008891999004,0.5255189723152225,0.013877362724378813,26.74806172095039,61.80915151303143,0.7286903246499885,0.06940718480336727
183.01952005892318,0.2182979086282752,0.5947614220293076,1.5777275911298654,0.25484785186506526,0.23534204187951083,0.47988606658839855,0.019736311588395356,25.621147815034735,64.72408674927608,0.7803893230146786,0.047935183150457306
151.11317759712904,0.27720531623322275,0.7248508040140724,2.4884532966825907,0.34924189058345984,0.201855867011901,0.5090570316514176,0.00526300755266241,44.60364034848484,66.34423773483272,0.7118582667371242,0.05749490012431124
196.39836013562083,0.2622542690383192,0.7613730255312932,2.4811043676611444,0.4061758327428334,0.1930427584133559,0.532231550566645,0.008431689448608455,51.90474020156651,68.12187857708993,0.7791014356880623,0.07041382935358342
151.93947756276327,0.21458847287729038,0.6650886379558897,1.5142637605276623,0.4008164216440363,0.1661496746812101,0.4551945700605697,0.01613979517499759,53.772135352442056,64.99812366172408,0.6290031799789021,0.047424995312667306
195.1944502870731,0.26503807165409055,0.616863664660824,1.6608831286165415,0.349966779578726,0.18005591105724944,0.47860201663785495,0.0144307794051195,28.044761171303414,70.63936326663013,0.6430479722665692,0.05382937617059724
155.3274782616383,0.22965094917383497,0.78401227269424,1.5481705459931405,0.46114366976698606,0.20884413722729003,0.5025523438196827,0.010257379967566588,41.532974720527456,63.68364399015079,0.7086184972192214,0.05675142889458584
186.75171045980457,0.2746683338133191,0.7452395822807105,1.5368432131335639,0.26076139173670637,0.10257819235379392,0.4959073320975568,0.010189491040060308,31.280277718464774,71.16368117252046,0.7889857607998714,0.06951322473241817
192.23241028820803,0.2942120218024973,0.7821635886728635,1.7024459219732018,0.40330068588338097,0.20378241524766053,0.47606305798821213,0.012618615809115614,25.641664056318113,60.725121375945804,0.6138018848819804,0.04784326044273257
168.65564170742212,0.2442873156706561,0.7394141635369545,2.062955550657106,0.2634206846642928,0.11099910113443974,0.45740371486004683,0.01991422033540551,35.22284780567711,66.77227512156072,0.7229908728976994,0.05858622998175633
162.62420441880627,0.21594924831272422,0.7140920085901711,2.446085080840617,0.27433363926180604,0.1282933416008538,0.5408420177919651,0.010404265028084222,45.470250100577985,65.28393134199398,0.769704440416467,0.08376064256162863
173.51472155781187,0.2219457083747505,0.6860588619069418,1.8890248102393978,0.25069879421051566,0.12157064376458401,0.49464255791880934,0.019827506065364518,25.950284566239045,72.19577640483195,0.760439834568317,0.07166921025282136
163.2456778254941,0.20474093046149971,0.7642852008508838,1.5416500993192792,0.4339396525218886,0.16527907468306557,0.4572185889145176,0.017301262526751158,54.82830544303133,71.79258987666273,0.6151724013013545,0.04896806539682075
179.94647724785202,0.2992104253420383,0.7743769022056243,2.031982102118792,0.3821043186519545,0.11897378638384552,0.46354757932805546,0.01423125345351898,46.99457661333757,60.716597259845315,0.7265537964818222,0.05707960330300921
199.83625029677185,0.23843658702265666,0.6973196028897255,1.9641011998583195,0.4865852699640723,0.20839609984438112,0.46095819336514476,0.01411755897495027,32.59569677584229,73.4144522429363,0.6684414429172735,0.04146043083028417
197.86570261297274,0.23078167339013447,0.5755641159148135,1.6468378558852717,0.49067188228884817,0.10791692229241895,0.4776505634137306,0.009991478090633067,36.2114027779829,70.43144582710758,0.6588016103684746,0.06184969695686959
171.79565051406763,0.20186709289129806,0.5792567991987558,1.5941384097703604,0.3224247400302159,0.24130967801176986,0.4542070094017631,0.012195193659646166,43.381290678471956,62.846177505099256,0.6342924473218032,0.031113392560200737
182.85813488812246,0.28875569095341624,0.7253438407640836,2.198112152358144,0.2871944355316806,0.17724571901076025,0.5058951956257509,0.005250635207818477,36.31400218036765,72.87471169193105,0.7362095835778996,0.06003824865683782
179.1536414601288,0.24087010685768384,0.6403806759147386,2.033699815628922,0.26069370787723223,0.2247638982451594,0.4546514824194976,0.007502805222519022,29.849854801074013,65.9228344408255,0.7567272536207629,0.03202747578734488
182.19024412798723,0.20890969509312046,0.5532741839729648,2.377469994219487,0.43909423609489123,0.14715028826119758,0.5071607295412097,0.007353273275162941,35.6138233950919,64.87207319308561,0.6557658931938188,0.06618535908137346
166.05776934187068,0.2995583728019331,0.6312845280066056,2.0655757163939557,0.29443372160266384,0.1440640566982547,0.47492464897270437,0.012510007386455992,33.641972932923835,65.50163133669366,0.7852979274082219,0.05690655935859468
159.8730771328192,0.2672563448071254,0.7674315526216282,2.012797424046377,0.311460938043175,0.10604982133683985,0.5378386108882711,0.015018920227357777,47.00970246995798,62.34701238661908,0.689828649646823,0.08806146641518353
179.17730432523868,0.2324371965306005,0.5790155006603414,1.9798158421821586,0.3735842343042907,0.16504432336795793,0.48105457158538306,0.01931457937841904,39.93127216868637,60.94048178060412,0.7317410226546726,0.05977361397935965
184.8168991016523,0.20563994376040579,0.636053997562218,2.393885740371062,0.29653549916137256,0.15462262005470817,0.5174833852672375,0.006645364144034631,51.384547603044425,65.76803435200769,0.7276770873626965,0.06875895169150681
191.27506713844116,0.24851609746284228,0.7135756615822435,1.6441286978990806,0.3673091992365388,0.22577812593684865,0.45782511474155263,0.0132917892389774,38.50402403631857,62.18844676227411,0.7733625890842317,0.036408205054158316
171.25959877359847,0.2554814573090733,0.7216806370245974,1.671549044138714,0.3084247994050676,0.17118772130308163,0.4831771993504239,0.017429779500246302,39.14621103683869,65.92918537271241,0.6579888906306409,0.05871270037323484
185.46614811675536,0.209566227628238,0.7822494117685796,1.7857461831937163,0.2936466936172755,0.18085823436410026,0.5283927247991068,0.008103744003707777,25.234044772431986,71.14849403861795,0.6265248839187053,0.07036149198893327
168.78902654151412,0.2443895299683848,0.6573215627163917,1.9922005378888343,0.25616391041664727,0.1687007551505613,0.48547164666293985,0.0076700868072394155,52.85391306874467,69.12064172808039,0.774515720529973,0.05466204353388093
195.37867909074245,0.20972417334095134,0.7115672150010139,1.8727064854038735,0.33600547417986665,0.11652120590784118,0.46525805950655874,0.011165545583408244,28.309698456205588,69.56988951525484,0.7094307329898215,0.056568793786482274
193.83205887351954,0.29078556943610157,0.5618479493399805,1.5711960776644427,0.4053756106498387,0.16968705465399142,0.4757750117424055,0.018518393371545285,51.38415242698797,66.33413177342676,0.7482953653760591,0.056474635578069865
183.04039704607482,0.26471209466186457,0.6211718993689238,1.5357955452993808,0.3539478794275777,0.11166695313624125,0.5328573625489443,0.007297631240846743,38.52775070235218,61.510318886347044,0.6368098999403998,0.08072211613080071
165.15448335046156,0.28263754447953005,0.7882107888325549,1.9435145351432936,0.43660636948722287,0.12036187180949653,0.5310081426209278,0.011974281996088928,40.63863614063762,68.52010174606966,0.707970308438523,0.08179798705668873
197.82181665220756,0.20235307614467318,0.7904844624085205,2.31296682716503,0.25414366638460356,0.21321461470566294,0.5044346749385459,0.015137900180566006,51.75992032902619,63.31388837308187,0.7675119122253945,0.05978504261429407
182.69288278655918,0.2968480080787406,0.7870266215611009,2.471781387750001,0.3837033394858622,0.10925605615620074,0.526918660203482,0.008455994662442215,52.97403334262837,65.06357823663353,0.6926825872386406,0.07944310290668
159.4457763390141,0.25610919555651224,0.7730657506477309,2.494001287398188,0.45782682919158657,0.22631147874241214,0.5292504164343178,0.006293734175912261,54.257716182157026,66.51923299050496,0.6908102025669149,0.06271325813077055
165.5486178736992,0.2288379666700797,0.683430530074796,1.6743207579250075,0.3726719284473386,0.12704628840115748,0.4533222654620086,0.008504281378150961,34.27527524033675,71.92994492397895,0.6757255185188945,0.04915881956958401
188.26793310607968,0.26320089141350567,0.5983230180700722,2.4513487229407596,0.496630164170635,0.19803296204888568,0.5137660411388255,0.018908029768653554,30.330910654344443,68.69066448374751,0.707441208352078,0.06838963443306056
168.0072377034197,0.2595782222160661,0.7811768065119443,1.6485606797755348,0.4798309366154213,0.14913304859382964,0.4775880855741894,0.0095830484953559,44.011745940888495,65.06473055708747,0.6482732390596974,0.0556326955388613
163.92965071095847,0.26632025340032006,0.7128440269391157,2.1778222916891727,0.276620691912132,0.2453145636530685,0.45133177541685887,0.005324077910222506,53.0643086461471,60.29261193087625,0.6312836372310336,0.025068106446724414
178.36120160659434,0.27040209801018816,0.7275603039260505,2.25961472035869,0.49269463392070584,0.10695945436366296,0.5296034809809499,0.010925797254731784,41.171346266026724,71.63308222975147,0.6780950000014346,0.08224222952821947
181.39623058445812,0.29210369082642296,0.797494175550765,2.068993874870073,0.38023789170688715,0.1762890022355592,0.5229476219904033,0.011310631842570557,42.08188784465148,64.58482692574178,0.7161854691955757,0.07079169843973432
190.96423380164717,0.20529500319308663,0.7568073545288337,1.8474003100689163,0.4059713337983668,0.1817960496319718,0.4704819679237489,0.018942708834532362,37.193811008056144,71.50821486155593,0.6146565600174854,0.052580104081698664
175.74726021410945,0.2449222505827228,0.7263723492343578,1.5588568456861114,0.4710172382592446,0.12823571555175842,0.5434015688512533,0.008416198824511504,34.31494241272812,64.55577397936005,0.6588393200732114,0.08351759546667381
162.57984068927132,0.20177573898430856,0.7761299559455928,2.4401595703669696,0.3115127421012399,0.16184726451055617,0.48755941918950463,0.01634089447532246,28.442441036939538,63.47699245686627,0.6376393240150603,0.06132692515848248
177.28295395492873,0.20552826721414913,0.6367889837284838,2.176141210918118,0.31342908881589904,0.11502791725436892,0.4646803736753831,0.01186098735676646,49.687072653138195,72.92314666660221,0.6116739928571323,0.056913529789653694
164.7885789342139,0.2232264616307037,0.5911303512381128,1.7729890249931441,0.2550213325390537,0.20879367371496627,0.47059931462634774,0.005606670890526844,48.97560241040421,71.70186116738486,0.6160376628278721,0.0407122379433531
177.32505611936398,0.2219797823764147,0.7840894596206367,2.112776089772059,0.3297939613559062,0.1559441112219312,0.5147935273001126,0.008497198373018202,48.28921078595594,60.79970698326944,0.7840380383834749,0.0686347250707513
151.63332352353203,0.29092430946823,0.6080997206589857,1.6226280660574444,0.48888749788055885,0.21895299758682601,0.46125513208198893,0.017606263815036393,25.30981390598341,61.83161354331769,0.7678607740479346,0.041520871768170764
178.52426855533818,0.2034323580502462,0.7977262668182392,1.602514409033998,0.3144229562944065,0.13640480716917286,0.45120943771573857,0.007373492037184464,40.19976936329998,67.10661462488412,0.6336257831751124,0.04632012311458311
178.4995636680859,0.2070726381018583,0.5803345318736352,2.388838072649435,0.37190594878177907,0.1397239221318261,0.5113411876376659,0.01710232373866059,25.94906454682726,59.5426669427754,0.7092713301351757,0.0744778949015199
174.7578795404037,0.2665729744974242,0.6486111379280859,2.4053389188730936,0.3872984165783265,0.16140632694970336,0.5159013211777157,0.012320515136591777,53.53955097832832,68.23010443148075,0.6664405950996503,0.07060846425292766
152.08083058226532,0.2188619013840749,0.6307675717748333,1.7932503798468113,0.35356404359392835,0.10638314506217593,0.4808112457372786,0.01755597889651238,35.07026185305941,72.21249130652772,0.6776748918238021,0.06711030460564871
178.84359577531703,0.22421645028455597,0.7219234416216584,2.046925047197304,0.26227181627375223,0.130479929350988,0.4664399577257091,0.01193233002885054,49.34550622840949,71.79481608182125,0.6409095878299528,0.0553489421949962
160.32425445086608,0.24300647186152827,0.6782630790378681,1.9647910591464146,0.3757343567762258,0.15019757503707382,0.4941754118825015,0.012021699604218204,46.88002326876549,63.39559921086386,0.6476039623430887,0.06331885688769034
166.13681259058342,0.23937086602536634,0.7795084259104833,2.210322624749069,0.4628800120358141,0.10658707818183841,0.5140532004766564,0.008018878050747628,50.6320439278304,63.06250765645757,0.6067772977153442,0.07461987005854098
163.37563628307998,0.2966732471663855,0.719988369409456,1.988526694824685,0.4426626632003765,0.23560802502295813,0.5450241910153371,0.017221912470094764,34.24759090998309,63.56400786352812,0.7180809937257288,0.07563442454056712
152.55131674712197,0.2441543484712511,0.6787832389847025,2.2682659291948823,0.4782373627933948,0.20190059267325608,0.4809041972147335,0.008263912637929183,44.79749359338739,67.63128750737812,0.6424766401149842,0.04771801661945574
184.33493066271572,0.2449512026593125,0.6150680678691143,1.9372840377358185,0.3456332174993463,0.1510243379728943,0.4772021201433594,0.013098073090320132,43.910476564029665,67.80344412860039,0.769013708037067,0.05706487983434272
173.6119703100989,0.21387463259511916,0.5996721485015585,1.8142655340934308,0.2767649192330949,0.15699554987746045,0.4836649826906447,0.01637231485461267,46.73227697974542,60.21475349856213,0.6556180628363127,0.06048745223370133
152.92521941929687,0.29011336919283526,0.7912515927075707,1.7153280835556723,0.3109083128965242,0.1698858984512852,0.5138159302026046,0.007271459173690414,34.24415713886218,64.29662898960872,0.7375164436644764,0.06552023017184183
175.57476453195588,0.277065136023015,0.7572581102228375,1.8246684659724366,0.4441247694281324,0.14335357959645334,0.4936674580118962,0.008823244836967828,27.728880701277383,73.9330592030322,0.7159670548201948,0.062321501462520246
169.03540833216948,0.25374656077336,0.6386010858974269,2.2528845905996966,0.2659435583530143,0.20088490800355843,0.45564138075534166,0.00920968994559604,32.87193904260169,73.17074746458404,0.7891467507655566,0.037961197099775745
179.60533286299423,0.26666628153227867,0.7641204743688707,2.002864569354415,0.3185978787907151,0.11381397947064122,0.5349909280031471,0.006760954593217983,41.7085335555218,73.8812291684105,0.61914108638919,0.08094774843129926
192.806767557554,0.27409084502214714,0.608940682193882,1.9133570018775417,0.47549866087441195,0.20407144344774042,0.5464610204452995,0.015294561071435292,25.308704588960044,67.16684028607494,0.7076100926280816,0.0794742102748387
153.17214205359755,0.28605768092818534,0.6888787251299977,1.6149857241023915,0.3760154150518138,0.14401840020382137,0.5061973329322214,0.005371219516661289,34.612106485536756,60.87357214790421,0.6006500261441808,0.06508594656179412
189.39850426454333,0.22327144680815325,0.6919475831949476,2.391798955972423,0.49866784494461314,0.2014303250981832,0.5044648250198922,0.008251000665047026,49.81009266613993,66.87148388264872,0.6897475810080574,0.057521095962783875
194.2012274206039,0.2704708705781904,0.765409929391885,2.4827238167212333,0.47733317393570707,0.12488623164393237,0.502272850590906,0.01902251633069452,25.499945269269006,60.70835309120133,0.6814167043782188,0.07384514913110252
196.33647255395869,0.293413256623675,0.7503650839023122,1.6975168716377391,0.4997158602125017,0.18781467252013184,0.5151527532256508,0.018490533065148643,32.016553678362385,69.83899918205978,0.766742923641204,0.07022964283851252
182.98005544511307,0.2324535735145631,0.5523437341290501,1.9145110675734913,0.43616458505497546,0.15814863966078377,0.4960651718769368,0.015837293705109695,45.936775835587525,59.23785340538444,0.7585567696652333,0.06504475812243982
177.95868241151743,0.22753162943965682,0.6298810183024671,2.1353597221313896,0.3212950220012305,0.22083957871451704,0.4564723827526733,0.019709813517176836,34.67772532207928,70.34584799168398,0.619404394898735,0.04018444982602887
188.35931163643866,0.2097790514387664,0.6217010860828794,1.5587877049488204,0.4141012382373389,0.22525169275039855,0.45614772923744745,0.011333453679439068,48.57798648483563,68.04048786280967,0.7398606790882049,0.03470659682125188
150.96551479449658,0.23002349163631855,0.6591332511945733,1.8770052477839738,0.39327107912353015,0.17917179969123237,0.4621533496485093,0.011001858872165586,34.52221177558599,71.8317179529979,0.7402704922962805,0.04543337213863197
158.19329790813947,0.2980566246305569,0.6473236224571699,1.6795408422807871,0.2596005070643019,0.2268778937679789,0.5406645118771964,0.005223086281736174,37.3144783265567,71.7438590456386,0.6201198235549454,0.06675670907361564
184.4426976533371,0.2516878840119957,0.7252445710519255,1.5829211652458008,0.41829934274326686,0.16053635918488587,0.47326857178775156,0.014633116472446264,48.998054956718434,64.51776687011888,0.669225321967541,0.05484781020686569
177.66037168200097,0.26134207899702894,0.5781196642695019,2.030711155324161,0.33140856834894283,0.11223664528633297,0.4948398753416457,0.015805569740461274,37.415407491184844,63.123464470818625,0.6299770949161111,0.07085151527780909
155.13786874728996,0.2724827611738402,0.6670242942534841,2.45767423648371,0.2819415045749487,0.20571015396706707,0.4630712999034044,0.006746861686103461,29.585381547265143,73.5289269867696,0.7999127331958636,0.038804912438081374
170.80373271300178,0.23784380542455252,0.7439541913174901,1.500684471490739,0.45005643613456076,0.18004643425925257,0.5050700844911472,0.017524516869510613,35.627875845791266,60.82227823581376,0.7090291933469082,0.06652806203919681
183.58261005612852,0.20656147347399206,0.7055631685716041,1.7496999367937947,0.32450890373887,0.14864798396065057,0.5330702590837153,0.013853806828959116,37.83390062224623,59.894207042957945,0.7527733538098746,0.08023399790408803
192.05738461668707,0.22755246528083783,0.6199294039254075,2.1569194568899897,0.34255591279770636,0.22605330601028145,0.501309489009375,0.013248995226823313,46.03240326537262,71.73898695628336,0.7301820495191366,0.05519534388577085
188.1846703952188,0.22877875043158788,0.7216108508619954,1.9774019267317973,0.4481863922738619,0.13455376243743417,0.5454549261211337,0.015300119691165966,29.7142739747414,61.65137298567796,0.7653095534839623,0.08797420854398297
158.29961965580588,0.22750110140525678,0.6631083047376687,2.340277738512458,0.3897074142937717,0.18297528599380483,0.5198463486481689,0.007114640532228825,54.41722048009987,59.21772230724343,0.6719667638140715,0.06594437288231347
164.63414917644252,0.2832078560738105,0.6274031523991613,2.3320156093557967,0.3227446150195097,0.23292195865597945,0.5133291556830369,0.01040806031067139,29.314504734701348,69.87056415957692,0.6633154486714808,0.05749463134316102
178.09148291951465,0.22746843053911056,0.594372297991698,2.195086712076597,0.4456088259894113,0.1174166534895612,0.5248242727907542,0.007193957686636985,32.309200441584345,73.97317408540022,0.7304774506630101,0.07686447309743016
178.7853320839399,0.24416796558944098,0.7461749644293637,2.0108008165868516,0.35515304742864573,0.13363111784285758,0.49736605237860426,0.01705848886096088,39.10148598206458,68.98670407816199,0.747914022662745,0.06966174432500338
180.8104398166808,0.24791695976732198,0.6157072341417607,2.34605654628635,0.46507787450509996,0.10655813713312891,0.5273582733153881,0.012567680540059136,50.266038678911386,64.91351941267577,0.6267203007218386,0.08239454899785414
166.8201908648142,0.20649174097190065,0.7211375164875202,2.0596755294258173,0.285134413928454,0.19728081664626715,0.5028723454090979,0.010209949775835555,49.96774555222791,73.40897095700599,0.6009924640606338,0.05870410639226975
193.68371337900453,0.27254102684788284,0.7792041630457833,1.9570053210263445,0.3715668423691596,0.16450348877053772,0.5335435693873514,0.006676777645905035,48.78323099698385,71.29402999418095,0.6473925278720286,0.07380431626779682
154.47300511801956,0.26671786698852457,0.7500754756881085,1.971549072717369,0.43078439645114075,0.18151406735075143,0.5196486923481128,0.010429884114173381,54.30217929668879,64.81703898842844,0.7287065515283377,0.06814306925161873
184.26737717050008,0.2659097475864776,0.7708916714594759,2.1951300384257357,0.3462400279338794,0.1911169404057726,0.5412512114902285,0.015480953421865187,36.02792259331647,64.76678584235954,0.6742978782012996,0.07910174432845452
174.71416511185615,0.2350957566278549,0.7645248964675396,1.7108239614674714,0.49041777286989974,0.11161807030048451,0.5056830738530834,0.008103212283800832,49.92358969965077,71.80800654029761,0.7593210903041954,0.07085999428136347
186.25134961405274,0.25842101233772025,0.6787311397651234,2.233733681756019,0.44613217120276244,0.22378622653211702,0.5445262097039401,0.008711158916938872,49.55503168407526,69.94180791706074,0.798893186591744,0.07131730295759553
169.5283454731814,0.2155286660314398,0.620509586448212,1.729938978057283,0.3317582815524792,0.13797213264630476,0.46416724084953,0.012585474408556946,49.61391366079606,71.811276413266,0.6616869499063881,0.053671898152515496
166.54873865819414,0.24275951068944504,0.5644811767068089,2.106762259092609,0.39193577840699023,0.1364582246251433,0.491316637037587,0.005448933178781171,40.70273272081276,61.05846437991229,0.6867240685850945,0.06051896312192184
158.02100902234616,0.24233294970908556,0.5816572977743295,1.8272710083359973,0.4971670773790938,0.20570827388485108,0.5065410336286775,0.009808503895846147,26.834630268428477,73.89305946735335,0.6697149670694166,0.058654970731822687
150.34072150313273,0.22368461431854186,0.571147363583663,2.3616753590770556,0.47940831974917764,0.1590393328573986,0.4794179061214519,0.006885700961593913,38.376142571897454,67.55242474541555,0.7931905962110759,0.05335359569153297
154.5548390046327,0.29958036087561285,0.7693462978616352,2.096459971869658,0.2512880130877146,0.23815771562278656,0.45914146270519185,0.016751891963850574,54.97692074175974,73.43883081306497,0.7565797682596649,0.03647079715074142
150.78655592855952,0.21431148661197613,0.556216089969062,1.9423685552921435,0.27151778196744975,0.15433741267765624,0.48504721753620295,0.01755850240650549,42.90738455707796,63.84498351902712,0.6588155340000199,0.062068058290151384
177.30662951178766,0.21463644650327393,0.6794037644063627,2.190632222559426,0.3828628458760599,0.10889942785709825,0.4571532607638949,0.006138503654606732,45.58955398458012,72.75739931761457,0.7440289869362842,0.05216462970884095
165.38077089322422,0.2674391654594854,0.6616535368206726,1.8114929772597677,0.253506390503796,0.17764016045909078,0.517549724594119,0.01606499544965373,29.043271642715155,73.97859694761804,0.7059420312306411,0.0712509861145918
174.76832247319646,0.21696437428636042,0.7561323130995934,2.245003282807392,0.3649361017467937,0.13539267559867227,0.5299572247783721,0.005309063613014048,52.60344510960766,59.31695426589728,0.7856820587062738,0.07538364111269402
161.72404636024896,0.24890614170502065,0.5767725127560069,1.7777215746394925,0.4849963999306936,0.19444454170644446,0.5016222244702462,0.00896899640186625,47.34014060940324,62.107510948442766,0.6203651809710952,0.05789101652908357
196.7549895283639,0.2550978655051802,0.6189844383857483,1.7675272102705397,0.38671713710608113,0.14866618790775835,0.45956855418384707,0.018152334611214824,54.55769020245041,67.30372904336917,0.6339880846407444,0.05298087667370055
191.34990880314814,0.2322592689316284,0.758452104176924,1.855040141845277,0.2833878431303184,0.2221682516275975,0.5283704935046376,0.011476827233451368,46.4786738240012,69.527219254377,0.7362168839458694,0.06642596328629224
154.8537953053095,0.2720189571279475,0.5879184628079347,2.325572357228232,0.357627980673499,0.20223924105626565,0.5047985853078588,0.009546150037624953,40.09201515705531,73.25485511609091,0.7116211489340379,0.05831947030810625
161.76670211680275,0.23006116492097575,0.7647090041606932,2.412588924264268,0.47710534182432385,0.17414032702492907,0.4889197229493882,0.007333851898876105,50.47227744431756,60.58081928638704,0.7265844462687869,0.054987953631552955
172.5206188176687,0.2228436982992622,0.6816562989768316,1.6544356060308396,0.32157935642590657,0.17435476990830148,0.49918890481471195,0.011879072106738126,35.35716236616554,61.34058567807408,0.721160860401791,0.061696917446624866
166.56459954338098,0.2007416403447917,0.5708414645621986,2.08266618785094,0.32347290955804875,0.1957410079277,0.5465248710021305,0.01657569845942615,36.939816570118424,70.61231529955491,0.7660481730732102,0.08149080779685391
175.36050211493614,0.28514194929792575,0.6178631672379504,1.8658351612729551,0.41997273414349845,0.13013388085516872,0.4654699651890684,0.017596664633236413,27.601785234151603,64.27081589453594,0.7176901109441159,0.05784400368565912
184.8344919672507,0.27500683257532044,0.7560147363033947,2.1029581305531595,0.3730631770166747,0.2156396679709084,0.5047262334085735,0.015892980891059588,48.43001791430211,66.17692738476171,0.6308315318474791,0.05997405235984843
198.72625553651193,0.2195846817027694,0.6799063414698157,2.2885520638553847,0.43392414652486283,0.22056481486823037,0.5116243690458718,0.018221874905186522,28.985375572588215,65.19212039426132,0.6164227602791772,0.0636059250496146
179.70222331605217,0.23995313312919736,0.6747454380785813,1.8569708423944586,0.29674570853149373,0.22539050259513593,0.48821544777469794,0.007781671397563161,28.381388237917097,68.13034918882941,0.7841455255422662,0.046387977452923224
152.56498544049785,0.2920116895586923,0.7387134391560594,1.9556948515708155,0.2552372935556477,0.17593610115482833,0.5058638070498027,0.005832491741536327,43.6586828535646,72.43379958260553,0.6081885221057832,0.06057681866650455
168.86230421357328,0.2964526033492069,0.7635997548035875,2.258714760348368,0.2684395662281227,0.17048357542747053,0.5278909777798186,0.009691861208125072,42.186015378718906,71.79995270023792,0.7019134448684903,0.07261784947104388
167.36041297845938,0.284679011035015,0.7651040512523327,1.5965526515318857,0.49835935345926863,0.18865112818859253,0.46105606018669576,0.013326600068372637,50.98603686972813,59.97273867900742,0.708047983308887,0.044583410810901114
183.21432872078177,0.23947152849641304,0.7231309887733831,2.2784888872314646,0.40037591619893487,0.10471214400161998,0.48239620365199437,0.0077638058711377135,27.328035336066787,71.55634384013257,0.7632291893954956,0.06289444614276363
157.25451858665969,0.22928761386876265,0.7084303380641412,1.5760651266471624,0.2745184605915032,0.24968453095814294,0.536624764515863,0.017323629443804372,45.47130736307027,62.78109884815193,0.6017409786329982,0.0697149938646362
152.0848707626674,0.2767183723584182,0.7929573789883795,1.8403470891137623,0.3870926401126894,0.19505989733996462,0.4745346767394507,0.016055020055903473,45.35076391680916,68.46562643222067,0.7944242718295753,0.050564245409532305
179.62178028593942,0.2852660988744104,0.7716268703993117,1.5079624396497988,0.4930206769658676,0.1061611401929636,0.5310887130582531,0.007505882446960511,44.87804747094954,71.23425469161627,0.6576509901363206,0.08084081529113973
168.34758418408174,0.2969516904725994,0.7094600711195641,1.8110348870785922,0.36246071206350317,0.16575838873194407,0.5388771472245241,0.016357757534256206,35.69584343936091,67.38114738494528,0.7556008873005468,0.08201311084258123
182.52783221609312,0.2468709030579213,0.6527768241658896,2.3699456017535865,0.35922253151013395,0.1680700786268028,0.5322150744180142,0.017046229877900207,26.17074469116301,60.424739688921505,0.6798893630939434,0.0793250424726466
189.33635548379587,0.2450841651489172,0.6047748747098262,1.9843977644437598,0.409245729984004,0.23833153373221225,0.49974666008586793,0.017856084889496943,54.93197783792393,61.5706052008797,0.792118481841273,0.055202652785283135
170.28623118340457,0.20210084801815756,0.5942496938149046,1.9006531865558651,0.36693842544061506,0.24955185228241905,0.47796170867249343,0.011697088410983584,45.33257104706032,65.239698782507,0.7923761641568163,0.03977663987325286
193.63682286341927,0.27991739136195914,0.6759778549050314,1.9881296744251407,0.38231851224135394,0.1377470928354646,0.5312144159582375,0.012429647391463699,41.65021154564991,73.60797498542978,0.6059068484435491,0.0799925781152524
197.53315374845153,0.258041693666438,0.7241364546989142,1.699065159860777,0.25053323181024034,0.19557514415942212,0.49211289696743793,0.005310718094200708,35.75772624221825,59.377837362043664,0.692573051389323,0.05163777312691309
178.77650205566277,0.27913428660724116,0.7991825237217675,1.9627194202704636,0.3677569615098094,0.16480795115079783,0.5134008206594348,0.008578584726257853,31.671335005099266,67.41279895490291,0.7013298055622994,0.06687809097502395
181.90869622717634,0.24311488609889598,0.6718156347753396,1.7400519004105555,0.3563613258245536,0.1162513925357126,0.5057040390885484,0.015485213160281704,29.38697719334617,68.07642187739944,0.7417037480009115,0.07439015166119134
177.1180100432056,0.22070985103511537,0.6070534103406072,2.3810400717373637,0.3287336219882151,0.14339346420781438,0.47664050746395104,0.005417844339683888,42.36998610428196,67.63281861579279,0.6476232870792228,0.05389081828207054
153.5806493981201,0.2919229012765332,0.6411955519800319,1.9881937901861915,0.25806584454171294,0.2069085011991293,0.5470909651073506,0.01575953303640393,30.932392941632358,66.7607733432377,0.6115863894275548,0.07967189545570363
193.92308433743526,0.28733684662772846,0.5635799196657383,1.9025578320267291,0.43427768733504846,0.13987216175125858,0.4793431194302658,0.013868002566666872,38.93466830698482,63.35719308911779,0.7175885088836694,0.059967971710193524
177.95441775764306,0.2408818901815009,0.7553984842281424,1.7131060649808154,0.29005950659431606,0.12871939901606957,0.4605301245932708,0.015968547008071928,29.635402888363974,61.09143817807954,0.7044758294058773,0.05532978274322886
162.61666334887536,0.26822764006216626,0.5819496407227575,1.8911338355615213,0.3036817532902598,0.16548009348405732,0.4528310554910534,0.01599226859791942,45.554651057680125,64.9543224848234,0.6364802418700062,0.04650409512260012
176.0930272012842,0.2349127497045768,0.7034552821723047,1.6037843949601662,0.38727844724474936,0.1291749716691395,0.46809412134458595,0.018323553280551907,49.51320166288537,61.066741945594394,0.7797634503497276,0.05937074145867882
196.69911458331705,0.24567223811053598,0.632104747166847,2.309343058851661,0.27711712256441556,0.15223550906935746,0.46846422084555467,0.01959534347449481,40.01216538185517,69.14094220772637,0.6194381447805072,0.056724809018760425
175.58833970717092,0.2822042235068889,0.5624524827342334,2.2643939839191574,0.43466945495816267,0.10409006697034733,0.540717756089391,0.007603809904953486,30.1834598713059,72.85811175389796,0.7410674384807368,0.08484301892758594
178.473761678229,0.2200489747997317,0.7675926979129568,2.0372638064710347,0.29130114721798306,0.16417418001665549,0.5053620604370339,0.011550155286763817,35.07056476717015,67.17954452830318,0.7559890100535505,0.06550282118632822
187.83439940183038,0.2523134134558796,0.5988195112704358,1.685847351733728,0.46289905805824944,0.19121605970290165,0.5037709422287275,0.01543895691371781,34.85471192841704,64.91137329088903,0.6062843680478499,0.06310898064612047
155.2645370642849,0.23724242191487285,0.5579442503887788,1.7116169575574858,0.37775568422814587,0.16901157504837377,0.5312690865035862,0.006759913492588667,41.75773134200502,71.99296134298314,0.7510865517388933,0.07232576938849888
199.705433913457,0.2146909958650578,0.5771224075209829,2.124078239706833,0.4969481620544193,0.22406064984413956,0.45207204834364845,0.006845998740259644,30.80116738198394,61.29943823020881,0.7635795551960682,0.03069256626031347
185.87119186169735,0.27806046699790643,0.7744856503371489,1.8312556830114184,0.2684729213291055,0.19196989991806748,0.524711450834299,0.013472596219666007,41.88981749412614,64.16421669719007,0.7374487976613521,0.07063583799981643
196.18034358358076,0.23032726767684752,0.5703795943087401,2.326007150522035,0.4923145842372383,0.23806054300233404,0.49609169788440877,0.01987274441922944,37.27194500894099,71.5286651150854,0.647259706534443,0.05480554444648078
180.42762829156354,0.21975791982739695,0.6324306624528004,2.4510618267293895,0.4196663063213235,0.11244792267835485,0.49648052673371196,0.018125430267442087,35.80368212186023,61.74896338796163,0.603927898214638,0.07269204449903555
189.76941859066665,0.28860352217126306,0.6349534663360439,2.253452606283462,0.3568271587030182,0.1981086881537353,0.4523469881935734,0.01732938923921216,52.32004227147922,63.427467687512745,0.6104446512963935,0.041337337967433996
181.7872221327228,0.24271724764025882,0.7525387703186599,2.453097836573566,0.36463440366655875,0.20983480209439145,0.4934343180921446,0.010126642305738376,30.74567790114262,67.6531661767923,0.6243844392884756,0.05267972654064579
197.8451843902915,0.2922238910281548,0.7798469585650745,2.140759337673951,0.3174318781465301,0.15683653080419285,0.5316235583164297,0.014047872931864365,43.02859235845164,60.14699761680377,0.6994199894657227,0.07869996289764458
178.42711241952793,0.2729589106875369,0.6729672040949787,2.029749860363793,0.31736955321412363,0.21842938345062418,0.5442403673264525,0.016110774194355953,37.87050271088858,59.28593644175046,0.7504768311952772,0.07702370262313707
166.66511382677564,0.2689819576703646,0.5753951082111749,2.466210032015286,0.3354905003257733,0.24310475266323878,0.5362299990449716,0.005149319461410138,50.05222776589519,59.61581682690014,0.7846938642959527,0.06223045992783227
187.59108629109676,0.29102229918987393,0.7165074672667131,1.5031761825466816,0.4100854866082535,0.2397269925000367,0.46776304390086115,0.00996177291984578,34.37654308978126,68.39262066046513,0.780627737500856,0.036163016016416805
192.2188000636974,0.20923849663371832,0.6930488168472141,2.052315760067049,0.27847252894578217,0.11136306486549385,0.4641360855805567,0.017765843756862115,33.545860115905185,69.4074306189524,0.6854552033797284,0.06011285540307654
174.50698399160902,0.2707599780601607,0.6624189322301143,2.0520083305873142,0.263740246242895,0.1753782382400168,0.4624604583292727,0.010148292569228447,31.24631162961247,73.08334902614861,0.6275242613606746,0.04574840930717983
189.75108362206836,0.28289084076106946,0.6172295525345282,2.4500018854980996,0.3142889349738267,0.207233772874436,0.45168479317426125,0.008614485636499778,43.23977537756396,63.212751983934275,0.6069419085588349,0.03479539859881697
187.11507739271215,0.24752780474602104,0.7624674226651244,2.1561428692113225,0.4754421787403327,0.20061290396919035,0.4809884825286866,0.017933728810690875,30.982509935437392,71.16593786507558,0.7283225123034117,0.05339367359692915
190.71839388574523,0.29816932789680256,0.65373977279406,2.033583599520132,0.3045279479567971,0.15145385920784768,0.47470702853675495,0.01877721543396705,49.85393381436827,61.44194231582091,0.6314224387648318,0.0589509440819711
180.31507575218185,0.2808772933482394,0.6402234946114168,1.7318003652436493,0.3724323132327715,0.15448555176755527,0.45945290578412357,0.005790555535173568,48.673679968041824,73.36117693792377,0.7269796210657024,0.04574036778330992
170.92680046709714,0.2802056800021589,0.6101488376401953,1.8754632680970502,0.2830387574786116,0.23912946930023798,0.5366899633073932,0.005363791743654308,53.86249695427472,69.95874224910006,0.6128985523852085,0.06322190049695564
194.8483762663596,0.23742650966282997,0.5686889701726647,2.1242949459662785,0.4618669399863821,0.12048506425109315,0.47387616614719946,0.010903975378052884,31.258162466646805,68.11005726538657,0.639619049337544,0.05912605006278682
189.06781309032053,0.25741488337920765,0.5821689351009633,1.6919631881626191,0.26150870225477635,0.1977889072048295,0.4521632660565833,0.011900442054383814,43.72621926649641,63.45815444024169,0.7857528322012575,0.038511005693635525
197.2542852614042,0.2904421292870298,0.7635491887133108,2.351809961815654,0.25374352855643056,0.14628973409190163,0.48772470883354857,0.00886644745272675,44.733087091089985,66.90072442005497,0.7739884817281171,0.05961130264813619
176.70498345162363,0.2380509124968248,0.5971458486582975,2.069838239658237,0.445224415225036,0.19496716538770417,0.49501072832431375,0.006820151900680342,35.58788110576296,72.5665306613672,0.6082529503750209,0.053815974456028925
163.84744538700676,0.2779644039040296,0.747756387319441,1.965019820618479,0.4912004620839736,0.1329229673501274,0.46544054341969926,0.0134244993941462,40.12305991777786,69.20853201629808,0.6124504341266856,0.055349808435948944
177.93837288169397,0.2539135083495844,0.7479953881635825,2.0089489005161436,0.41686846898808394,0.22871942473364348,0.48036778475268366,0.01876636869926323,50.93489710683261,59.086453620363535,0.6421771131111286,0.04878493139904094
182.37053891731094,0.22996870423421373,0.5986021492473677,2.1999230544164963,0.44767492022918665,0.22698239692685382,0.5234431650325698,0.014205008467534943,34.61603609231131,71.99687212017263,0.7913372272133484,0.06529555577935753
159.47821612313518,0.2572435066227833,0.7481193506657825,1.7076621498332498,0.4577131679660478,0.1397843609493027,0.48168595415985765,0.018595084870657676,25.975003273888156,63.21185226305736,0.7481669182542965,0.06336425465497086
171.0712732297484,0.28374733791798296,0.7141748508795835,2.4025980129949582,0.38503942789127243,0.19397758444683164,0.48155616912525995,0.006499534015000218,26.17860204961956,73.02688581657227,0.683331350658963,0.04831686074476238
155.6441831887552,0.29198277549578117,0.7238686500652347,2.044688659805682,0.35508956750020054,0.12796567876160406,0.4986622593808743,0.01553469779107064,30.011590693514524,72.80229666109643,0.6115010726147976,0.07011282062239843
193.5996752090197,0.2768843361274699,0.597914438754609,1.6131326185206112,0.351533698383639,0.16045286127263866,0.5162439344712585,0.014872957791930467,44.25795080227243,68.78058855184561,0.6910046970075732,0.07239384183094444
194.7318665669225,0.24838300299766122,0.5737238561985146,2.0285937903998064,0.45635624286814175,0.21175885896933835,0.4696428171381623,0.007343400429964233,46.675631630838865,59.898394934834776,0.7134687128969829,0.040767611239516555
175.1321112758843,0.22098037775013737,0.7288880023385902,1.7039316871648829,0.38358797744399303,0.20820626600151063,0.4573577579875733,0.011855032063349487,52.43870654385234,64.86517706769847,0.6472897037723911,0.03875224340799832
189.0754080638858,0.23490395706166411,0.570950332610114,2.23811212377569,0.40633310381987436,0.13994650412042814,0.45506424348208036,0.01745444837833646,49.218741231003214,72.73081279296598,0.7184457610906563,0.052202458058218326
194.10257041725046,0.2894172492086053,0.7615593667196535,1.9315547027712325,0.34844778115474917,0.1888072400290678,0.5002565535467729,0.015019953739874999,48.379242657919335,65.02144289778217,0.6373558404316162,0.06175921769272463
154.04433853621768,0.22991589322689107,0.7842128562702908,2.4604572732605385,0.4179773865735974,0.2453218981600947,0.540647967180797,0.011371037490024048,46.45971845257966,59.00756694966898,0.743052257569433,0.06816319714698693
161.88298988762668,0.23325161545239378,0.714763643523134,1.7653807212011126,0.4396834958794834,0.2184370949546481,0.4887027608035779,0.01672704963161763,49.001073648997625,72.32838196375015,0.7214293664521398,0.05305817491125708
171.4039170126982,0.2354213496433341,0.7935411467203101,2.1303522260172683,0.46844776487226986,0.247455214099525,0.5481523540020897,0.009045945184823715,34.46998701243204,60.406202711650856,0.7856972182428421,0.06954566238937332
162.06499899103,0.2944932512899406,0.7707341043177895,2.0676167770418914,0.408524649356128,0.1914796288130566,0.4881938097603385,0.009258293776632419,26.929928854670383,64.30070805169468,0.6970943576892638,0.05302804752727752
179.640851892376,0.2446395048724233,0.7804958324651304,1.502193460992292,0.3356843161875409,0.23880171493496039,0.49888862392351885,0.017088969796004973,33.309787209882636,60.621466758482526,0.612560799035909,0.05427904122780092
198.7768637757431,0.20815252430105052,0.6508159106323379,2.0169993089688614,0.4673732788101338,0.17662580689046922,0.4633810368770292,0.00630451928767332,31.86883373256747,73.81567056717334,0.6954213862331349,0.04384771394825293
155.98328532578537,0.269139587490374,0.6871515665989331,1.5046148751123987,0.25582819194242884,0.19031399964879867,0.454952032277752,0.008009067174413785,37.98175529148245,60.5979882385804,0.6522584968598233,0.038962060425092204
162.3751512766774,0.24139038024716689,0.7203520972044064,1.7112807316281464,0.48862780464530847,0.22352236344186616,0.481541726537648,0.008758866869716393,29.106699414234857,72.98423863957342,0.675361592096263,0.0444683466398601
171.26901169220537,0.2695791765310564,0.7961458169284196,2.1122677598927764,0.2560585904125436,0.12242591040062115,0.4663150838453679,0.009436341163062847,27.161645689371355,67.0256635560672,0.7351145155036977,0.05523169559228336
157.4699718439228,0.2516008055639979,0.6362188209354247,2.212112471218339,0.3343548106238702,0.17028878465654476,0.49207583030686247,0.007338375155477061,51.22159404917892,61.625507691284646,0.6084210946356643,0.056844563746835775
177.75759967691312,0.22341813574920946,0.6207138314227127,2.2378466382476243,0.39124149281088266,0.2106887676980858,0.5399532524325152,0.007687202740388943,32.28277273077724,65.48203799078024,0.6441136094485953,0.07059125217574547
196.75464353759054,0.25094600913063275,0.638781532076829,1.6781752547432072,0.26234531045692955,0.16967805757412593,0.5186162221178836,0.014943551542978797,34.54893730799289,68.70175386238493,0.615436630347256,0.07213981379800316
189.54102096378168,0.20085594953283506,0.7263076511873494,2.217756160835418,0.3445826303769189,0.19964841928548246,0.4870996050680789,0.01243002385963667,38.42613041188463,73.47545839833148,0.6807015259796753,0.053056012281103904
182.9281576829984,0.25136678076536667,0.7757004562839114,1.7779084635514988,0.2667072711672956,0.24104146033857052,0.48756314936109446,0.015948716778142958,42.43241988538845,61.58805069276382,0.6732751126754326,0.04815899148843528
198.0387004249583,0.298324267524873,0.6556325919199686,1.7038826597758037,0.3914160027687793,0.20828601525628027,0.514402952381097,0.019152748045496475,36.89994370881325,67.36915832517546,0.7673936339272892,0.06727996057952623
164.8523170064959,0.2355566381386028,0.6292146223543826,2.223843352971387,0.28085573201381875,0.13431077659928103,0.523925152232368,0.01616412901116367,35.32039429620353,63.17329368901459,0.7430887069547758,0.07972952968384561
180.71628553367032,0.2241240405458581,0.6066711966765483,2.270842339176971,0.30154216236857034,0.14221842750900587,0.5240364658787181,0.011053898609710816,36.96822104247276,61.19537688264184,0.6163162636748876,0.07570584382801826
165.09641441220023,0.21275541495386782,0.685556819911039,2.2643185741094767,0.4081958116658724,0.1603123283292661,0.4647003498017891,0.008481727981748627,42.73672191749011,69.00877872893123,0.60386625804087,0.048251209607315104
171.06175346325276,0.2291235697999649,0.6632942231093827,2.024342230729836,0.3131657303866481,0.18419344435120374,0.5445177957426658,0.005849715076976535,27.239600775689404,72.18469196127771,0.7314059873509856,0.07502130816419594
189.33550072391387,0.23980880468221966,0.6330863329138985,2.0260797333948672,0.3494505835710405,0.1666175718701065,0.5461935014845368,0.017648305381321273,26.874375010735616,61.93522352494694,0.6858355068123723,0.08584558179109081
165.77681099611922,0.2662568334966673,0.6687913665522912,2.041621777360091,0.3661910550187646,0.1816504509564546,0.5334350218019965,0.015947940362387742,31.729695853975276,61.24081061627257,0.6341045356757299,0.0773354264106274
173.01115258951455,0.2226489057467196,0.7992447991671008,2.3924582876601774,0.28247977200149305,0.2285748322862328,0.5480809319557869,0.015844317341843862,52.600099079600035,72.5526285204279,0.6085282827272953,0.07710855813957096
191.74491963394348,0.20419550155087196,0.7366650572500271,1.5365574290381296,0.30873269509292073,0.18697582884572236,0.5351103715007856,0.015706789746609343,48.1109986199931,73.13141931902173,0.7027090374500792,0.07717084573550892
184.5989928558558,0.22037178221981482,0.643982461990338,1.818994207068473,0.37911959830033115,0.2161737104880982,0.5205284104610479,0.011204199978444254,28.60630373073057,64.99914155740152,0.7057390693553787,0.06379978818267773
166.93873206730476,0.2820952784470697,0.7600951688497737,1.9528365017809288,0.30542771987985196,0.10838552243651635,0.45523388524444947,0.006413325896028308,27.324400484009793,69.9129902127839,0.6153641562754851,0.05167251818738805
156.82598526537205,0.2824188501430085,0.6053573292543883,1.6742369102353039,0.4410831837357244,0.14276270981572442,0.537219752898924,0.011394254997947257,34.0125348793654,63.04531473991821,0.643172933791901,0.08113635851577783
162.82880304895164,0.25107657527678184,0.5711881114409935,1.7202100751792206,0.31631875299546386,0.1756938062495737,0.5383770814015599,0.017939639316895743,29.49310697007391,67.40139344452754,0.7057042271437007,0.08150437496124141
185.50454252772454,0.2093174549909288,0.6671665898293684,1.5535475838203492,0.457106035875544,0.22973154655616895,0.5140697633327669,0.016386857842223063,46.11142539396317,65.62271821713894,0.7085074182130584,0.06210260614670915
188.287208469187,0.2500564564894239,0.7914367041507466,1.917857740732289,0.2763963331968593,0.18140645553171028,0.5404771800269976,0.010502899703232276,53.71510088634146,61.13917153929376,0.6984427554335719,0.0768370245573351
168.38914412024133,0.24672733460658502,0.614155672480919,2.3355016937625175,0.4200786789915394,0.17273094963834545,0.4906889574976355,0.013330710787636691,34.26194390096666,69.68704174128199,0.6788488373590142,0.05930862598279418
168.091746073999,0.2388339621494949,0.7176767482396227,2.0105318200110522,0.4225942144375244,0.1838496987070006,0.4524985403185809,0.01556063212933861,53.477295572983174,70.38663055571372,0.7383266539573139,0.043026767894389195
165.15109446324945,0.2982774040458098,0.7510901046685086,2.283166189943748,0.2555258934429648,0.19180849394420524,0.48859346601913584,0.0050046007701177965,53.61459546925832,66.09835539245732,0.7259121932869801,0.05065528284876564
171.91771996027708,0.21149346009546177,0.7410111968205949,2.160235292571634,0.27833566011032396,0.18615354669402578,0.5147466784638289,0.006319512560105703,30.333614086921852,67.93645440033798,0.7428313912448511,0.06290518013929614
182.9352630434533,0.2880216610485565,0.699277745341782,1.914609223675888,0.31980957055123327,0.22759560241417764,0.5267536401333958,0.01607172546402789,32.342452603370155,59.81420433855496,0.603536991450595,0.06786041342866156
183.4621541280866,0.23231200811609307,0.6345829499449978,1.6815067923604516,0.4478845371233876,0.16783667626516055,0.4900157615817714,0.01727729185926767,38.021772783169226,62.346888389139664,0.6585767953358868,0.06194711026410005
198.10439115798127,0.2799993953328576,0.6388317425588776,1.6609595035301874,0.27658878419414634,0.2192901246721193,0.45080818441934595,0.006051362174991608,47.72603630227723,59.17880445742566,0.7560847143998017,0.03066460093623391
166.13476306172808,0.24011078347422232,0.5926773259394734,1.9856427316817817,0.36893083249802205,0.24605346359235478,0.48963990293743054,0.015364317130271976,34.0230635389631,59.043780466332166,0.616772552621626,0.047832378146722476
195.40470875879586,0.25742144555359386,0.7846679389419128,1.6619397329130572,0.44657597225745893,0.2287009505257959,0.4502808551362462,0.009835573189205523,38.48941017632869,67.97945290523975,0.7074837865258744,0.030643356334167038
151.07422093374683,0.2961661789575028,0.5635473590789741,1.750651829863391,0.40464438337452474,0.18725978690486506,0.5299832130088098,0.015844911548637812,35.85221193354035,61.79820974259839,0.7576489942143043,0.07502639243239173
167.42080718180455,0.224011134325101,0.5624047771220548,1.8409945308765383,0.3668635211576945,0.24450735690674483,0.48642607199232757,0.008779537994377255,40.12260832317527,71.60193886449736,0.7610395254980233,0.04272052039823393
179.19967398165716,0.28269077877740123,0.6381209558769257,2.118864799797695,0.41359957902139693,0.13311246102554936,0.5368295267172286,0.0081953229834242,36.571035339165086,59.40034883609835,0.6843919542145877,0.08017776594579118
153.88561249391464,0.27213362547649816,0.7978729603529555,1.9529774482515436,0.4026610133397386,0.13698715754376944,0.502896481648398,0.018300433568283876,35.17594006560941,63.49477437322955,0.7597175417592376,0.07210124546099905
170.2259885050089,0.24088613633746658,0.7771370845460084,1.693401749372868,0.4224835072972388,0.22134792153272434,0.5332266701476727,0.008270712895344087,48.346473202381034,64.51721237239639,0.6137182914967991,0.06651726125392088
175.38513879077655,0.20348847204639792,0.695027745031453,1.9797004274249623,0.3988184993204169,0.1022602654907416,0.4854395744446729,0.009965811771444927,27.275225008568302,61.454778477946036,0.7270609048798129,0.06551712665032028
166.69367933102055,0.22989046797590237,0.5591720998479731,2.1667370851605168,0.3152253629587527,0.2046291922529372,0.537044743645777,0.01790325069501013,27.504230482321486,60.176261958429194,0.6776627656117459,0.07696764542788515
182.6645926064283,0.2976531147800356,0.6337424458621601,2.3630601572861076,0.35723503332400053,0.1462961344541751,0.5464095685864234,0.013359620639766593,48.53099332844291,67.25974643669655,0.7814812266878747,0.08570324158927178
171.29671065681612,0.2767268138203147,0.7794929432717269,2.4592226829638495,0.4560209165034754,0.24287929835855182,0.5267541929281043,0.01720710214229839,51.92338315999566,73.24907754218295,0.697135826452123,0.06620271680594669
171.51909144116036,0.2143378154962561,0.7244831405437381,1.9728049976211315,0.3991993515022342,0.17122355096134756,0.49338193922879847,0.006901061741430019,28.772915665246487,62.35371778594322,0.6419306007370008,0.05696607400523135
174.78081032120826,0.200321456380559,0.630605534142631,2.4240701422932953,0.4727107851022555,0.11297982056282725,0.4699835149208229,0.014925446576915368,31.816781314682736,68.06748409798678,0.6605760243172374,0.06073983623400636
159.76903538586157,0.21183489654801213,0.6203513852811612,1.6875847937005803,0.3397115146584856,0.10126213351749626,0.47066974331532124,0.014163503771770837,43.1152150014674,61.129625643323934,0.6233604684058949,0.062253863413843646
154.40987239833223,0.20427019635917118,0.661196969364551,1.546048876238597,0.29979371811894134,0.12634527036808668,0.51908172133631,0.010339638439769315,46.75702918355884,73.89939509499781,0.6055964426402509,0.07538623604204986
162.34007418635747,0.23995319200515058,0.7442868942391155,2.0617431827152517,0.41574154460683266,0.18191848431533506,0.5336688321499333,0.005094573909710727,44.57429670164146,61.91407547615308,0.6353823736604229,0.07040544554683947
166.89414306494982,0.21154106406401163,0.7349365943278195,1.6866465746979853,0.3016078603364369,0.22404071375995696,0.49160620581770337,0.00914291499150584,54.33436415488912,70.96490415335838,0.7891416827300752,0.04888977265318317
185.03173964791748,0.22103892197877778,0.5808503111701231,2.2282519562459946,0.48337530314951827,0.10407528756857234,0.4762000107648293,0.01709196065552393,44.64055289150357,62.7882094577608,0.6323221449764215,0.0654184523659751
187.19385982474984,0.22733041287914107,0.765990568596831,2.4616135116319287,0.4489938470874526,0.17268367723457756,0.5345846995221277,0.014432516010790984,45.71139843849144,68.95828125553173,0.7023052878971361,0.07807632061349068
159.40313018965097,0.2634169819156226,0.7897422033171086,2.384812245244878,0.3211859686654537,0.12237743287862929,0.47571122885109446,0.016527706217026684,26.06867970517215,67.44819116910524,0.7190409572245823,0.062423975426554534
155.68212597197316,0.21321584969055007,0.7908483747498034,2.2668027683046996,0.4936957965173836,0.13887409334904177,0.4942706759102248,0.006653348157190862,36.375413859457986,71.93765820733958,0.780637284206241,0.06197700032453213
196.58196290212734,0.2998767361670194,0.6645801240000448,2.2406910093372607,0.376365423715879,0.11791392223090916,0.5303171165027631,0.011816627890507404,50.70053403660151,72.43953524560749,0.7415085503435088,0.08172954425435819
186.16555906788676,0.23529610185281383,0.6933737516162032,1.7420047911333696,0.3005281897798596,0.23381349708544066,0.5459949284704587,0.015830789292824353,29.418863204508966,72.52272558410844,0.7193930030775451,0.07539099679661376
166.7987542719359,0.23914410577868656,0.5626255464334335,2.2373005813582347,0.3982438921781787,0.13092983984603856,0.4570451716081394,0.019761585870605284,33.065073419957685,68.86167719299264,0.7079174142856627,0.055458750210618746
153.16091080256177,0.2684817358939105,0.7203563116638406,2.2369335954649614,0.36801289049435515,0.2277119253208338,0.5384067104599801,0.011147638668495701,27.377878420062437,70.09385465928335,0.7011570813489116,0.06973259445521762
167.9698196371709,0.20079746572854357,0.6129675309918674,2.003731047922317,0.38133098536298415,0.22970295200136276,0.5041691379235846,0.012594385923836608,26.704977990309345,67.52674455352941,0.6130434133163769,0.05542415041009008
170.447906507875,0.23427410439637697,0.6624026225780517,1.7397792543636665,0.4452351609667946,0.15121152656651435,0.46088168227025883,0.008815096652679445,39.29377536831906,63.659719391517946,0.6510262115059635,0.048401567617929686
189.78511573393095,0.29772699027596994,0.6909382909354075,1.5463427688842664,0.298788670453961,0.18515625617233542,0.5083955409311944,0.011621365554397963,34.02160486913167,67.70664752651368,0.7400827334369938,0.06369595399564787
198.17511929831753,0.21034787981026898,0.6816410161452324,1.6314994914125938,0.3734788818699518,0.16878051537361669,0.49044646651287194,0.015151284135060221,37.092864693362095,60.40209161885238,0.6492404663684367,0.06081732299799114
168.22638356313044,0.23899430991268328,0.6216034545860254,2.0427229089316628,0.47671355685195754,0.2440337978203459,0.4928287708814784,0.018859900660762936,41.0720823774944,62.45815137047883,0.6978779147070043,0.05169951657671845
188.79366391154997,0.2890228073504891,0.6601074968760549,2.0448704798199655,0.3250358024510347,0.21525453647020873,0.5434012938853401,0.019794093919085643,28.914565971615314,66.22564998768424,0.7657812207340755,0.07954655033381641
175.26931696106897,0.2633975393547659,0.5849456877753234,2.2082136635739,0.3790030407816469,0.1683660493177382,0.48194629534963385,0.007210396366866536,27.130524109683865,69.54571268573693,0.6030576651909809,0.05306195263301561
170.25266392083563,0.23178251089267965,0.5609884499384656,1.9616917510530727,0.4601844793585534,0.21197629954225847,0.4698103147650091,0.006245563601243055,53.720490885505484,71.01046888149861,0.7948958010064509,0.04016949921924606
153.65422694016092,0.29552912752833077,0.7343875801830674,2.010816349551764,0.4756964701010089,0.10905479886400325,0.4822301285522002,0.005077762350128297,32.34526036157266,66.36473578174898,0.6064899714388099,0.06080444044300748
189.36414592811352,0.28306911538044854,0.5826676761088793,1.5567931270801068,0.305732112391947,0.16625030202522445,0.47914599162549504,0.014427416250944111,29.212201585566458,61.52628614005351,0.7372908758219379,0.05622170425931472
194.730384621111,0.24942097816988043,0.5673698113281507,1.993997650752712,0.37287474604563653,0.23487041802175423,0.4739303927707572,0.006504778168009058,28.183104888214125,63.82191050473182,0.7228454368711285,0.03775816246297836
188.4687407175358,0.296166057507499,0.7534411970613859,1.993379514044985,0.3560224195867808,0.10125227921500925,0.49261811067219785,0.006432536564638894,28.679821359982196,72.24446609198324,0.6574259781112443,0.06642305141349425
170.6561290701342,0.2786466220785866,0.7777867698822611,2.011971779471696,0.31032091005113704,0.1863107780682993,0.5141079915967953,0.015193137051349163,29.43987068651597,61.39216522653189,0.6417418406005317,0.0680398347544724
152.88965935746694,0.23211275806203846,0.7072524816926838,2.41232873260967,0.34552390847033465,0.15349231231530464,0.46544149587054545,0.01331736661245904,47.00894737796793,73.37175632116175,0.7640477183309892,0.05214470698001605
182.31534282706866,0.23647759151330305,0.7268683809023014,2.3246586538443275,0.3898057816471896,0.19520932097767307,0.4589177116531046,0.007375074319643198,39.21165204050528,70.95192693119223,0.7420779327979181,0.039357314877179306
169.14475980415637,0.2909717956921279,0.7233367938115618,1.7466705199409285,0.45100971555968317,0.1297350800075258,0.518049644908658,0.007226824191438257,26.48935264939267,70.88276967890614,0.6353665314358136,0.07269539524759239
190.22456694806866,0.26951206069098177,0.7313108593813865,1.5505551583438344,0.3238543165902313,0.12389357855192551,0.4811247215240193,0.00644164709336041,41.280727686514204,73.90842168012819,0.6212677164190554,0.059026111741786735
181.65738304953445,0.26122245520369936,0.5733281825570633,1.9340398040099476,0.47766645447074246,0.18472472381162086,0.48816753825027603,0.014250346683156034,42.64097540610448,71.32435760040228,0.6298365188342869,0.05693011993525943
198.1462925178356,0.24419702007231225,0.6349502290520963,2.209059604717257,0.2690812460811285,0.12491247378211513,0.47219531040372337,0.011612665934484678,43.958148726011466,71.2272144490795,0.7212071356010017,0.058210737588069605
185.71472312014868,0.28169737792791033,0.6248935433278984,1.7724744746947936,0.32419100547152657,0.1275007045616427,0.485309251303369,0.01643799852130962,46.4452432044654,68.58690257653663,0.643702612229578,0.06540921719579273
188.69742295435526,0.27332906915484495,0.7284596978437787,1.864774218892984,0.33582492896314425,0.15741735647285865,0.5255829921364209,0.005759850376081509,26.531984473651786,72.07881063012557,0.6147911615189128,0.07101719864340339
187.17499887377645,0.279480654341245,0.745743747772904,2.234339633798648,0.365437919572853,0.2498885431473466,0.4840866032200131,0.009833327482135572,31.07767676164678,68.51986003597546,0.6940599594563527,0.041312029502023506
152.35075470569416,0.24190299073785076,0.6511897772046191,2.3117831614385915,0.4972657001633971,0.15505125499021497,0.5076276392039867,0.01097704120539159,47.439504765344445,60.20603984881684,0.6619367919885935,0.06737779308559766
161.2253143072891,0.29054122003736704,0.7294806871625202,2.2520084481866194,0.4305204588604804,0.15373765538130538,0.4951134218736012,0.01730292492239891,43.835705770467115,63.47465459417848,0.6552899346742043,0.0660954780883003
173.1074582763979,0.26806884067876136,0.7750309554402768,1.8659122413314804,0.4051911605782571,0.18097113886190763,0.48945219020506087,0.016775015988048605,49.276761172667086,69.9640772436993,0.7312643453664602,0.05944857952863458
178.02614970592816,0.2046320562047633,0.7605668479662153,2.007595990339065,0.2781915064767704,0.21943285620023606,0.5475808509659194,0.01726424500777725,35.84476577504279,61.22748558551769,0.7657105399221557,0.07915567471854956
188.2556772680171,0.23371496976926218,0.7875086802847856,2.1246461117239948,0.31557075123363654,0.16534890038200853,0.5133056821824368,0.012176442306757868,40.69023884182027,64.59395890168538,0.7331031377270353,0.06891709542787794
170.73667565269744,0.25192070787405013,0.6370213315906605,2.427344505790131,0.49696980738725594,0.23913632182600536,0.46036088975981315,0.011901153095188483,28.64285575005016,69.23502317765994,0.7472063862570286,0.03412525751855355
155.23651671166908,0.29034216768735915,0.6507126948187629,2.1323895643532174,0.3216000659085493,0.10195537432496028,0.5372516475156607,0.019081519520575952,51.53425019687058,72.29367591799317,0.6517141141123388,0.09073724891140955
158.06708945847603,0.26747604205187575,0.5824654759380006,1.5014003598679437,0.2925690175573302,0.1776130584493287,0.5142341319847862,0.013879073767578859,38.52621106096823,66.3728439554906,0.6020747455283589,0.06856593336806327
191.4496769504524,0.26722412351062924,0.7235254125373259,1.8232603510281313,0.25079675613057534,0.238245853757007,0.4858548812249442,0.01586826218039437,39.7591046629745,62.67089504271771,0.7589307714354175,0.04785621799283035
170.92117194671866,0.2812825378993021,0.5658128050359477,2.0463129239657287,0.2925385680448924,0.15732501908193622,0.4605580433710533,0.011443023566637608,25.80662803852556,68.1311523194968,0.7901680731835422,0.04864240610777415
193.02027398878587,0.246429514390458,0.6380725291866203,2.3845441513150503,0.3672404284925871,0.22991849403327527,0.49521787273606604,0.018141065690464028,40.423476791196045,69.39402371793767,0.6105069863828337,0.05478830451056638
158.14832745083416,0.27310971875264295,0.7018072286853634,1.5121011378563356,0.4498576474869551,0.22241880790348756,0.45026881539283636,0.017628379658424984,52.48475352201183,69.81534117614852,0.7954734186154693,0.036063480981738394
180.40650875914596,0.27836182461673536,0.5866861913327472,1.7526493154243736,0.404158970974124,0.16669634137980283,0.46573944125585076,0.01023873495234641,42.33503967772058,68.06909114570742,0.7219698822426467,0.04854947379180885
151.76668427449314,0.2051126624856298,0.7804989974732643,2.2048520786106973,0.3737189652332615,0.1742645071277103,0.5424050751805656,0.011037500295369845,45.66970259906292,70.47904053387563,0.6304623662639635,0.0789536327542919
171.1655408681347,0.29048114300138045,0.6699565314628377,2.4191162634223833,0.43471610154800866,0.10817792990595522,0.5093688631533972,0.01760254569205164,26.45300155420103,66.75877659421081,0.7108031434714394,0.0780149915021866
160.07221604598428,0.20078293281807663,0.5511473157380048,1.7825245471424225,0.44192786819616126,0.2010061169257569,0.46506834924914126,0.013538669134671034,30.14358240233223,69.37299648971535,0.6087043980731864,0.0442108092752278
190.9015657372268,0.23093635395153525,0.7664094199467781,2.2198611495188354,0.3150458376745099,0.10008351526433051,0.5007491557806175,0.01933533211998876,42.423479672458754,72.14522862595518,0.6179056762549316,0.07657477157454196
167.15591640094908,0.20826401183816726,0.7277864690418063,1.6722725107928675,0.31822227840212547,0.10861195834416838,0.5474687622207203,0.013987890739663597,32.299471573677685,66.20023774607765,0.719979502799144,0.09099207235112772
196.2485221459752,0.22859021404857513,0.7892848912785491,2.251509948799251,0.3398889852072481,0.1367501835562666,0.529845693611055,0.0061705297109410934,25.138507177328584,59.33090655766061,0.7921696645660894,0.07570397417521235
173.4498077852422,0.25851989677503096,0.7224248627026219,2.298466211774952,0.4533769806485214,0.16930928041679968,0.4853612382728004,0.007087260174563105,28.398403165680445,71.98219278042262,0.6949769974694276,0.05419382160243913
152.00683418076017,0.22411062629014486,0.7665577765707883,2.1449581612938884,0.2822725183400605,0.1799862485290723,0.5008421462565716,0.01547816225132662,29.168639882845685,69.79920207473074,0.7890891564634821,0.06359963319710005
159.10246388417266,0.20315730616565458,0.7137854496981767,1.8098236818425528,0.3021951338052881,0.13020487787140775,0.5353243343232668,0.010120561668478016,43.53750414031081,71.03304635714663,0.7571108749334943,0.08115331163980954
175.18068249147612,0.20934599841634602,0.5505195901134046,1.6698574123846146,0.4050397054630798,0.13569914527531057,0.5475826598337518,0.012228951356379683,37.27628617517563,61.080364168093816,0.6073649896172306,0.08674607668717726
162.79727946744123,0.25942010196616966,0.5968686645996386,2.2038428690083,0.39613306990664254,0.24773665731456135,0.49391255977349874,0.018748200789413035,28.509958966509135,73.61020124088157,0.600873263946744,0.05146752295013357
193.47816347818795,0.2468132005678085,0.6014089361949067,1.7591521151930536,0.45129525691130107,0.19202338983667555,0.508187561172836,0.007669595253423972,49.14255044227514,66.32504092982921,0.677191705700425,0.06017450053468565
172.0774853448395,0.2051082722197814,0.7974109034456269,1.7919273392519908,0.3849647325042718,0.18610752422256674,0.4899970503986873,0.010047994819947313,35.814022998531875,64.00396161322949,0.7748009865477324,0.05508445847544863
171.91082811271713,0.29670235178396337,0.773927550677356,2.1176043472854866,0.4631069877192759,0.1360653110030867,0.529869602126577,0.01342217559011594,27.717043994258564,70.96680826520829,0.7103551508343332,0.08026937276508761
156.45876897261368,0.275082777249318,0.7409669113462275,1.7178045737311067,0.48078097360756045,0.13035916207370313,0.5314071191090468,0.019696610663307936,25.7476049941608,73.63878125656716,0.627324091901909,0.0853735286968913
187.904684216394,0.23300969909475808,0.770522031955036,2.135274301213024,0.45397970496372664,0.12325731881703916,0.46255701411028344,0.00739428412542977,49.283478423260675,72.63436066830586,0.6446423709898442,0.05265590407498166
166.99618926641614,0.20915395359850586,0.7092479957765249,2.282472805239429,0.32757884366701473,0.10818436734619447,0.49544941136121934,0.006941618683888721,39.441902712946785,70.3802845238225,0.7491662090098036,0.06682724643223992
198.07598438851488,0.22546980996444863,0.6618509014514365,2.372994247025175,0.3621126134535342,0.22518484820999235,0.4763838713512884,0.011314739719585621,29.367682599034097,62.323688232610216,0.6879219790310085,0.04344767141583361
194.65127022186775,0.29591519715660114,0.6481513685152018,1.7721425267711832,0.3725306166705805,0.20410958239794066,0.5414708883521245,0.008139109987742229,25.951606521424516,60.286089940782546,0.6022084533330702,0.07249862280832531
166.50131236910312,0.2383978806044392,0.7462579987065038,1.9369706928844646,0.30608950053740713,0.23592770085058148,0.4849415106136903,0.005153544473776305,28.99167489801653,69.8261849701222,0.7131464989039934,0.04146342881131204
176.90677060755084,0.2674747226184431,0.595544552949178,1.624616575802688,0.4477729052376642,0.20641343840855422,0.5256489937989863,0.010972321260851806,54.291009616003876,66.09441151101574,0.7246340783671236,0.06732625698123229
162.50807507769258,0.24832114830202723,0.7825802664247651,2.144711460061574,0.33656268027674885,0.1862665852946265,0.4706272638571845,0.009688665061662464,35.82169138503224,70.66447547737799,0.6630021553197468,0.04696745626142729
171.02035752222568,0.2054423983222096,0.6028599932487251,1.8724108015008707,0.3392170114334513,0.19100904562648408,0.4629570010738296,0.006665830978366894,38.55891271999375,69.28558195227143,0.6350242811079309,0.041370168004050356
185.44219005389604,0.2494388768890298,0.673927174753723,2.3148907664801466,0.31205565135364627,0.2450474124129737,0.533383425836136,0.014274230985636346,48.16070426537587,73.57253046088198,0.6211712979256439,0.06692186394911914
169.08150487518068,0.26762935031342183,0.5873366480682111,1.6545749792695794,0.33241806287941544,0.10724068771738952,0.5348736165530457,0.015234656031710295,51.05407376108933,67.13117678744682,0.6054985209867892,0.0868697557411906
188.32749071029602,0.2322913231693642,0.7814996477068947,1.8975959593342409,0.2937655128716764,0.12494975810962708,0.5472345358299212,0.008809590907693402,54.79823367217286,63.95740061937104,0.7754253214981238,0.08568730744946151
186.82691205298548,0.29113008693789355,0.6557996559119332,2.12384441879545,0.33733585116311926,0.2281275349591345,0.4624406235140913,0.013330252202288421,38.48000224284035,64.41708883083916,0.7492028062377143,0.037991763340414764
186.3942818151042,0.24398392857704543,0.6609023333810313,2.062123484662118,0.4583142084238019,0.14756881055917276,0.5377526653092372,0.019896005216133456,54.495631811905646,61.96126893776956,0.7796181828462161,0.08604074558616048
174.69825942263648,0.2323405931290687,0.5592806539906076,1.6372701959132023,0.4669398105549748,0.14569737288674944,0.5484774841322099,0.005095528589503366,42.21038402182775,73.79288948538606,0.7986185477514287,0.08118718076138975
157.69929931882476,0.2093827612140476,0.6426220188700285,1.9203328324516837,0.4112232107923075,0.22571471615671088,0.5307382683341855,0.006380790501507669,40.4123044548724,73.8702593217443,0.7354796237691954,0.06350044442615399
157.47787773811805,0.28550225587402855,0.6277146004369327,2.2931452905137135,0.2710071083771328,0.11655960817006682,0.5423443431602348,0.016011771863411385,47.73458705132643,66.05897081356848,0.7480060653193246,0.0892667788862127
191.81795833440376,0.23548566153298628,0.5976132554867863,1.7922144134318594,0.33128063337315866,0.14642505320919164,0.5396784669566008,0.00923320641603093,35.171071111184276,70.32479211920551,0.604420901176689,0.08029050081267997
183.68018977883338,0.23594007548297571,0.7878715611456717,1.9474272643331338,0.37561738314291604,0.2476177003001487,0.5275266767719062,0.019222691448585225,30.996265998510598,62.98013739506062,0.7257591505312915,0.06710922137199304
171.53857175277776,0.22448655248174207,0.7970435314923188,2.334091282463752,0.251473422746179,0.13188460325677384,0.5407043546404543,0.0059808738543521995,37.0843309860257,72.51289472580409,0.696782444165332,0.08043980649790683
173.39199939219648,0.28144028590714937,0.6539628814836166,2.040878765669747,0.42008964224023193,0.1788999848395872,0.48279313909173993,0.006728683945646563,44.17124263874594,61.598107846020426,0.6977357285707743,0.051440404078221036
192.6314345261247,0.2700043347191606,0.6097416663011123,1.882420641839087,0.28221335318808916,0.10796882910290374,0.4541516093275781,0.014263738808561986,25.138390583604327,69.72568558956597,0.643458781041315,0.055127373281266046
194.2958687288286,0.22308072749394672,0.6137139219838337,1.5469163839814368,0.4171401559325739,0.1453902430017973,0.5129814986850031,0.01610125585911204,30.993045890040246,65.18952067022566,0.6216577323586168,0.07381798117467042
157.1262046348708,0.2680940393316591,0.7971084069568011,1.9501351083286096,0.29020853226173327,0.19764973238808703,0.4570368983889676,0.017555894161573334,52.5391083029444,72.90901700891457,0.7709043882789088,0.04352552320278846
194.6237515449992,0.25662055108111964,0.731337237857464,1.5766909514395442,0.29064057978259616,0.14622972630238168,0.51753674423278,0.009049499008924955,45.607453386878475,66.61223680176299,0.7957925206174717,0.07138682412687558
163.33816843669564,0.20908188757911647,0.606016672219601,1.6132399153802925,0.2742366528095336,0.14270835052280026,0.47360111445206465,0.018753414391118363,54.22667247282614,62.37234875404844,0.6900980348879846,0.05979067429279894
150.2012697007071,0.27285820250463866,0.6873877795319021,1.8799740595528656,0.36271669093265957,0.18836037542646947,0.46403202813924044,0.010216485042159548,29.91117132025045,60.29565423608606,0.7714041747844863,0.04420374325081866
181.0311298282714,0.2633224243920544,0.6356831218257831,2.42554409540748,0.3721620410086187,0.11408811178843128,0.5087605287940482,0.008165724652259822,52.14646574788371,65.91930021973597,0.6291965131111885,0.07173853109134143
156.79658473318327,0.2808566098643321,0.7681311354208209,2.0650126453903503,0.43203547060402003,0.18644621625052654,0.5144947398912488,0.012084233979635978,29.17600594968979,69.72084543847023,0.6030977481637693,0.06630685551635906
191.74054498286682,0.22629952297427477,0.6927664768377172,1.7341024774838085,0.4034390363889277,0.11314622574398583,0.5260844164728025,0.011268134291228605,45.997818868151356,69.30120804152047,0.7478236270088894,0.08032623646568027
195.12499408413967,0.20552704795025392,0.6996238905059806,1.7602226683130742,0.2808052183631374,0.1742564540084452,0.4547445180706881,0.005020074740528824,35.67314148755343,67.39893633875631,0.6346122437273833,0.040138344691968086
183.69603882570937,0.2974783080039831,0.7488612885518315,1.559392553204581,0.3231165258297243,0.16691124015160358,0.5175735028945769,0.01932733977241307,33.66861839939004,59.578554396454585,0.7341627049131738,0.07468091826331147
157.2714088459148,0.28517979905610047,0.6511619805912296,2.113350977617916,0.3538780369552764,0.22790507824821582,0.4897432407201288,0.00746838561761894,34.6865227446292,69.93680784371026,0.7162320428673061,0.04639873219502988
165.29774148354917,0.28679760794339615,0.7593980461621204,1.7651473311350179,0.2739984431226318,0.17859983898790807,0.4602802900853293,0.015404772621986087,36.540193855206894,59.385086191739944,0.6884249902880684,0.047056867749688536
178.8166620471911,0.26381544227714127,0.5825896586467767,2.281625066868501,0.4439901411984826,0.13058314317379516,0.4793099234070851,0.019560677846114576,32.8262934529038,60.33519157477925,0.6947437383979213,0.06421522942628144
150.81011973440627,0.25009402966098515,0.5781906934967245,1.783862957474902,0.4104097469896798,0.12855255509016048,0.4529745525723362,0.017157472815121207,52.81559449091356,72.83140622545555,0.7557249784174034,0.05298577088296952
176.00214109659586,0.2770159582816552,0.6001323964683121,2.2477782622758786,0.4984377066034143,0.1294031337864739,0.49982096099194334,0.018475501105791582,28.508865082764874,68.45059994972138,0.6588876022119946,0.07197457500524251
194.23685541961862,0.2169228012679347,0.7408857358473484,1.7869510025364121,0.37325398266531906,0.24729350366852051,0.5113559103209003,0.005723396646924932,39.74256822223056,73.3109339944334,0.6867381830922831,0.05112993598368121
162.37702332324386,0.2763969161715083,0.5540040555246648,2.026194525575219,0.46052283019279655,0.2274509239414781,0.5421866012272069,0.006520917282876464,37.58763243328139,72.24199267532384,0.7733497691388547,0.06822859098929257
166.41523989523247,0.29694807750444396,0.6661498364795142,2.1888938795115034,0.3522252633470989,0.1577506149788898,0.4809077602706709,0.018396627745641967,48.63735177669169,63.468831213425375,0.672424016558601,0.060326360205635865
191.24808547122717,0.2008080888805477,0.6585139635882378,1.6206819859069488,0.3522065854808124,0.11402565829113999,0.5321029580811066,0.007764431352908363,46.787173550796126,69.07585129762579,0.7863151771923336,0.08043124140522195
155.45963087512686,0.290621046680199,0.7309326006935175,2.349746051655969,0.34800039998614374,0.1765599786837857,0.4897129353975538,0.006197432723210739,35.919045881138636,70.1505310923579,0.6645922097809491,0.05426767324524917
196.8776259239673,0.2773731993288164,0.7457828640891019,1.7230071815911745,0.3638955034758171,0.2397224729796182,0.5080308416998617,0.008643015348989735,49.97624434858031,59.90645489788827,0.7208230259095915,0.05291223146514312
195.96478689629237,0.22565294659814666,0.7529795511628115,2.4476137562386633,0.3466268987252913,0.11595613638312907,0.5265727931443616,0.012573103398570908,49.47373528115141,64.72566623954256,0.7891954224599197,0.08094880967701101
197.1636316253721,0.2078023926383813,0.6986455020421146,2.2180184253714454,0.4828304132601321,0.2227392178066632,0.5286753208043946,0.01672635318855552,32.997860651859035,61.30747084404909,0.663780142137792,0.06987366050589117
174.43265246141166,0.2815383237032403,0.6644371967383738,1.9820020921027335,0.3015765793185732,0.19931854690824582,0.5409592403531995,0.014051617629975031,41.80332119003685,66.61897319058382,0.6631025701249436,0.07690978489745248
168.75695673620115,0.2789826718635534,0.7478553062461168,1.696914299745826,0.43189309972345236,0.17287165978049476,0.46755292401580517,0.014902590794840895,42.538772860200126,67.36038775732295,0.6988535294867702,0.0507188959868472
196.3272882082925,0.2973000152671229,0.7928003187616857,2.2663531412509466,0.3783199371481025,0.23569721490151427,0.5330329825347981,0.014784624422955478,40.44430429577809,64.5509474414584,0.6876470388858079,0.06856843670311719
154.13174972883817,0.20763276113438867,0.7295924802580833,2.464073845391653,0.3468355833450072,0.1963554162380382,0.5227096504277687,0.010322054450983274,32.44255802812142,68.97190059855689,0.7536107997511606,0.06717309260648108
194.973650851241,0.27851252239752367,0.5839732993530745,2.111938338895287,0.47585904511085364,0.1386354263700274,0.542735944049657,0.008778182032846783,54.753480493477426,70.05065722659924,0.7619674409038196,0.08220456112167085
182.68928988102203,0.23530064710544527,0.7752943601260113,2.4515089733738424,0.4298980082991985,0.1482573280853743,0.47848102329047676,0.01615883852184854,37.85646367292276,64.6505813811978,0.6037698325077958,0.0595905071972993
188.23863057492045,0.23991184300347843,0.627367092146124,2.068565579119381,0.32178695935997015,0.18873086059960076,0.5496995287028748,0.015846465048905967,39.243759202086615,68.57738744311519,0.6371618067954647,0.08332765279601517
161.04798036111166,0.2387559345714546,0.7358265581713914,2.463652150618217,0.4954575275653942,0.14851419245775888,0.4646596373966314,0.017829611620949953,49.88176138008977,63.03230539169006,0.6234500140559546,0.05488179650865277
153.87274023034584,0.23294386063827321,0.6575775844090241,1.617808422101703,0.3321220150939432,0.20878098035483658,0.5173683951410528,0.015650610558030353,50.14737462948969,71.75256718217081,0.6092112976763827,0.0663625295978818
173.91739180157882,0.23430924856631982,0.6404476413408153,2.319220877438368,0.3793646230274443,0.2292696978893467,0.5350306477429956,0.01603339045683899,26.61879055036455,61.60879916741449,0.7446430666352951,0.07126870763158877
199.71806423839465,0.24675577907701185,0.5813077209289281,1.9523128246993582,0.47762338021002027,0.15509463942249122,0.45648074343497264,0.007690184573768846,51.38551987267201,68.64061235764572,0.7207251187134178,0.045476305971078546
170.0684740211698,0.2784502334641706,0.7428508169094946,2.3106686547566135,0.43318481517302976,0.22519563476957735,0.5428639634118604,0.005576799961037222,31.63521014247649,63.89648304731816,0.6213622759554236,0.06820161552559512
152.80106684655186,0.24702870192036078,0.5827967885384292,2.187222156645031,0.3782132464571887,0.12349776868436275,0.4626935081325529,0.01646210579209616,36.979357314770965,64.94212539002893,0.7064776590306793,0.05718061035122446
165.1860570721487,0.28780593068856725,0.6533515613032335,1.8907291645758897,0.4963310577200686,0.14288670712898893,0.47209581535582984,0.0195335680111045,33.896291332071954,73.35354449813671,0.7954748923247794,0.05955453596880034
168.08760495580958,0.24949647532619657,0.624506408306566,1.7724965037213312,0.3786198510780412,0.19986769481762,0.510117409144451,0.005317278526726021,36.408342702551465,65.74379023147843,0.6361224466369058,0.05827859899682153
190.88304947099786,0.23416533885744306,0.7056270646611499,2.15276220184478,0.4569624186129051,0.139727192378955,0.4845868478611837,0.008365379777363943,49.216325306134685,69.44007396711375,0.6129185703324129,0.05908639273866356
185.57979362206714,0.22001339981184262,0.7049442819071816,2.4906531792445428,0.2537978545334397,0.15563893747061922,0.5197978775594612,0.006902723181559129,54.68318608466155,66.112907710436,0.7186086146627807,0.06968806122995375
196.254205463617,0.2736138350631116,0.7581563320290596,1.6870418078016485,0.30387576577514275,0.1634158241155894,0.5181629612023784,0.011167543788165243,30.079133174386094,60.85652671582471,0.7741842370243488,0.07055390960749719
192.2041624670096,0.24660103215258783,0.7261397721572516,1.6230362933504332,0.3566829374688309,0.22157591732938794,0.48922374339474517,0.006710318460228784,37.51454656213761,60.93227784334215,0.6728532935003774,0.04684441241579407
167.08135770773205,0.21465948630753365,0.7445102035608779,2.1283722200430946,0.457305262731861,0.1346851857990323,0.45153168485967693,0.00565925255768689,34.53690903724668,60.966095358049955,0.7376478480659256,0.04585605544025384
183.4621565670075,0.28210349909653076,0.5544686285177628,1.5340955306977198,0.33082948972162785,0.23670513982809033,0.5322160930084657,0.006838492033885472,37.46725882204729,71.85386054839171,0.730117844185578,0.06269818557257167
152.83123210823285,0.24829082973114325,0.780448881610007,1.9350137087077721,0.31371401213964906,0.21064077510392,0.47823378980566006,0.011176131836156945,36.754320092639006,68.39463243110553,0.7084884647273749,0.04675565967818329
165.04249987880178,0.2096260714058755,0.5741308809419622,1.6203380466893882,0.2780173042829376,0.19271667605655632,0.5427721874661882,0.01721897577992301,28.242592075719053,73.7440694114306,0.7237591665522762,0.08067847745269319
177.44430846318878,0.22328100015412558,0.6847378878295124,1.6446112281746423,0.41508501274051934,0.10870969554755566,0.5014256849089829,0.01880337963280934,26.69480074923173,67.19897047100787,0.6668266045495868,0.07547313124223365
173.73432958313526,0.2926383987662563,0.6880262816143631,1.710160270733268,0.3509654862798127,0.16244358224717814,0.51601739169024,0.01909703176512014,33.41396998462275,73.6029221309028,0.6578041845876573,0.07450205384748187
189.23624067234195,0.2117741117000638,0.7279522866740018,1.7924814990813907,0.40303775684676224,0.19327232083761017,0.4673596040738026,0.007141323591389213,34.26527906632925,65.2027618712922,0.6082073364175967,0.04302479001080428
163.9408481435362,0.2400577062854862,0.7330745078737481,2.2145661635075466,0.25021874692281576,0.23268338180481332,0.490452652559503,0.012328486690401307,54.510379082549676,69.42439611941032,0.7957581927907893,0.04878176515785526
192.91108268326718,0.27279278752627695,0.6047699047688858,2.238094800417905,0.42693465193902347,0.12037279224553288,0.4628528420708196,0.017890915498189726,49.90838522611388,68.55542255400036,0.6873358270758351,0.058388818178627844
170.49941384804927,0.22513161340443597,0.646745511105493,2.116007359321486,0.4593663728036068,0.20344168610171368,0.4516283856005066,0.009265679000306802,39.93244416417685,63.919296190207966,0.681587301891415,0.03584059976174103
171.5942537126584,0.20271962168110005,0.563458842975597,1.6942627024747532,0.4954280626226382,0.1754496248897897,0.5116171343032303,0.013910441874421517,35.31108252672439,67.90520718995693,0.6588932863425444,0.06781327266753578
150.88252895443918,0.21663114235270656,0.7605000691068864,2.4378399244172844,0.436019056500922,0.1860295040533865,0.4543398270326246,0.007936096648634391,42.544923290040835,69.519579909707,0.6592693023278879,0.03944412853934409
180.67391321386503,0.26102761379358275,0.6372444445536382,1.6088942554066348,0.4604926849261378,0.18998674091030712,0.497700950744228,0.005056226222428024,25.480888511121183,71.46067632493344,0.6194851692700166,0.0546522774470759
172.87394407991542,0.20297100599573498,0.6855735535898393,1.7381205495685181,0.3086271910284547,0.1830589992299231,0.5411837083126134,0.012229791785756143,33.4775891376918,69.62773863001497,0.7712712744093198,0.07804243242162556
156.58150225756265,0.23281947113987522,0.6175597754727947,2.4581081669405718,0.38008486347382153,0.24248020356605607,0.4513710592365497,0.006213618529635879,49.669106585523835,72.55267865924336,0.7943217896240319,0.026211439020244143
188.93324585396087,0.21743752099876426,0.7497613091113615,1.9036495412444827,0.4437448434747988,0.10222933461175103,0.5428282059932149,0.012988137382719075,30.181125185322987,62.798825960036545,0.6322184868382498,0.08924106493259387
194.34065680001942,0.23552985117704328,0.5778363358671542,2.494985387561835,0.4835564732043052,0.24183736733759972,0.5388299425959527,0.008476080964473921,45.178891384672305,73.75341999753797,0.6433152557829784,0.06589525549816244
160.83700324193873,0.21637746597819954,0.7962622413012126,2.073193163316577,0.4384672904535656,0.11449090228958654,0.5150555106634653,0.011005777865601231,36.90165931213463,63.65575786397947,0.7772354102446635,0.07572708535508355
184.97283798850785,0.2080782894386013,0.7808686229021619,2.3812081741391435,0.43164830059268017,0.15996841833877223,0.4775296646256097,0.008543098187195657,50.75141180351,69.49230336955374,0.6757711599790099,0.05337815782831967
194.9851063473944,0.22734944824728984,0.686412643768469,1.8570557023317624,0.4582460426485756,0.16425340640347377,0.4672432946456143,0.005783192050333037,42.4564383181636,61.79218549246496,0.7754808700354343,0.04716188789234366
166.24231362279156,0.2491672192079244,0.7868837389242447,2.366953852519381,0.39122976386080033,0.13258164211971046,0.46546883498467506,0.013415176998902493,52.92084378753048,71.43947730117365,0.6270347371091252,0.055407141779596714
154.75157207540485,0.22154056205783354,0.666360500800257,1.916683307697248,0.46512822262606013,0.148337440333578,0.5048226394544039,0.013295822783685879,36.54087247840581,71.72513377800658,0.7086225788995298,0.06853109296707771
197.47150904331403,0.2952766873777866,0.7710433428426602,1.8442702784986316,0.4564287274547051,0.19641741089162654,0.5466406474430618,0.01429624237379409,31.628515736010684,70.73525294553707,0.6484473731496754,0.07993293766094212
167.41807617892786,0.2916196466982927,0.6848874268257844,1.6404652451705561,0.4427221116091816,0.1696587826242992,0.5398387333297561,0.006836811330286569,26.176993177192394,64.96011761243274,0.6533316339082009,0.0757526022912316
189.8500705192575,0.2825172256238456,0.6556982487609667,1.7724462903638707,0.3851001214908315,0.22199382100968892,0.5128001971311216,0.01021321257355363,34.59618121188522,60.89894470981432,0.6882506264304566,0.058938080039752094
175.77720827444415,0.233785963410783,0.5755425587331533,1.8658046215677202,0.3564594797693381,0.22722581851393275,0.46073827916464266,0.005359002233005941,30.815789781984716,60.049891042998155,0.6138078802585925,0.032923889921676164
162.83851937926337,0.22310928838667324,0.5841975724198654,1.5679894766815594,0.29397556324744867,0.1808843292038611,0.49351306703286696,0.01651116241928039,44.63259529881252,72.99525441142502,0.737062693837855,0.0610035647910081
150.10587445024765,0.23819515457522278,0.578605124223916,2.108447017985624,0.4956518949825559,0.1414090618533785,0.5232427210471574,0.006248958836597348,44.481945667508505,70.73673259460992,0.6530025769527347,0.07256888565780173
154.60807927946996,0.258572702285551,0.7972203208931212,2.156826902945011,0.3850857141414577,0.18384743195122455,0.49315708077016085,0.015101688685170912,28.890883748806917,68.90007874211099,0.7239428602448665,0.059610663616240345
195.72877657252616,0.2659368931579122,0.6135142690082709,2.1231867807359492,0.41606154096027304,0.17760114966102666,0.47310920164350173,0.005430852293215812,54.54457152876334,61.49238488080752,0.7749914071155336,0.04706838652373335
170.66347421369852,0.2557511001741302,0.709883701886297,2.2630914081278366,0.30111462300053016,0.23230490775791776,0.5288234978534859,0.007385900136246387,45.772104486707796,70.48487681158949,0.7315892615506301,0.062311629921623535
177.1216893248698,0.24265766411590634,0.7990180908080086,2.060309018791304,0.37303200320851126,0.11656777655562718,0.45564450632916303,0.005926144158125976,48.337494533342515,69.2209088805502,0.7864315752182863,0.05035153687140337
159.44578996769656,0.2633067949833647,0.6796376018935771,1.615108722763543,0.28059629628623284,0.15638916737895714,0.4677384170812855,0.01703081001754844,51.76625555627686,59.737592057680544,0.6715239858700685,0.05450245017209454
157.61208033803837,0.2299312814148547,0.6212456569654956,2.1842745549104063,0.2877080939224753,0.11455577630321243,0.45972719011301116,0.00939191394255227,33.14846188845642,62.49230662653862,0.6123160617526524,0.05389665671145849
150.04662658481683,0.2911811234990607,0.7936915541220755,1.6573895158068308,0.3661835413549226,0.12464292010684869,0.4852478911754672,0.01844537133867814,28.65546310634531,63.339581077945354,0.7700310892404291,0.06681863835228796
172.84938180079246,0.2439666600597719,0.6638610279409962,1.837232803062709,0.3179018540572119,0.13167475997388947,0.5413951145398045,0.012252007752676883,53.055122166265754,66.75707041189997,0.615321954189427,0.08473748891492505
163.52007914547636,0.2628131345274204,0.5663740261925905,2.1488302415395264,0.35587280140831,0.22570934188225183,0.5366952769442432,0.011548521500200552,34.2168705881359,59.0469376871166,0.6896107542255896,0.06955732274900583
182.44833432541515,0.27873912463585643,0.7397981646686695,1.644949823181793,0.45730087509653417,0.147272501705421,0.517941681707535,0.00798047970612168,27.7336504125987,73.51821272468327,0.7366832507581501,0.07076110377647638
167.08868954325018,0.28712530145294,0.6191435246119287,1.964147906088832,0.257598198675887,0.19524782028062013,0.5273821935776724,0.0065936378239811536,37.31916201218001,63.20635398757329,0.7790130498385717,0.06688589013492674
169.62625054491795,0.23068014629278602,0.7537387638526575,1.831536415104822,0.4064269394227006,0.15075740417173988,0.5180597175310241,0.012968709488678702,51.09610914565088,64.41899860721662,0.7132009468735859,0.07332275216731432
194.72338201133843,0.2656907735005819,0.5517710496859358,2.123779035071129,0.3013076348885618,0.19115076416364993,0.4525480041061338,0.006896312495914378,54.50972297773093,62.7784119520443,0.7579047942464061,0.03723245871015024
160.47090692163002,0.2598754835752139,0.6696828788953101,1.585128708447523,0.3770072810417108,0.12767077032499136,0.47596859711451117,0.01941402292027547,31.188002625484433,61.135868036654834,0.6906934799607855,0.06322851241429817
170.45153433041972,0.2892608738665172,0.7560392584342362,1.565219374195264,0.3677443359024376,0.15922409814754504,0.5381130776631265,0.0116514778293106,50.91820701770885,66.76440771139339,0.7465016648861396,0.07955331424409451
195.1203684776038,0.22266097960646142,0.7107424046201776,2.1821569119415662,0.3305202086227703,0.1034797674889393,0.5254017351925943,0.01722334158360093,28.64572112736065,68.01337531677791,0.7817760989727437,0.08471168851201583
169.5188401481094,0.28651567745525586,0.7789362930795185,2.0612822851299324,0.40693143763131656,0.20585674018892808,0.46455615718752674,0.011841819680382282,50.69636661265173,64.99019523137991,0.6079029218728895,0.04221255041693439
172.47831550065885,0.2627626784155814,0.632068920921465,2.2336886207730102,0.27499734744062404,0.15942146312143163,0.4579537211290679,0.01897313662013147,31.151710110888633,64.62019340096067,0.6307633269333555,0.051038350656654075
166.1082979655827,0.2646298051233854,0.7616505610243979,2.2666716178197635,0.2547512934142748,0.18721717645400424,0.5352948895727196,0.01754334028462725,33.760922061985156,68.72828430803827,0.7483382427574873,0.07838312103967837
181.33276357225137,0.24616456467731632,0.7002254149891383,2.182354888984521,0.306222652849321,0.12581958378270552,0.4993156191129018,0.006872711998821887,25.40389293307337,66.30228108299076,0.7655182002122385,0.0658535677916916
157.81549259415755,0.2529044200234996,0.6080233483710821,2.119530429839057,0.28244386723835824,0.22046491507087848,0.5188389097752258,0.010651636907922693,45.808030753163514,60.75269295773934,0.6609066446769983,0.06204905029017027
188.08664374421056,0.2284042857914719,0.7512140598856856,1.5694929424999153,0.4325522199465071,0.21800961986264647,0.47821258695401164,0.0175927876159133,53.4845211417666,63.86429416497801,0.7693416768265688,0.04906409477689522
186.45770780156627,0.24458005177044895,0.7010498212776355,1.7383018492504223,0.3347013975532369,0.17802346326002003,0.5102051438284174,0.008456237666814281,25.726631597848048,61.05259228080985,0.637838697780773,0.0635951686313092
179.7427910786439,0.22296683783523139,0.5762782988245068,1.6529669522847397,0.4527063346760624,0.24787739977432172,0.5319923946274113,0.019722524008326203,41.4969063785845,68.16536952474002,0.6857593179305259,0.06945336433773264
195.12750210354915,0.27810165309548407,0.7063642078839211,2.1537578002988846,0.3359333568366397,0.20856776424320403,0.5493902475971505,0.00606433999035344,25.579757409167662,72.23370199162015,0.7752611855923921,0.0737747410216798
199.79104703471367,0.25560669599328983,0.5712297857362723,1.7446992349164616,0.2633537304681859,0.14816140264710043,0.5077419828711137,0.012084797039884083,49.9631136688069,72.68649670375297,0.7156596071969142,0.06902618427966445
153.20026832991059,0.24148362555461253,0.7704797839649695,1.6808926722124233,0.2898658731696715,0.10431899060538583,0.527495774319803,0.01581946725206371,47.17746951733013,73.83772312657733,0.7879839834362249,0.08462784727498729
197.41392355787403,0.29550075386465213,0.6887189928039341,1.9607039255988037,0.3118055348602257,0.13948958908454087,0.5488483460738806,0.015700775208581298,52.32722246345083,66.03252005893208,0.7797219942505595,0.08904763333202936
193.1679391086092,0.24534541330249143,0.6534181637155596,1.902472841852434,0.27800150020381864,0.13578282515740525,0.4662191977313221,0.0058840365347004224,34.987089995002485,65.9030787150098,0.6853717537565279,0.05134874840905468
173.90009393672227,0.251161865438592,0.7486719113072874,1.9693339105166436,0.37805901351644683,0.17485265001042302,0.45758225157214877,0.010959010891372625,47.228038550444175,62.9364978942792,0.7626883047568709,0.044296630895132694
179.76853818215605,0.23871976393427463,0.6788180832878511,1.7136251823113473,0.33135751500438826,0.1464512561526489,0.47438458073051104,0.007476257149628929,28.154021423549608,63.553389564834916,0.6970745993730881,0.05367050867380385
194.37524628287596,0.21152461567128505,0.5606223174778537,1.9500966608935937,0.30592290069914335,0.1908028299859322,0.46847200294372693,0.018615590745238622,42.789671429173126,62.90633510336878,0.6965796417647495,0.050084376803624764
184.95491388671218,0.2836747883932951,0.7236862833143277,2.3558863902188016,0.4912624161459631,0.2061995040201505,0.4830537229726001,0.013162655634567946,27.024023199426672,64.17185564012951,0.6251145731197378,0.05068004974464202
170.9504625199505,0.2889469923990108,0.6209785550040865,2.082571829223296,0.45304655749988587,0.12336834003328526,0.48916048672678936,0.0059100902603049935,48.20148799560475,69.53758405771781,0.7105290697747595,0.061826252260743786
168.86334333679304,0.2433931988318997,0.596297267182569,1.5597260527504087,0.2802459318550272,0.16985598114021302,0.49193029677962363,0.006449127262493445,35.07796309637104,66.37772716870995,0.7572906072004953,0.05634095161485675
183.02053640310254,0.2290855801131123,0.6228189763870475,1.773990482507057,0.41340834121377973,0.15298029557380083,0.46896169096532736,0.006482698866729331,52.31144659743204,59.77469360367762,0.6104651059379343,0.05002641330656843
199.130135919389,0.2149674220918318,0.5769165222399895,1.5436574084626962,0.42573572145226585,0.1669453662717903,0.5027464555837586,0.01415361395991953,40.31156839085534,64.16103449915985,0.656090328056294,0.06554369963714635
168.36572393694541,0.27593645991397653,0.7332475556793886,2.101717316327198,0.410923321545528,0.19814288047643316,0.4724575997150504,0.01743903001189654,29.77658339914308,70.45091144526894,0.645088572058959,0.049914294754216826
169.6015665239876,0.2121771022268143,0.5524591594440744,1.5583666917079904,0.4162006836390133,0.12179498153068659,0.4910934590029428,0.0055998650157422555,41.94617024542359,66.78479418165328,0.6089123958395057,0.06259987769817599
172.53288609036267,0.26796789148009104,0.7938602918287617,2.356095802309823,0.39248824255125525,0.17740638600611194,0.5232978745078202,0.01992883951755605,34.193797502301386,73.7852735114722,0.7424759587240624,0.07603255435924439
183.16550674713883,0.20008139854392293,0.6335286016113282,2.029542229032364,0.4641085590404542,0.14778846159233502,0.4830186249458123,0.016823403846609068,35.10338998167525,70.07276172329897,0.6737779322501171,0.06182039228269787
182.90458082243396,0.2701694430713575,0.6568096684206244,2.488189623929725,0.3855953851594789,0.23637526273905723,0.4707638152621221,0.017696539415334722,36.428653627436226,72.18680967458215,0.7832715428502247,0.042528817595211876
168.19628094991594,0.2603118111332496,0.6913875763289891,1.9030872248640216,0.39221486660431215,0.212778012500741,0.46270088416611,0.018642952123046203,44.70078368095957,65.72514223146293,0.6507771188763696,0.04382440333165505
193.8291106372174,0.20768845039423334,0.5686005167688871,2.00911974134985,0.26745951855898853,0.2048377113172986,0.45373471638431423,0.013205117356675141,51.52841993423117,72.64039286697681,0.7131330162034568,0.038560847123790154
181.74753427406034,0.21281629375585775,0.6703481978309447,1.820406255484206,0.4302671676213044,0.1680639138134092,0.5395408935421326,0.01071063335066572,45.70408950634706,62.87212959752645,0.7352963772138834,0.0783754908775336
153.96997733280537,0.23877007821802496,0.7806422483541604,2.3076833637143563,0.3286271948159365,0.2405608586179498,0.4605460296635421,0.00786134263212013,46.675646443373985,73.61664253504617,0.6386453596670272,0.031608181376668654
167.79549421798822,0.22321892091456846,0.7836715928121292,2.3124062358364705,0.347606007206771,0.22691424077146405,0.5277374325693588,0.018009666126482953,54.2584291911958,61.63227639736326,0.7788053483430161,0.06964492136057743
163.2506951787093,0.24332863964664342,0.745691623199213,1.9412091309166537,0.4992237452865695,0.16865195328832477,0.4628018235930742,0.011941172965503774,48.65072960263851,61.30070080146607,0.6322997859770071,0.04794616408025831
193.93282632195846,0.24277855440350576,0.5522430460615046,1.9415050907391769,0.3721939157217245,0.13837478898361766,0.49060030686062056,0.019386312136931014,48.668587413188185,60.23749506900005,0.7888207669141031,0.06754765769665028
179.6559015480281,0.21398929154799387,0.5897763637646972,2.1055959974978418,0.330035868362178,0.1707632467428897,0.5075717404787422,0.016508185540780866,27.609565609262944,62.419422650028615,0.6011694156239635,0.06832968522166993
194.88922449308438,0.26266047028881256,0.7792697851652862,1.7504195460961127,0.3992844733747358,0.10271698320806374,0.46975936869855983,0.017173427725948848,28.788898188732684,71.35027855557786,0.7125805811690786,0.06318303104808365
159.71212037209847,0.2411997109076216,0.746608211081968,1.6707378782059223,0.3277467785335196,0.23579783090265088,0.5466456783238525,0.0180172097536201,52.87530473335682,72.07033064428785,0.6745755516778015,0.07689034856184662
178.0381302664734,0.2260334355684461,0.5547618013111111,2.1837062084084087,0.32924999839167157,0.21854598176800197,0.49460375545188145,0.012977317980564685,30.856476332012438,63.316611035786586,0.7755194509910267,0.053403082661588996
176.3507683653887,0.2802799668661242,0.7532197083923263,2.178739910976401,0.302319975815294,0.23271143919958276,0.47478634324347535,0.013827460648641677,44.9199396813099,66.18241884826907,0.6348588188643387,0.042808596432678314
195.8170613347771,0.24394166398236444,0.7659414213260742,1.5133688017981877,0.4013730219355977,0.14169079433031712,0.5244652105214191,0.012192457061272342,31.142865704056263,65.18082748183015,0.699999370082839,0.07663339948385328
199.7603275079503,0.21829344414957724,0.7741917636004205,2.358245730240628,0.28732707099043914,0.24188004375745106,0.5059624359778365,0.015250565647901636,38.263576469470394,67.18396101287182,0.7862150371410003,0.05578686901162655
189.31417909573835,0.2178516552818031,0.7170814775041982,1.5087106725193327,0.346156547690193,0.13991472739155594,0.5399938406006264,0.013675082457388776,48.302812272776315,63.079929350984834,0.6414966332064922,0.08405370656919331
152.09525142446148,0.21963056555418548,0.6515694722884292,2.0694031187856576,0.43713109202414224,0.1169342181218167,0.48918887606808253,0.01768291704588902,40.69513769680335,66.08766597660052,0.6890294444774033,0.06901471396076886
168.43004735048683,0.2972147279856036,0.7349928296489505,2.4438764490280755,0.46994756329176396,0.24327172918312576,0.5451317567392894,0.005312369268012947,38.820063895088516,64.11795272726495,0.6096465921466581,0.0661893103319926
172.57855055240736,0.20114364747282837,0.6079443819007115,2.4976485668731887,0.30947100579769293,0.14337490304394948,0.5356787614750534,0.015993528500509835,38.8999009324599,65.0254861153046,0.6753120671087949,0.08329383018144654
189.72607526639467,0.2789235137450901,0.7170180382612859,2.2309464146778493,0.45943669669444964,0.2061798454035327,0.4649056749919696,0.014710388142568793,49.71379130403951,62.43419353122759,0.7613874578808459,0.04385568132011031
190.78135833399426,0.2502589775266627,0.6435872857597758,1.51130988300434,0.26949953023748013,0.2294677716510665,0.4866005461366106,0.018539220540576214,47.03261125307935,72.23196451312812,0.7295440619854988,0.05128235684378524
150.19539767481763,0.22554808831198214,0.6141809987901901,2.4323729045095357,0.2796449447475834,0.17377748056738512,0.5364207020724109,0.018460511690994722,27.82163085510127,65.72467878504092,0.6359542643570357,0.08124399989401354
198.263420661983,0.28016660229513235,0.6154688609322307,2.4252359420263323,0.36069172103121105,0.13483076720266313,0.48622033373571977,0.012722575642008689,27.055002780243203,60.48941410594377,0.6106581828292049,0.06277659727902574
197.8452167345354,0.2108883796649333,0.7488201177251358,2.165603223393994,0.25818604310035353,0.1697150582826595,0.4812966862910048,0.005606467067720715,49.54486764383029,64.53136940834047,0.6738958999675005,0.05168966744668069
166.2448468052128,0.27564331719727586,0.5873098586527481,1.9392083705435261,0.39821022047979837,0.2381460124503066,0.5026410967951015,0.008521076295478443,52.928987600033054,64.59116811553596,0.7622537703466098,0.0507727407616585
154.52425144319938,0.272816430763522,0.6261009653852054,1.953587920994229,0.33844099170395825,0.18639551519186995,0.4846166409225718,0.011398055755240015,48.828735478979056,64.18793667319835,0.7220023540615224,0.05360509013871706
164.97413443123304,0.2661902605680597,0.7355904793144292,1.5130063885300777,0.2771328217614699,0.18989591012400472,0.4579008905419602,0.01319161538892469,35.653173436696726,60.74703140893286,0.6894772144071896,0.04298968063221764
170.39446871455252,0.25427343537552394,0.6972817746583648,2.4648472080828006,0.2579690669000379,0.1689182077852403,0.4892343382694544,0.01687303631792758,52.529670686259834,69.11841016112626,0.60900621592507,0.06124434782714161
175.2830147558004,0.2611889406611965,0.7442552627224499,1.6028049208391761,0.4055324267552004,0.19476220023465876,0.5094068651877914,0.018270256422274974,52.97834654918581,61.702302962241674,0.6713114894134345,0.06662393643500764
153.21422430818973,0.28628750804760483,0.7760000113234236,2.2503226892971124,0.38685873400574355,0.10700725288546889,0.4960034045067286,0.015975079720717666,43.473738276461035,72.01100245998782,0.7493571103635167,0.07207302539745797
172.6159000818755,0.25559863723619036,0.6210445552993334,1.8258158553580714,0.4947531406435418,0.24954454407051835,0.48977806200609214,0.01623420688112277,42.76076425724425,61.0840400632802,0.6246895820054973,0.04777603522370555
173.43717228803314,0.28433524092395723,0.5732194516263733,1.5629888734844175,0.37472581880387673,0.2319756680357658,0.5082539223016157,0.016079688847196367,26.609671829524714,71.24101928835945,0.6440004558194891,0.058975800465759676
172.74485098694478,0.22785672243694993,0.6414369828350066,2.055622088884828,0.4584166294409555,0.1471735384541446,0.4776463424106672,0.019418565935993937,41.802347583802,73.45683103293354,0.6429148967770387,0.06109736452845027
172.14067205005134,0.25826115962556084,0.7426375128068983,2.0917376325158274,0.4578282543463267,0.11814350134888445,0.5357904988040111,0.013741454223409841,35.537946811611455,63.812575483604554,0.6232878394932827,0.08504233340636347
196.3060695904069,0.2033436225178964,0.5993110865484201,2.4962921953539343,0.45517012725613304,0.21014361384228528,0.4712281911930237,0.017922014927655536,49.34084202188034,61.34378648231045,0.6955376473650385,0.04759162524487692
167.7811959962417,0.22153374494635072,0.7445895782178664,2.2001470481786027,0.45486407394871464,0.20821491848447427,0.5199056952158561,0.005428739919596135,39.728589104648094,62.691178714579586,0.7645558467118694,0.06106556657823603
190.98211893186652,0.22020886686958255,0.6919111579667032,2.077636155667896,0.36725470836915236,0.16865836703777096,0.5123324067642299,0.01730301943644476,43.675242625055375,62.010327325114105,0.6912209146996773,0.0710648074996243
163.00042127705794,0.26360161604401455,0.6022664803249471,1.8198805397319098,0.28155552268224826,0.1466755915594077,0.5443413764003151,0.005446795075645134,50.6743941448604,60.11276736975744,0.6211028741202157,0.07965633917729065
180.98494333359108,0.28714855049898863,0.6503355764389579,1.5101931507603128,0.29388591522979823,0.10895838708307241,0.5457277319048182,0.016822713989767677,28.387522396042254,71.4344307668296,0.6260162139674451,0.09201894902662389
155.53432281738705,0.26508950072499504,0.6200190087599484,2.482915463405697,0.282872836722198,0.11246737389272253,0.5435187350889119,0.017871365116985134,39.93367587775596,69.0126693124467,0.6153895575494729,0.0913647139909699
179.43707100244842,0.2058324013535427,0.69252517162288,2.442695946748054,0.4845615007781391,0.16849058283055696,0.5168750330465008,0.010836661562211412,40.72475823193752,70.34704509491756,0.7170153822020369,0.06911978826838094
151.9972271208903,0.24141404210212666,0.7393927228873578,1.661975980037497,0.4292555142814493,0.15259805450431962,0.48586168339359675,0.005345191891941382,39.20290218756028,60.497729397522065,0.7299859852516639,0.05598601053998209
175.92366159259646,0.2565384366037023,0.6111354300101838,1.8619801804835414,0.4705480385992082,0.10093762847980527,0.4661551668468746,0.010595111939072737,40.86236492762686,65.83886522870408,0.6068893706466795,0.0588483176175032
192.99627387856552,0.24591039175386703,0.7991186823137157,2.0538200626520853,0.4459363559635634,0.16065465463514075,0.48988488562725135,0.01919414849411786,29.391807910555897,63.515806475318605,0.6677725694713585,0.06398840611973355
172.94530367163844,0.24448890522967467,0.7214530589646717,2.4969272197238244,0.4421014359193194,0.1062474371669302,0.5402092956805667,0.0160660609852592,37.64379182531068,72.22160251982702,0.6990713406149004,0.08962619067142441
188.27481174878983,0.2997063295797864,0.7370229698212492,1.7701003563507358,0.3297162051891368,0.17150607769919718,0.4602133781073175,0.010647222825429703,41.320333075216325,61.16994567616323,0.6604756323107868,0.045758802656109765
159.57561853832456,0.20804607319168075,0.7200188812542367,2.241671872541018,0.3493511116650316,0.1294661173516928,0.47730610095286413,0.01679012077452396,30.753423828711504,64.04875183702727,0.6055839606153999,0.062176474685202265
191.60025453770075,0.2899934670700326,0.6461757688135343,1.510878633502849,0.3197440617854317,0.19506516974587929,0.4899924963371619,0.012628651783256645,26.46128868859645,67.02289787659436,0.6139201690408969,0.0551229101242825
166.80401480302586,0.2731855257288611,0.7247510614332081,2.2705863060281413,0.32505667542781835,0.1626684484048475,0.4831161456742254,0.007462717843488613,50.94809705353073,60.81841375279988,0.7879372478853718,0.05455687163930634
151.9926723252427,0.23079514106990795,0.5559841411068999,2.4247622569012477,0.34683644517421436,0.2214684411038834,0.46418489826283676,0.014564229793863596,51.201753753947706,72.05896329699851,0.7483497302062555,0.04068607792351031
195.62670462319326,0.20301469545581607,0.6160818299602632,1.661279189021148,0.3750793109162894,0.13198922282155123,0.46859562770309254,0.008750053749992362,49.539834991719324,64.70853922433388,0.7643743033669868,0.054319985849815566
190.05474547614173,0.2994758949128856,0.5570756531425469,2.0827143439066473,0.2956245222996951,0.12992059569180675,0.5361508408530897,0.008589431366588872,27.170503990282054,63.615555238158315,0.6990686979747065,0.08055765115068425
151.48238265409523,0.22276373179758194,0.5982161367765098,2.1507561734890066,0.3554975014045467,0.10687415050855772,0.5156460786072659,0.006373771768809154,47.229741923514865,65.9863244725072,0.6616873528940604,0.07422585720951247
157.85454739456947,0.22679096485022587,0.5980356904894069,2.2428043853138253,0.38427540091370826,0.13722555742161555,0.5459684492140645,0.008935625252308503,25.3522511268689,67.99809624552583,0.7581450789506466,0.08377472821075571
192.05927414919324,0.25365843599432053,0.7111086821240807,2.2956204276257974,0.4696615262510199,0.20767450571249843,0.5204309174747066,0.012620622869720361,53.2282891698406,62.4254110528937,0.6589279091818133,0.06596110480450079
163.251735279198,0.22636146945389804,0.7775839502095312,2.0949033897821696,0.3189754189713965,0.1309779423159224,0.5110106968294104,0.015397728209831037,31.09433958246103,73.67677033980647,0.6064696037865317,0.07452834627792981
163.82538844042747,0.2061436658114707,0.5518434832745602,1.5092374802366755,0.42813594148789647,0.1978459611479345,0.5322078629115522,0.008072394481135878,45.529029693302554,62.662058444636564,0.7981638925639405,0.06947199585420094
183.1873240929335,0.29608662844172157,0.6511612633630952,2.0839811182944956,0.31154636348370535,0.24380673956469864,0.5116938641406396,0.018982388942866153,29.62828179364444,69.10302075592156,0.626957017758357,0.060346498075432464
198.1966369677076,0.23681962246728175,0.6610589325075427,2.0973090804397696,0.35052288906780654,0.18704882112142138,0.5453118054734645,0.005548154075744124,36.614773581956285,73.16251282006978,0.6108322508627892,0.07474782618055542
177.34175277441915,0.279334095421828,0.6893177738395415,1.886206392046328,0.38419581437749567,0.2383468992085178,0.48484411509326425,0.009171654630294184,29.121546410261494,66.47308436604841,0.7037810011174638,0.04342006135948395
170.59690739287598,0.2907430940874423,0.6693360075875135,1.5302199660697968,0.35772530214225784,0.22848013626355948,0.4787408767413873,0.006792289554194359,27.921057096760407,64.98575245530995,0.6870082494168839,0.04120064842254578
165.6319306078407,0.29537618581811925,0.6950983122058476,2.425510425193851,0.4937507358287285,0.1336823480754377,0.5435760724472385,0.006052595152036652,48.56942156207295,70.7675331483736,0.7117142143128294,0.08138789630766041
152.88265259612893,0.218656541886727,0.7331411815040861,2.005661314940749,0.37231426880560087,0.13697485486822636,0.5084100431498282,0.005006630721632443,43.192751153505505,66.94590741656636,0.6509797841274059,0.06670121075285351
195.68441351326493,0.2698793570190752,0.676351446612709,1.917415367995127,0.4172872815003125,0.19667574367461002,0.5493577573206541,0.007522308744889135,48.69590484316799,64.05909517960364,0.6595489030435676,0.0764549438240465
191.57837726342902,0.24824264530967863,0.6282658456855394,2.0224470200318345,0.2809231540004075,0.22585641876532211,0.4747666605723391,0.009236691468395968,36.94168402903833,59.11184202088428,0.6216074789060931,0.041428515842653724
167.08800064065753,0.22979834135411795,0.7079387528304929,2.1387710244843126,0.29256700933968716,0.19527535047301595,0.4966672842858413,0.014963757271941951,50.88889222459401,72.91882729470258,0.766156273722099,0.059219853523700294
189.28065462411405,0.20578339603768284,0.793404720729431,1.8254604093463818,0.2848788789049955,0.10727276987353748,0.530812659350731,0.013332023569458808,46.33914584977454,72.81327129147006,0.650859241070238,0.08411755838142199
185.0542005909902,0.24071010453556083,0.7276652976708964,2.19518663389611,0.4555099701505359,0.20815357518085176,0.46873303975771624,0.017384754362098846,44.480873084613975,68.59917832145788,0.6278875363441423,0.04657731291763412
176.27483002241976,0.28070997445046303,0.6474606397317139,1.731813034139424,0.41965674285360266,0.15282236497592755,0.5429276590315801,0.00837675464785943,30.77116425762427,65.89205263534892,0.6552160420216296,0.08022805756672824
164.2950936410953,0.2954348039504503,0.7140141113319017,1.8731487990282347,0.4782162706993801,0.22213307508380317,0.47984718237534424,0.010214455260167402,40.3564044268525,69.09529294881233,0.6058286630812119,0.04484882012138769
198.54786674218934,0.29649819543701444,0.6384913574608592,1.8623132792999633,0.41992508709423715,0.10229985988156459,0.48882567199218235,0.01959147708290205,50.986880695329255,66.77869501495394,0.6232900214674965,0.07177801638545134
180.37636468555826,0.27549020327297846,0.7909719934240731,2.306329136913758,0.29295258335417385,0.13400047686273728,0.5190789459722494,0.016322567228877878,26.718562148108113,64.80715883291279,0.6803786418737748,0.07790181966402088
165.80286325799588,0.22870915958536658,0.7781392383713122,2.498960542404263,0.47544693583629516,0.14486886553868283,0.5102598579191587,0.014286354666039468,32.1628148757653,63.92932652139757,0.7496078643206299,0.07174844584233142
157.97273681950128,0.29036451308522077,0.6743027320045077,2.0091240897874787,0.4405743715346268,0.10210227111735536,0.4744705933490563,0.016382996766718946,38.97338577970457,61.36066770098954,0.6677400552859744,0.06467416336681708
189.10849361821607,0.23390372104992002,0.6500743390470255,1.8489231381722397,0.2844749300475233,0.2442150183540177,0.49040862233921434,0.0064577023859742335,50.82345764861037,60.202070646755615,0.6922833463909074,0.043075330809642765
167.12384884689754,0.2324012223023734,0.6148836870087485,2.1635906548396444,0.4238372645149978,0.17747327615310554,0.4772047059269217,0.01312670417795046,34.3695195019642,59.02726004561041,0.7758552487573033,0.05296564405261961
176.63327160359793,0.23295465241810628,0.6007269403542856,1.8061484598531674,0.3418812215882434,0.13975631094179689,0.5372267215359942,0.006790289797052891,30.664859491945943,73.43451022440556,0.7818413458452511,0.07860070849210388
164.44010746529563,0.23768712009648948,0.750258856428247,1.934553437520019,0.4267731784604634,0.18532406838598922,0.4962607575386156,0.01570076534490517,41.00475061261222,62.01794199651849,0.6028208648139872,0.0610133143004532
178.06385248965907,0.2759527791954372,0.7609950243510729,2.156742975502617,0.3951276475492392,0.11845487190298878,0.5090015063918999,0.011669052170038781,32.579582616221344,66.7826286573254,0.6452453799861574,0.07325812809222043
197.42928671562933,0.22631701698279322,0.6198712776585824,1.921293497410295,0.4826950779510506,0.12467085113845652,0.48801012125945686,0.01210552840905204,53.4890331664244,61.79279445035829,0.7266394411006093,0.06456701629258532
175.5394517607482,0.28687790011289366,0.5949981050973278,2.443936648712375,0.4714647846963167,0.11583204689260394,0.4523291154081945,0.015284012244340292,30.2490437978452,72.28887260624212,0.7987256680764603,0.0537604969408676
184.78862099221914,0.24525554682109713,0.7546377567826711,1.8925716671889776,0.4793856610106053,0.1809711539287396,0.4903823288111503,0.012650359458444756,47.87217556154292,59.98362249852552,0.7121126872214935,0.05753155156298817
191.27144697380368,0.264215875517621,0.6627162551000831,1.7339894896884824,0.31033613273332433,0.11771777397647534,0.542023590116069,0.012004267887088228,48.283867707655894,67.87513438632786,0.6251160816766453,0.08650840641575996
186.2883031675908,0.26661100938420385,0.7841390200285705,1.5601650580727666,0.2500591735038201,0.20442668505082737,0.457425354269532,0.0170926734637923,53.52536377485003,73.64530758762307,0.7689998847577457,0.04224243673388628
176.48372238064837,0.28051110363282955,0.5881640609890293,1.6740941617670444,0.3523356034156866,0.24445095776297882,0.47659362901520175,0.01952313918770532,50.16467224845973,61.816138705148724,0.7817414210547581,0.04466645486490961
153.01708613216917,0.24383207331101436,0.7773165596480078,2.1158274409732987,0.3385688907655584,0.22228506489907426,0.5345666727191765,0.018888055571621955,42.27111640472379,70.53938777897736,0.776711256763535,0.07396447663313666
163.29596338517575,0.25838577632051585,0.6408965077450138,2.1673582788307124,0.4150212089364671,0.13205700052351768,0.49243889144560815,0.007217843720080234,40.10535284426193,64.77555165324316,0.6505933697611407,0.06256405395333786
192.75870622605947,0.2989995548082295,0.566736172964744,1.8804478249502035,0.49907277316494264,0.22954433483720235,0.49221553903869436,0.010649341973501559,51.519813929202336,62.04367711341914,0.621604735925208,0.049093066845216526
197.0951672029494,0.24251832845710397,0.6817202220049314,2.049169133993674,0.2899188786991247,0.11070309218804043,0.521435052821221,0.011019836207550296,54.38330010550501,69.37310989198274,0.7408280334886579,0.07867527145344866
167.4710891326416,0.24848306906840986,0.693298026975144,1.7551153095828838,0.40094198161355177,0.18231973637924692,0.4522720273445726,0.01514294379954213,52.10489611265305,67.23803622509269,0.7426276958973801,0.042988121932921786
159.24650489363148,0.20276001312446712,0.748482863855225,1.6217016458056133,0.3657776875390868,0.15531272773375884,0.5218043416021343,0.006573182383018077,28.26474616139729,59.85853537810814,0.7975805702997829,0.07032198406841417
198.5113251361441,0.2238374287006449,0.6367636404140042,1.8595627942973199,0.4430512666824232,0.17865291540732497,0.5232231847684576,0.013423252071941722,27.12387577182826,60.6073100222854,0.7915009903555846,0.07187664685488926
151.2197681612105,0.27484376728168763,0.5769766655203259,2.2651096618289017,0.40689446028544984,0.23884976384750614,0.5001236474057162,0.016920250933943257,36.063985980884084,63.14372212404856,0.7539161834957668,0.054720442771667877
183.11901295936767,0.2595725252360364,0.7435314614209252,1.6885721039276875,0.43702509715044124,0.24366681037638263,0.5371660241404972,0.017540659647104266,43.55371770760553,63.9732666114391,0.6378492645467844,0.07104308993484665
158.59015486721975,0.25084014172780805,0.5993229781453167,2.470814955617386,0.3314378703980192,0.14141643946947313,0.5172163104545017,0.019803974292667927,32.272235686903734,63.59567277572542,0.7371818763809195,0.07819367356523799
181.22584590676243,0.26893290987590085,0.7499133274543148,1.5808292388630578,0.37776646494065896,0.167308505199813,0.547555282012675,0.010346213416728615,53.05734398245909,59.71032847809393,0.7383723754572498,0.08155251115158535
169.36556381502766,0.20547927912623445,0.7903920858118086,2.139517513833113,0.26402539319720586,0.16280481532801314,0.502590289231473,0.013757622822287787,53.208831394152384,63.84916071012381,0.7972804099123585,0.06585178464456476
172.6498119059357,0.24978767513205802,0.7250892353806367,2.1236285423162875,0.36546735594075214,0.2315550121022906,0.45545061411412274,0.008365804742168996,48.176477525009304,69.02336407297754,0.7711619586351506,0.03149725796220082
195.09903420107253,0.2539868477230315,0.6501968036746051,1.5887018723968138,0.31107731392274607,0.11979723042431789,0.5165621565768544,0.007209564825955156,41.928604892565765,69.15901589773236,0.6200554444205104,0.07341035341369206
198.83054605012885,0.24765739583185684,0.6124236806043694,2.2542365903731523,0.3527536634116549,0.11049725952841986,0.47579543441692346,0.0053480667130381436,30.046924253766207,62.19090968895858,0.7953779302263237,0.05837828265111966
160.99334566928297,0.2663101376729718,0.5712111404572435,1.6985757897809883,0.26341430611422245,0.12618315907215755,0.5144515202108864,0.014911608325764056,27.107170482113418,68.48959508342719,0.7600412747694338,0.07624045001057311
162.36756094219584,0.22995900071936112,0.6787810455564425,1.7671616703834225,0.35862902578022005,0.23579404556659928,0.4729597984697244,0.0068161157862395814,43.4306693174374,61.35556091968624,0.6228827436219568,0.03734654870777376
183.32909170528316,0.2034992834850502,0.7852306713143444,1.516309937807325,0.3489884025019887,0.1152982356274635,0.4645163445108873,0.01437755514018985,48.44435214146467,65.47188606859494,0.7295971458913834,0.05805325259689198
150.81750735947762,0.2626395783918479,0.6526768737198337,2.019826840285258,0.2545283735812387,0.19028908449689252,0.5017782815629986,0.017626039894245795,39.05129093406429,69.91078574002906,0.7514041320818624,0.06367432452816502
170.77227637246216,0.23969779451508663,0.6066587644108858,2.4433554463416205,0.4169652401257309,0.18656316034230028,0.4737206756105759,0.005654383444066577,43.12481246895771,63.44955641646845,0.6209035060396516,0.04592668604664141
176.9903132485976,0.2004121274423632,0.6134997168055402,1.8209690121487387,0.3809264506585438,0.20821055910132164,0.5481674965183252,0.019402911068127877,34.18695311475068,60.91027142958807,0.7174396516666431,0.08241102044257786
194.75112028922635,0.2134788285902285,0.58970326125792,2.477361886348853,0.316426859254217,0.17058041115980385,0.4654313129595168,0.013436583348333829,37.274589174274,73.15893042503238,0.6067237685506881,0.04946744438666428
158.0974185104429,0.2423100263259505,0.7734150176109723,1.6086861879871632,0.2619368512352246,0.21191268631884527,0.5425221152235764,0.014271874829656606,44.2336529109023,61.60635163016644,0.7906523922190559,0.07596160284128928
157.77363870923648,0.23049268353235836,0.5854745736047465,1.5975622533844396,0.3179185650653464,0.20211183396874316,0.5461979822548599,0.008749238155992857,46.83019699133651,65.0638086654377,0.7557412184800558,0.07520223345773047
197.33491011671495,0.2787727504330766,0.6563829509715717,1.6347530542145243,0.4545247122666142,0.1360428367482653,0.5167561996299078,0.014833745953702316,26.922401850895376,60.009097344809554,0.719895781295513,0.07584029109830226
193.4122467160685,0.2115798394044579,0.7927383046234057,2.0233412919085234,0.3533721516889753,0.15051521191185377,0.48990400461910644,0.01743345843858588,29.770876076951385,69.47408686338491,0.6279713260800337,0.06451802625042546
177.7074284361833,0.2747253654263893,0.7641721649326313,2.1821016188927715,0.4702327365326308,0.114610241363446,0.5289577707297459,0.014787119906718618,53.87160729447297,63.65208648650483,0.7914799289542432,0.08337071571759225
194.0439763333185,0.23396554154309349,0.5880359290593766,2.21178038270855,0.44632592337574706,0.1965223777644089,0.49122797040537836,0.014563619321647446,35.62520974273262,62.88841585507038,0.7267176265229295,0.056508026559185964
199.86104030278773,0.20054701401839153,0.6402616176297766,2.365210118710139,0.3947378493415934,0.13671698025786955,0.45543227273280334,0.005971941323679712,46.07930129527311,64.86931719042096,0.7879872669364082,0.0471655928781729
184.2118909241754,0.25588806261647656,0.6502587977942073,2.073187678721487,0.3036913863931352,0.2261909709633216,0.4736265035962376,0.007764269058752531,26.572383277105917,68.93949051050794,0.7697146882893957,0.040021025607984484
152.42035426865212,0.2260822519044154,0.7145729492161269,2.2467015965820067,0.27770511971568357,0.14444950503115347,0.5347700475505344,0.008054748076427394,28.314731180089293,70.72953520715416,0.6720742077025132,0.07783087110829001
188.40476852986734,0.2270459926688985,0.5500460470519309,1.6303074018666432,0.44188782089623113,0.1844292852084985,0.5446045005165556,0.012758459152020332,52.60078132933513,61.17618600136021,0.6173804933335139,0.07965532277785314
190.56541885163278,0.259426121810791,0.7642871377392574,1.5004534551414954,0.2986369462233566,0.15161565819131365,0.49919683397176884,0.015764468989003376,50.60366839952763,71.37764902262326,0.7821152000300193,0.06720135541081618
178.00883603215442,0.29729108826473016,0.7093928864144727,2.1080279830187605,0.3180798412820547,0.20138829437422895,0.49621053210135707,0.005926284369956217,26.13835117262564,63.92401501402897,0.7450358401966501,0.05271836339352376
197.18332015608783,0.24156084722132629,0.6724575564330969,1.6387567636602416,0.2911350832780468,0.18670228996644195,0.47603952382254905,0.014114275836529305,45.646128510359574,63.758925640316235,0.7890046183810911,0.05152510317066117
190.0917870499502,0.27313334723140126,0.6974564194202335,2.1166583216516788,0.4117566788601292,0.10816750317873572,0.5164697563671499,0.006613548424657834,49.61619416669118,66.65071202737123,0.6490194531657737,0.07451251689462879
185.2692531123039,0.28257482497420155,0.7497291237820329,2.1612824213712867,0.3711078970674757,0.1291405896436625,0.45397540776397155,0.01720453546406106,35.6027967129699,66.47343475091154,0.70512278038582,0.05330918710160404
172.51146362779662,0.2558040606040851,0.6713958734926893,1.5528286237558517,0.2524794532752811,0.21565854934127174,0.5335600337817713,0.019574107122120054,51.999594271547586,66.55386136439068,0.7331816526297865,0.07492045294611671
184.92348372415114,0.22222287732571513,0.7300612218543423,2.0056292701411462,0.2972083241047121,0.22691369035996795,0.5456579792344286,0.013277262317089474,33.0807502705141,62.62815225126421,0.7423375195938304,0.07450380069758467
152.48629841558312,0.21784830585437595,0.6249280387973295,2.1385652512331066,0.2565648994175273,0.2105307311753929,0.5005403763617662,0.011022979088159982,28.98252724486668,60.99919149265806,0.6364933697602896,0.0560916904437363
155.92703204655194,0.25033914293892284,0.7761072425734405,2.4928499152868557,0.4074251573582919,0.12533723413202094,0.4943276619608442,0.005601304056669546,34.025570766061676,65.91055661226393,0.6513024324094443,0.06331999182975778
153.81005909275024,0.26368658697289477,0.7915475447743662,2.16509308155673,0.3154656514924917,0.1027711128743729,0.5111602530908679,0.008659937271795913,42.566200903635774,71.33643156297832,0.7083308935973878,0.07437807244741634
158.73071389716617,0.2854547210271759,0.7873373004436233,2.4737442381868733,0.45846342765292114,0.11716659124849303,0.47809352757831575,0.005766610419533549,28.864423852763604,71.11359217795965,0.6204289024888848,0.058498245113241865
155.7591597592063,0.27143557526055967,0.7105485204588052,2.113229276517822,0.4744835757878205,0.1523210910637193,0.47952734266951924,0.0074747839338808525,53.09667970566865,62.09963315179721,0.7623985524554058,0.054758641642820294
199.01584010873253,0.20658470740737347,0.7272706922932488,2.0032341763982906,0.4958291000228383,0.199101603929653,0.4840745705741883,0.007848556535559634,43.734035675602684,69.33694582982535,0.7525530249264237,0.04926045100319243
180.12404727417152,0.22670022772420592,0.7449852329749032,1.715144743453404,0.34594907216337295,0.1091265138009067,0.520449500144962,0.015197817960083276,32.01958975989098,60.916688188734845,0.7469053600010999,0.0809086549083986
163.71209803149515,0.2416070729671991,0.7784703921084536,1.9002924894439996,0.44586168059006276,0.19141073328379826,0.5274375142186627,0.01721473343474467,37.56668639690827,71.0706809493012,0.6146083697158072,0.07420833236164981
156.5078107828865,0.24500342915891687,0.5705960752651141,1.997785003505998,0.275755617479687,0.15324158302115232,0.5337761989479234,0.005668015672342357,40.27128978077016,60.43860490506638,0.6091626187833041,0.07476172302949635
195.38831355951206,0.23620125094344757,0.6914261589348851,1.709667679631885,0.4561284743876791,0.17024396782953172,0.4891321890111309,0.007043176223942427,51.56148850043874,68.33173241837653,0.7614941597735411,0.05551510700797735
198.95700162809334,0.20588266781572573,0.7991158288160068,1.8344951977020294,0.33265976984938594,0.21183270240828975,0.5096611940879775,0.013503173925461132,39.70227929903848,66.4349814145451,0.7816720865859008,0.06126114957578466
191.51049833175813,0.27478574802481415,0.6023719854713028,2.332075610933267,0.27186536713575826,0.2250590865265462,0.5261493612306158,0.01567946083137899,49.92399172993913,68.8987738641327,0.6734376245212578,0.06773107084018193
188.15300230169424,0.24832757886772922,0.5923475020957248,1.6525365347311545,0.2911271693619931,0.19948621189807783,0.4681782826573969,0.0057772729312520685,49.33263262690391,61.03612140353498,0.7238720978968316,0.041493510173040704
195.15480217243842,0.2973217131778215,0.7546441454333421,1.560505723237326,0.2969463185082041,0.1563134636291159,0.5129203087793238,0.01077138955117325,26.507305934476964,72.54702501080558,0.72095257180402,0.0691946904348697
169.19396253440584,0.22686171521844448,0.6646048074067881,1.8149043809344776,0.3357245182835675,0.15069050219101346,0.4613123509184073,0.008069552254230282,36.55955839961089,60.076720346871205,0.7252723545795271,0.04826631975311102
173.86267208673277,0.21090948484587763,0.6962851261928328,2.3281814141052206,0.32825596026277626,0.16585748712778597,0.4762183078789986,0.014417332582058457,30.887249820273883,60.74771057279677,0.731883412154746,0.05509430411575522
194.99173008103944,0.23828675177063183,0.6342431816781675,1.9529337544500232,0.3586166493624736,0.1676538285886284,0.45666071042702167,0.005877493815377268,48.82467511916549,64.81203746598501,0.7408103909146354,0.04249281523289028
186.7607330250266,0.28488196300728824,0.6229258745579487,1.7136580697912867,0.38962506084420023,0.2268977504425799,0.4875349722483782,0.007044953633571728,37.01148792652323,67.97564905043158,0.6431523280791329,0.045383306320673
174.48840024817034,0.2438080921580938,0.7135640023680334,1.6108540156104794,0.3274861745712766,0.16255367105123075,0.5451631219521393,0.005307440331020665,54.634930653351766,73.79674255572053,0.7301344705463749,0.07783329054791466
168.5737261025123,0.26931830333092616,0.5570681961646771,2.457075253581209,0.47302883348797903,0.13909580965114857,0.5351062936958091,0.019036920509763057,34.35938815879263,68.14909075446427,0.683269176125272,0.08544707527607898
184.1105423290019,0.26811148370926197,0.5715234301824715,2.21652569494404,0.2915179814327369,0.12399909484884551,0.4981676022137364,0.010806609704091894,42.743536852373,64.4683259048268,0.6972266910765499,0.06786251850417102
181.8439559701173,0.2386696549396159,0.793456391361825,1.8606125730410723,0.4093503778722659,0.22033154422957346,0.46165247605458926,0.017611797164100888,48.03496021171848,68.4766428532542,0.7013247638088358,0.041442887174071075
169.44856640013816,0.2547311817697255,0.5563394420742492,1.815482446043543,0.47981464110754757,0.2262129960749428,0.4640606781171558,0.008219982340809997,43.48781443412754,73.30502790161589,0.7054114948515604,0.036187688484005776
165.99324841527005,0.27106182604708856,0.6147487136214275,1.515639937353526,0.49819902253618104,0.1086884125048463,0.47758556991794043,0.014447698627806262,40.083978985195735,63.71621777754748,0.7794218638712124,0.06399556581027355
186.56996721213312,0.22398047930060236,0.7370504772231712,1.907252326132018,0.28616690466160183,0.1174029524752242,0.5113446599704966,0.019255161949285785,29.311668964481072,69.51099345152855,0.7473348038224013,0.07855792409782225
189.03518603872618,0.24223765010759624,0.7312960603959372,1.9524293980821774,0.2890259642058397,0.21695274828596214,0.4863138741099313,0.012026985576197686,28.918569783805125,70.72146366283243,0.7771469759658127,0.04957370136753525
179.6711073026073,0.27014547467854905,0.6472605590353819,1.8983970943723731,0.3925040502951275,0.1978978413425786,0.4921012457409193,0.0052852447553319425,35.78862863562909,62.950328534943665,0.6774393792927673,0.05123338880139272
179.23126382866795,0.24443314377342298,0.7623809970145216,2.137348800539219,0.3829245595431954,0.14738145680161155,0.4664354264732253,0.009809551693494472,37.166187367935215,59.33146361398762,0.7179664735018499,0.0516820168236336
158.6338106970278,0.27233062848501954,0.7968881548664355,1.8321358762829514,0.46265619841597583,0.16432568002918355,0.4754749441450676,0.007592535028207875,41.47888952906936,59.07009118848094,0.7987170356310388,0.05136344235188517
153.10627869821465,0.20273512582097802,0.5589044051048281,1.5575858638143583,0.3216106512644814,0.1400298950395805,0.5195695871371826,0.012457197977891184,48.05677256814935,60.72110795891256,0.7747488126170942,0.07505133407403264
194.61029878127275,0.2806203584270867,0.7414312458915868,1.6126967300890547,0.3562956188827314,0.18968027389984707,0.5369838109677062,0.007343008899724524,44.864295829974644,62.999689736484584,0.7231938425673256,0.07214940298445072
179.8224798160538,0.29846358420905145,0.728526682748763,2.346951360635859,0.33570077949998595,0.16588761135664598,0.502379393573395,0.011876402898319689,35.72539948927901,68.15367299234411,0.6452003839177273,0.06424047057998905
171.24337297243238,0.2459349757920717,0.5988224965701677,2.150897653464058,0.4005902644440277,0.23018655362550122,0.4780754397813285,0.013704608339100236,47.54589449267316,65.92486811988086,0.616403764694458,0.044641378984579205
159.07241147679494,0.25979460142523186,0.5989211637909407,1.5509045371427415,0.3172259432194694,0.10947208523293249,0.5296448395173581,0.015021604223734206,53.09687972217382,64.61520971083223,0.746318918816784,0.0843987676503275
160.18717003957866,0.26173308539117185,0.6343721295047693,2.156991668738185,0.37945213736941796,0.20756690223322216,0.5365162848644408,0.008781881425045681,53.60870088084707,72.3843726333063,0.6233583076371707,0.07033098331112342
183.79700337031713,0.2738525103338929,0.7934132806632208,1.9456518254888362,0.2759342788689547,0.2099925170902103,0.49404237419294267,0.013314699839704233,50.89689479285846,66.21027349949975,0.6760057572486301,0.05478699636705642
188.88564223922273,0.2887059568906082,0.5967521836904658,2.0640233129968544,0.462408944339858,0.19215692744359059,0.5219231334608624,0.008497313685524649,43.712782996728585,62.32943982474211,0.6313878046475485,0.06631359363791489
193.65006961100045,0.22614372088842208,0.5681447654089505,1.786200069722891,0.47274297715193686,0.11812754139816431,0.5355427180142935,0.0060728336153377275,41.082069562949954,66.06626604404975,0.7654296550687866,0.08020111629002713
190.57557755750793,0.268668335755953,0.7616831730118089,1.7448598043635104,0.25499531158521005,0.16724931567705825,0.4750131587704751,0.0055005484135785074,32.41680447489692,73.09484597793198,0.7896253657607921,0.04956001821528844
185.77954697520016,0.2353649859516855,0.607150868686776,1.9629127634337533,0.27733813543885594,0.13256207423826566,0.49267790086865726,0.006436530160820659,30.462806862875144,60.12368620879629,0.7215922592808302,0.06214733245133175
161.02941284386728,0.27127375483911204,0.6333398102468827,2.4111323574688193,0.33596780297030676,0.15511241293185266,0.508563398024407,0.011179966059900362,45.53109243657316,67.70390120171157,0.7596709667810182,0.06786094339213378
163.6021212350679,0.2608799411641495,0.73475932161662,2.0385508728840946,0.49168885462918976,0.17956485523862195,0.46907727075301686,0.01832861397653288,46.64285858199409,64.64508925800587,0.716448508535041,0.05203874974858991
189.27699588332746,0.23785583168738983,0.67427956024804,2.051132381709901,0.3843649952048587,0.16167190537907772,0.5155737193588065,0.015853371824169855,26.394917946862353,65.96651027727187,0.7660664686036283,0.07252834753444404
198.31881022732364,0.2831555280857455,0.7781470269725109,1.9110826963456233,0.3762058593067337,0.2374029435529032,0.5257615083877277,0.00812775851148897,37.769226163787145,59.58348286688932,0.6798135810157993,0.060660979881959065
172.54330240752643,0.2918341459517192,0.6780598484687778,2.342568128475974,0.37073750157779123,0.12080452005151884,0.4750069561029438,0.006964895867857234,26.319273015929905,63.153538778634136,0.71309115447374,0.05745804667412813
166.3017656312282,0.2937716389974102,0.7759370465658599,2.316458275762587,0.29765150799821927,0.2464453500822656,0.4715988888628634,0.01488568490207727,37.58119212083816,65.14695122354243,0.662521635579394,0.0393947136440147
177.98662477301252,0.24055593528422525,0.7311215176991508,2.2800961520888485,0.39043218395044443,0.1284051399229238,0.5115918844922607,0.007882216466056224,53.53940762871884,73.2202219126633,0.7459844027194691,0.07077227029230926
186.66858618206234,0.2189036686883931,0.7806668433428126,1.653768970936775,0.29128482394499156,0.18493375007884405,0.5383620016762813,0.009194978678542238,50.496626416192484,65.02084218008864,0.6839788385261251,0.07461039869349406
190.09802257250342,0.24990864956936673,0.6627480969336329,1.7584638569439939,0.29818322695748517,0.17016124477454178,0.4690024998126763,0.007943006196763651,33.830027085583154,60.915446873099455,0.6461394263515352,0.048052191943952494
186.29609913854196,0.2907098943570671,0.701180014289338,2.1134788141805925,0.3099508342925341,0.11404447107071589,0.48845039422040853,0.009617330079033069,50.84401115996128,68.58099100814465,0.7419905239417988,0.06486656207425767
176.8520562960026,0.23239437950285036,0.699245289665027,2.4324129635886167,0.4508801814173521,0.19874295653616042,0.5101487383828479,0.019063704837184326,38.75063319059989,61.34943216212365,0.6571548044485505,0.06681478607379177
167.35697404887472,0.20599981269666381,0.689029495061632,2.3327712394606195,0.4460411018496917,0.1697102599182652,0.4613169625665058,0.01793275778940845,46.87979993748499,59.87774371182449,0.6402828947691467,0.05023578968985021
197.5822301920669,0.23380895212034067,0.5808697875707227,2.184649500477124,0.4027767869803328,0.16609815235176184,0.5285044897964292,0.013084790676558324,44.57489270442257,59.820335940020186,0.6283797488944414,0.07558692694829006
176.1621840615801,0.2561178159334655,0.620729659164622,2.1062661909598432,0.28563710140054677,0.10214851304570598,0.5482969102202525,0.014866031720552477,29.79878612941408,61.75006364851112,0.6275093043861741,0.09260568672061709
175.63060177659315,0.21046841163826124,0.5985553244828224,2.052257032479422,0.4398119512755155,0.2225642823484351,0.5001460569109095,0.007957180541013124,48.654676995203786,65.28172407382169,0.7303793549915304,0.05204820492372164
173.8093698501319,0.20414800076385153,0.6277241606481039,1.972702330140609,0.3141020346733022,0.21522964913262765,0.5409581768627066,0.01728107450553091,53.45993300141288,61.65846394417995,0.6825777911801301,0.0767957605708034
185.46956834691122,0.24043691457096555,0.6046310965295681,1.9778318727975313,0.42728586704370786,0.14877478643034048,0.4959074742357678,0.017619020461162965,48.04806420312126,65.74188800290455,0.6876132416639442,0.0672910266089275
165.2436092776081,0.22470214097325772,0.6334831686611921,1.7005152655290665,0.48301953309365453,0.2116644403744656,0.46244461169005063,0.01196909919873479,35.6352997272387,73.5669642114311,0.7505339217975685,0.04033277758253462
162.02385329272906,0.2579178216136137,0.6774108502155363,1.6836105994069714,0.3265892385976763,0.11364362000459961,0.5423761550629852,0.014405938625875038,42.40819446319813,61.2023858348413,0.6996231168254536,0.08862432103933315
199.4455103938659,0.26502377750941314,0.7103242413377165,1.9804140032301452,0.3170990705563054,0.20926864995886052,0.4791520934700088,0.01205304830202357,44.76885010410944,66.4090240482398,0.6705667982957817,0.0478794715550066
184.77987129596733,0.29337908770836324,0.5749304328005159,2.260387059204964,0.49991067135363415,0.11258582764247867,0.518201569779156,0.01204100784581102,49.47693255256232,60.21786843406075,0.7648412115196985,0.07778286423081227
172.08423006496258,0.2606363807479107,0.7489057663212144,1.7632659732072695,0.37694697588836645,0.2351681881096654,0.4797169444266014,0.008301675789923597,29.173423137446616,59.07808216325678,0.7350630038593778,0.04126931391101607
166.57538790230925,0.24615163690573094,0.6855020495467491,2.01800945114734,0.364016635305088,0.22675642145169023,0.5190537521949387,0.012840137463612941,52.87085317737057,61.39450538069542,0.7231959759578168,0.0625382628772968
161.8080689803693,0.298328475711365,0.5870332797617704,1.8246310604634808,0.3006508682588182,0.12150600996680405,0.4548855181644368,0.0173550652474861,25.453115794560695,72.63408275376844,0.6124306945925033,0.05487913828210367
198.8970868669394,0.23346656618541942,0.5746189556850342,2.454778364972564,0.4168911108329517,0.13790631167671066,0.4571624323510531,0.010778588594603324,36.50600925350007,65.66514476934051,0.789822438046104,0.05006523452766487
152.329238878514,0.23660312471178163,0.6820445223599946,1.7330752217360956,0.45043692831692095,0.2226113426942371,0.48748907557066057,0.010426152857087145,41.63819927030965,65.9107335851423,0.7406466625165485,0.04815060274950156
194.3295027104909,0.270431226823396,0.7970386000463247,1.9573780735861568,0.325944972760035,0.22716442486631608,0.47595349796770664,0.01565202161797965,36.541684483961525,60.678526307935584,0.7496438880695118,0.04537039159413325
197.9304031712681,0.2881162928484916,0.6501600250123751,2.2352404161182022,0.27836344563305593,0.19005537212717566,0.5093024152634247,0.014540762815725984,49.083098729347704,70.64704781379346,0.73927193183898,0.06507918788292955
186.8880118497497,0.2382056687816494,0.5637881466046897,1.8826869619804927,0.39010269171962275,0.2113861990084766,0.46414604037339563,0.0061371375042173085,39.27463846137651,71.41941977088635,0.6892581904436191,0.03785528449634512
157.14311200539208,0.27533896462486723,0.7166033887037614,1.5313967966492976,0.42609576713038233,0.2346081366668212,0.5299853839600203,0.011149445962728256,36.11406841690346,69.56413819482202,0.6283437243208836,0.06497290619199703
161.8712921073452,0.2597761115296786,0.5847321988073294,2.145941483957055,0.3217783118610924,0.12736119417156264,0.5198224416042482,0.00529671891760888,38.203863092602326,61.503031530359245,0.6297324429136778,0.07252592404574898
162.77415946086262,0.24503756116051734,0.6126014283940342,1.9609493132574507,0.40207183704346994,0.24727802153414774,0.5088318260817901,0.005804027857789194,35.27200832535439,64.23225707827841,0.7454186444888778,0.05009028183621922
169.36237976025242,0.2749526885835921,0.7416809208871782,1.8114563894657736,0.37083299659226676,0.12863147889949222,0.47340515923723736,0.0054222959800961324,35.76719296921715,64.73108491886109,0.6593404864235273,0.0548931724420072
185.76915892713993,0.29630928252821637,0.5646631096749656,1.9147050643130679,0.35611125384629017,0.1091165309565677,0.5167660006266284,0.013783704907271823,49.109020508910994,65.45445995248811,0.6806179385894076,0.0786573762657099
191.7716833827877,0.2360321159623068,0.5789881906036665,1.6010084552054171,0.42531782476932734,0.22222141336833892,0.5452927978613228,0.014897595274178348,54.341917062726104,72.42044992303796,0.7900933771575809,0.07612968574403567
180.4669653130211,0.2444193974662345,0.6478234955793818,2.4496801312602257,0.3880767695891426,0.16652682999000526,0.4516908609871419,0.005975799175458679,49.16699138141114,59.389238562551974,0.6001646100435455,0.040782766387110314
186.47651654282078,0.22032045828816707,0.7078588703874702,2.0948134766362974,0.40734441635377006,0.18535542166415303,0.4677949537674398,0.008563317567643452,39.81053759599785,67.52310000376931,0.707453435379338,0.04535689727663339
168.08136584478015,0.2159428277485053,0.7783827561850499,2.2181815830303533,0.3058130994804867,0.12422992916940988,0.4963111293998019,0.018423835972143972,26.82414088660857,60.43412827690107,0.7680636458244332,0.0712369769430552
159.80104565132433,0.2340096153007308,0.7481404293103054,1.7465230020299252,0.49805090669989893,0.23732657773613333,0.5263324723765245,0.01623569524348694,36.19307722863826,65.35970674987257,0.667773963646689,0.06626199025276946
173.03555419739178,0.2555899850993948,0.7794461220461614,2.0908177391132314,0.36851981084741453,0.10916851744481633,0.5231638743629964,0.011002563481734215,35.920185566257665,62.40789099531797,0.6579754389766574,0.07952319349305981
195.33994859893673,0.2094519502051947,0.618036024146944,1.8312112259124633,0.39868943333115675,0.1624563193190751,0.5419562419673044,0.015880169932024436,43.44587604282398,72.70541313740834,0.7653152153368136,0.08343531925902425
188.49819387010467,0.21486758447499357,0.6630946838133673,2.171814905320029,0.41609601047404565,0.1678492609644802,0.4692361223559367,0.007359473057482553,32.076496886874764,68.26025596425183,0.7318347529667363,0.048208443308340065
178.24374585314393,0.25382147983216813,0.6110446130261933,2.440337202512976,0.3165922604039628,0.10753156075172692,0.4895451707644017,0.017010787834061732,44.63400061510413,67.31909504990885,0.7018940677335976,0.0700504840974645
165.9082733597608,0.21388431281402573,0.6036693640420839,1.6102720243589206,0.3658290097364894,0.10449508967362116,0.4878486823841919,0.019595567687364254,33.281280114740255,72.2983324498552,0.6455508369068834,0.07111548517468691
163.0636836168408,0.20120169671286636,0.7912916740969205,2.1806798761898354,0.39536029531998174,0.1013324663722057,0.4851385807696535,0.013681023278360734,28.10629127739965,65.02569100850425,0.7572835823671243,0.06746186054488135
184.58019618674888,0.25377893699929593,0.7809601543594219,2.398080190689045,0.4592603518929663,0.24261190931847101,0.4585117627392061,0.007832436043196814,47.67910566633597,70.24050880681031,0.69031832377654,0.03027448641432784
155.0934470182657,0.2910983779585341,0.6923283888509897,2.2876773426591757,0.45513470988782667,0.16298685977042524,0.49251580418788327,0.019068590972998282,53.94202194613339,66.39421461539513,0.6534861674417506,0.06466287025477868
188.9542093478862,0.20255673782268163,0.6797109604255056,2.2878471214974967,0.285645632351026,0.13488487493655069,0.5401719092677835,0.00869868003175828,37.023046291270845,63.30172951057121,0.6039048588296769,0.08159887957526735
184.57707846322475,0.2805084574178515,0.5540104841737074,2.25396255211505,0.2677452934476702,0.1744251963333641,0.4870834585119621,0.01021295742840877,38.22855941664993,63.811772423424316,0.6077836587683835,0.05584195107940104
165.6686004231298,0.2073127747050308,0.7280313441048132,1.961508475177894,0.4740090409335953,0.14351168889996338,0.4690738182815537,0.01596012606739647,32.674134011124885,63.354627958141286,0.6794284445714179,0.05645983746899219
170.50204749160196,0.25081879289707587,0.7408989868627743,2.007480047265554,0.26747143941114404,0.20204981863209198,0.4822765381202754,0.016075882392277363,28.734170556739173,72.62927746064744,0.7625647906276184,0.052679567803807004
151.0455918176205,0.21164423720615225,0.6953125907704448,2.3894184876055897,0.3328935684610751,0.15604547491392062,0.4871781991433271,0.008187462920392179,53.01551548938758,61.535568573513316,0.7312680985858703,0.05756817945120929
198.59685022378466,0.29960057342439506,0.5712628907581745,1.914106358288607,0.49888692569396764,0.24394612680524236,0.5111743730111559,0.017714070720429485,39.90922071003935,60.237826740205605,0.646267324638391,0.05930208611653143
182.96681448593944,0.22622888521016143,0.7159929000023306,2.2616213323975645,0.34768085910697744,0.17536665029802076,0.4806727103004868,0.01932586034354804,47.321616664110614,59.93168463028334,0.735181846068703,0.05804381121606639
194.02283637121968,0.23693069054785018,0.632625474189874,2.34264088829751,0.48417177859456473,0.21508850751738467,0.506948338003113,0.01293195197896456,26.741276178915207,67.53430201676366,0.607116903862393,0.059233075766769616
185.2329328687488,0.2820684902706088,0.6685471485640198,2.112482362676576,0.3650113316862139,0.19207057747838607,0.5461265849553247,0.007620681664085086,34.40034240809407,68.65172971157206,0.7383597974573528,0.07580497832032052
170.61316959218763,0.2704385465696267,0.7399092421660233,1.9946182609423415,0.336884059526461,0.12106053701633288,0.49421384931952295,0.013847647024814141,54.37470807146505,73.14895042188716,0.6150517384369596,0.06839023163092861
155.02074143585332,0.26915375784430967,0.7198175699166933,1.6238306297061174,0.3104403109983841,0.1658158901048215,0.4859383433442107,0.018165387474933434,47.476314919178456,59.834964369245256,0.7869895212796423,0.06105447991967594
173.64354354146852,0.21816555868793472,0.6201473728172553,2.4376117513711217,0.41695793963567535,0.10507989034417232,0.5055330961003729,0.01857608705024246,27.429506918559863,69.42728740839644,0.6972101863116832,0.07742214642303225
184.49445813553245,0.22184063233735665,0.5892843701931789,2.3463982617148753,0.490878215427147,0.11923816529031753,0.5403833616192468,0.013385428766219773,43.39120711152861,62.695489298990026,0.6540515774673301,0.08653305919642662
182.20107841407216,0.2798042476895123,0.5639115993251913,1.639819235731649,0.4654724838285716,0.16765340413139893,0.5368285863351834,0.012183819052556891,52.17729123016268,63.589454606773366,0.6402851704035827,0.0782552996583945
165.50298988801242,0.2511798634890523,0.7121186434037035,2.305221554267344,0.3487172768302826,0.19917923806475718,0.4698540051638731,0.017068803325364066,31.614897853371858,63.95115099607392,0.6834232519698364,0.04843752493570719
190.90762761634394,0.24494740905605494,0.6138452112738103,1.6455283986121478,0.4259188621042161,0.11758962725120067,0.5292794507293195,0.01799143936068086,35.99608694626723,62.24821586042652,0.6646200743304379,0.08503522867385982
161.17410580329792,0.2079016307617897,0.7152693668385744,1.7444089172266302,0.44873275241815713,0.2084875435109193,0.5087502728636003,0.009489430996483837,52.47378752812394,62.74262964145899,0.7545133538699451,0.05894197121006073
164.59097742320102,0.21716259214122627,0.5697274393848392,1.8481239437307233,0.3373471048045513,0.16564617055590572,0.5366120224817659,0.007198993796016948,40.30349842448733,67.02547828864628,0.7961716862117131,0.07522392652072085
168.867399871229,0.21883369031896333,0.6458152543259515,1.6357721156797913,0.3744892200385319,0.13897198687279427,0.47457928898891033,0.016029537400395547,47.1402707976078,62.43660742084061,0.7540702718410589,0.05934388923151346
180.53557945690875,0.23221727226562405,0.6436327743023669,1.577828908366273,0.4034922990401949,0.22069786294801255,0.4683284213273961,0.009029164130406076,54.353165111388954,66.7281869223134,0.6523257809351808,0.03952065170460628
170.47584496905807,0.20551621706438988,0.6132406074044078,1.8974447025362036,0.3726949648680639,0.166613032805828,0.5095899294460549,0.014636202745831857,34.81424641755537,64.84455932281809,0.7642404788558288,0.06866817996296959
187.0655871015433,0.20584317768401617,0.6579775515219786,2.440279456544456,0.3036916185400588,0.16437910770866057,0.5405524103807193,0.017493778512779175,29.451006971610603,63.752714483268065,0.7256503217266057,0.08361966474831206
186.55896688066366,0.286654597977507,0.6031670260851016,1.948295289126118,0.45398055139312476,0.21702242303397404,0.5137685246410557,0.016779266855583445,42.375410431001036,71.35941775338519,0.6494276619893209,0.06422336711375465
171.17010778290165,0.2513681712747471,0.6589799032648294,1.5741665540030518,0.4508432140192631,0.14783691261765444,0.543171523039824,0.008481318024207037,39.74877383231196,66.75123498635561,0.7789555992649257,0.08103053980494224
155.21322670839035,0.28128179060027714,0.7456839924471975,1.9684035468583934,0.47605055774247895,0.19710661626842374,0.5230814059438328,0.0067309994196186876,30.37660862697946,73.08576108362064,0.7128387364627593,0.06492463845870589
191.05487368513909,0.2749420315436565,0.7560998947049621,2.075036395796837,0.36655590024176066,0.13012890503407432,0.5310114536140523,0.006282951703063335,49.54444455999734,61.66899847966771,0.6432537620065417,0.0770788114118659
198.36056357559644,0.21923622694475137,0.6587585092999921,1.784540282781708,0.3013550056332027,0.11021115970133101,0.4944766568275132,0.015080042525056016,48.866589596897924,66.57434742067628,0.7375464194662406,0.07059154034004678
190.41585196515385,0.23508351517892506,0.6399342512440258,1.627056622129703,0.3861510459627728,0.21137760410769824,0.48371067573848187,0.007657490594579323,37.35271890114485,68.78720750567798,0.6501499866162798,0.04689048629415993
174.28886083240818,0.264544514249715,0.5668922896206999,2.234444282192436,0.3129504514441821,0.12442841953869728,0.4608325146232547,0.018889762584416173,45.874369364503465,69.27409117901357,0.6466053144412344,0.05749192928442426
173.59678288317053,0.27723136333784726,0.730596594837431,2.4348404890044932,0.3154278114890863,0.16314505456468548,0.5242873172914287,0.019869368408568157,31.03734423867681,60.05637507486655,0.7115990237623374,0.07833900047126008
197.04332615385243,0.21357454507155132,0.7782387272669231,1.846915922843439,0.28499670375203534,0.13374669337238312,0.5467374342540107,0.013657219726279453,31.03507221647648,62.43797919348744,0.7720164953601703,0.08755254291691017
190.7925074880907,0.2698853129950849,0.7145444573502896,1.9624279946227567,0.32723842528755687,0.15540928680462707,0.5403815350857071,0.01304390502558988,36.617882638807174,65.9834059790446,0.7377494683068682,0.08186797380994904
188.04734199511537,0.2238683135635093,0.6131140867176291,2.169809955782955,0.2922260239062424,0.21205486956458997,0.49027406448234045,0.007451049228600399,46.88584072275066,67.29977408804115,0.725959382487027,0.04938831223580564
157.25446088766384,0.2346825851369246,0.7282768177463186,1.8447200840617257,0.49569988450043523,0.1457024982631853,0.5111110394873598,0.01905908702697096,40.60660652621462,60.41724071817806,0.6041196980551861,0.0746991501832781
170.1802298901253,0.22256431907289057,0.7889633965484718,1.9415226001378443,0.39683349603853135,0.16048751967771366,0.5005414955194857,0.010714331286501599,30.279763878598995,65.86999434370661,0.6145764456849964,0.06362088636569752
172.44435316223868,0.25922184460191955,0.6573915122220738,1.9132268166970705,0.46991417030819915,0.1541873763208741,0.4650111346403895,0.006731384626363421,38.12539165170041,67.38338980000282,0.7626078373445385,0.04843669154388408
167.81235024843375,0.23093442867254207,0.7407002105245425,1.6469417488086762,0.3951050675857768,0.20190986674017042,0.5359245941771088,0.019064000651822382,25.49302562460791,69.76105038701829,0.7826641108281845,0.07759914746065988
164.28454666945578,0.20209673374436715,0.6227683475102544,1.8753107065122783,0.46407101346545865,0.2300775527077852,0.5291379082863483,0.019471495642976504,36.13585915468592,63.29793370363293,0.7706042107509329,0.07072940854823173
173.56017741502464,0.20102197307406483,0.5549022163563375,1.6466881652167704,0.37133718533788485,0.22085123269744836,0.5250948539210366,0.00815819286657519,41.237655075283044,61.316045533087234,0.6921831754968667,0.06304637678340441
167.82100975626906,0.24915283612434558,0.6246918890328872,2.156695116919532,0.3780525826944868,0.12017344430080265,0.4512218595928127,0.01833494305423677,39.66736480991224,70.90857608704347,0.7130327006785502,0.05411815308752921
193.54327356981443,0.25144158869049904,0.7985267550053878,1.5962682739717224,0.3580637154343502,0.24760115955881692,0.5396812268045564,0.01615525383639305,43.33172867723641,70.30953606885745,0.6095750393328873,0.07065315016598106
197.23620980545903,0.20410882331849878,0.7568025268218026,1.6192804629514208,0.4922220182997211,0.23558484367865704,0.5164730776477073,0.01144715033345029,49.65745420300289,69.9515242139504,0.7350846046471583,0.05908866157506054
161.30234635705204,0.20101282649590638,0.6064844792829318,2.3428762053546452,0.38794036799453413,0.1545542736582616,0.4580835202358968,0.01886711774203296,44.49554168878146,62.395018989145164,0.7831982572899847,0.05181167797172748
182.51081059511793,0.22676643881058922,0.724704063078125,2.4988433502683143,0.3783093286538638,0.11228656640711449,0.4891398399460527,0.01886591588963496,28.57667822022945,59.50731860672356,0.6398159791175516,0.07022496193212646
181.74083828484598,0.22978181498534228,0.7981698519161664,1.6990319539190706,0.3071202957603042,0.20200582623308874,0.5160354467539938,0.005340213474824893,26.18135517259001,67.84709890133962,0.7686881394418523,0.06038276264052911
162.12159111436677,0.27243326161687803,0.792380396141114,1.9329891090813192,0.4574189342978765,0.24439212948491348,0.46358879494281746,0.008895556356195728,32.96141101780645,72.9699610497382,0.7151747553626248,0.032770462868484174
181.58757706202235,0.23269924759027202,0.7171300247250031,1.9739164502051039,0.2562627509082264,0.16224161046265292,0.5165026868115342,0.009415941886551581,41.70172765547398,65.72209951075556,0.7074334053967067,0.06898960807620824
152.66992559679124,0.2454274100787,0.6548954595751308,2.329499323471981,0.34987931809771117,0.1937188466299076,0.45693498743281385,0.015414676034370658,52.03230665967397,65.29697967547565,0.7538691250895075,0.04307128488244416
196.8234678008813,0.29503692131863957,0.6364811672544118,2.2326026019520326,0.4874756448328931,0.1612581682503885,0.4543859051575507,0.006353831909702152,38.318030636560664,68.49841990640702,0.6612016378288108,0.04293745945369665
159.45987388122248,0.25853470703134646,0.5955349781952216,1.84905028857679,0.269008894049901,0.10639388097339217,0.4691155680740865,0.007582302893291624,53.641697866287835,69.98431628533199,0.7829980295005111,0.057658311111026705
150.5432491345562,0.297520321294718,0.6811825370626592,1.889497574108683,0.2614843384703989,0.2261445910425654,0.5226798382106822,0.010807962099298926,46.07392606738571,59.84244595695839,0.7608293947460193,0.06290422342181046
192.84481026283885,0.25267007774592143,0.7646325554969344,2.2330653505694658,0.3090629123358136,0.1245298059578343,0.48472959330990584,0.01940875169095511,52.6456883758818,62.17549908979867,0.6871167854661443,0.06712430423021942
186.51767862370582,0.2653761999738495,0.6634627330519788,1.8873067646611565,0.2819856784089368,0.23936340578822024,0.5456413955334871,0.008212216130565768,26.815442473200214,59.05549746359268,0.7439605416926278,0.06909278012471987
175.2187177008944,0.24157967793462176,0.6861869695843011,1.6203091707053825,0.4004120775863846,0.13265301941001173,0.47343312034892787,0.01805908957051261,49.73846351562919,62.151278605505816,0.7266507410017438,0.06083818118304407
156.53001551417736,0.2248351821480795,0.6413715174886322,1.7980081071025007,0.35016717630532945,0.1183851187736442,0.5193762072791723,0.01644243369746527,39.9288021682128,63.924957039382555,0.7363460696341076,0.08005913029091971
155.65055620419764,0.2630535210965841,0.6371910214697019,2.177416865314724,0.30443334905505237,0.18972877760919465,0.48514023838068454,0.009986450102117272,48.682401769903315,60.89779483904063,0.6891147338278097,0.052480686345461436
190.99241833939354,0.21245544409273573,0.7440905517583507,1.8947747826064036,0.2883355192326049,0.2385745168177464,0.49274200025508946,0.009666738496849007,43.84958572056739,72.77818608823033,0.7389364683213018,0.047113427602653246
187.53912782181945,0.24782863169563685,0.7988756024814943,2.041499700143685,0.489263828557146,0.14025191220445005,0.47496045962590416,0.01183972613592427,44.86851083096935,59.21826205739614,0.6150283171675002,0.0571396834807274
188.0794657433589,0.269893039993764,0.722542670276717,2.2736416703223434,0.28761173747492597,0.17424119682688166,0.5409590163964684,0.007234854477775648,39.16684607588187,60.51581567787968,0.6201550274193149,0.07585254750529202
166.0757892926294,0.21532782497339167,0.5775467953092892,2.237825589890115,0.32331072726518784,0.15800930468119545,0.5028400190708959,0.005821805827334633,47.41941665207528,65.47257804047253,0.6621484100722633,0.0620421457856537
179.80417074018996,0.23389997126982173,0.6670624411395105,2.05287262522996,0.29731676003283913,0.11903285262215058,0.5273072026906832,0.010556869339218344,39.944503940039695,69.96394031912473,0.6250282339406732,0.07965156376349114
167.14234038882714,0.2505617181020982,0.598947338687805,2.1565631057014136,0.2695382710950461,0.20912888799966975,0.5364724707099016,0.007073489049376467,32.82653937797575,61.33542686776177,0.7483745523744944,0.06893436830296196
180.00964337204957,0.2519102870006303,0.7251333796713708,2.21095314570947,0.4725236125441592,0.1928575543023565,0.4912304576702669,0.018145549597361307,29.630534588168466,69.62970936606615,0.6667615950568756,0.05910706994427528
175.37233322954816,0.23872740298398784,0.7367889067397362,2.231014850698214,0.4922458128131836,0.2023909856336631,0.4999103568877549,0.017437536864211237,44.99993504318935,65.10213436238249,0.6557778789344518,0.06090713044932272
181.46279904418586,0.23393901741350256,0.7995920859477031,2.3110370274896783,0.389463143991547,0.2133548812307804,0.545882352440446,0.0052126751444799245,53.29857522209109,59.75006793387951,0.7782760913370348,0.07099931143648064
197.91328768220902,0.22708600553672542,0.7033385427842331,1.7292142994986008,0.2744652154106745,0.1527077973349565,0.5160682872013921,0.015097485370595964,40.703781572914224,66.60275104521659,0.7070807168697113,0.07350768384048934
189.0279556491273,0.2064584052667249,0.7112773216087844,1.6871418871912358,0.25869938024144856,0.1800112688608745,0.5297424648955923,0.013890902791245174,48.04935259543671,59.00872992043626,0.627966343736835,0.07470506946219757
175.03711978471534,0.2116305120731975,0.7073011472822384,2.1421657654032513,0.46615236266691024,0.19305945813777436,0.457379933738911,0.01749792623974766,53.13833121867777,69.96329948706774,0.7811677219051252,0.04444708035907752
182.07841581848908,0.27153654423485957,0.7709098487027215,2.0763013710875056,0.44531705607083627,0.21826457736376395,0.5277385708257696,0.01707017342956334,42.5167172181311,59.46070046982608,0.6248331595272688,0.07035104363922073
190.29550036231467,0.2246227703515473,0.640149435544425,2.285183738043679,0.28841341233401385,0.24701627557178782,0.45880471203704193,0.008700129425022279,33.07403494284404,69.61629784872837,0.7310907670106918,0.02999314515682272
177.94274659039385,0.2646852158893761,0.7862201318277535,2.4776446765936972,0.3946409008633339,0.21982150492417804,0.5199989099487381,0.010803949292012699,34.586797763260165,65.19643846853813,0.6688734791874029,0.06274584680568296
155.1562540024351,0.24400925365963905,0.7533125020307512,2.1737079935396544,0.4799762332078842,0.12708767497002463,0.4554046514719819,0.006124596503410602,28.9161498477361,70.35534552620393,0.627148856228167,0.048746379299245746
165.77868839597443,0.2123943404539195,0.6589411837661016,2.275694799890247,0.44174406981503417,0.12090870704142226,0.5343803674262272,0.01959708333032618,53.81029429337761,61.227953866158295,0.6921248098656927,0.0876747786883243
191.3044910201728,0.2576588658799596,0.6479852408071967,1.8390081212708762,0.4120774709158884,0.11367192114135427,0.5478674868156799,0.017243863000395425,49.469149902447064,69.10480281838132,0.6511745623718245,0.0926240137282548
177.1324211554478,0.2138121424158638,0.7820255655749616,1.8307974849693474,0.40614473473930846,0.13791017965730187,0.45892235621906713,0.017096351522295335,40.27698605682487,71.86107734674803,0.7807508217038036,0.05386401627174564
161.49649789380155,0.22811409364973162,0.7814453246608933,1.9803564201530284,0.2971729788748528,0.17734937469825998,0.46024864495158563,0.019807525130599836,52.513752500831146,59.57672796331188,0.6991995719795947,0.049485150210330175
196.94884345235624,0.23779817257946317,0.7256182622278913,2.2881844646815637,0.3830584020218669,0.10352922789364777,0.4870066347877097,0.018338800962746257,40.9726946983376,66.42721363561243,0.7416556469001888,0.07027494353087604
163.6059009869649,0.24307677990755744,0.7827086600134923,1.8948771176888264,0.2550632757741562,0.15570602245341864,0.46294379530349394,0.018506558382613794,54.26333130896531,68.47149492981004,0.7058295610290853,0.053415995420891704
191.4328073473048,0.23491701672588117,0.7934717212825515,1.5804101090043186,0.40786127895237106,0.23702691557262573,0.5483523464088026,0.0074286929204588304,30.10837086946663,59.917689005240135,0.6932916017440153,0.07008414557594733
168.67052193814854,0.24391840439024376,0.675911816914704,1.5078774908176662,0.3793541275442319,0.24230305072083758,0.4653653463595226,0.015097141004524526,25.79761404798336,59.78863259431159,0.7661097926238218,0.03752751817637545
197.38149081495288,0.2732224682232759,0.6584551763404007,1.533607273963204,0.3876153824446387,0.19205752931637535,0.5416357864251553,0.012699445955604707,44.69277063736408,62.7365548974613,0.7433453208118659,0.07731476953495076
199.35129862011507,0.2644645857926384,0.5650969653567527,2.388792870298802,0.3569644459033381,0.20030286055762567,0.4827428377538528,0.0059641657282791674,25.656362114932943,64.24992958497482,0.7987649450271926,0.047413738135674066
182.51785901058776,0.2650145661705125,0.7274830826190257,2.38778007852725,0.2715309104134752,0.17430751920724935,0.4904833791526842,0.019534074586546178,44.471652968840615,59.22576555474838,0.7541900567556811,0.062401401949045976
188.66170903570125,0.2275780447407222,0.7609129645696702,2.2310600315827522,0.4983235363621149,0.10764219283528606,0.5192788626935751,0.019207917713499993,49.553199660709005,67.5586782646503,0.7180292130100863,0.0829056174420657
191.81227510647852,0.2845699376781025,0.6702094807023002,2.4529125836193293,0.3254120617594822,0.14089973499408107,0.5420368868986173,0.015634299328054085,42.15458498224804,69.94466783879096,0.6073483450326516,0.08600461452942909
175.4326924914969,0.26429438701258756,0.7578344067458216,2.0609925562661386,0.37593922113883826,0.22874309834365272,0.5390748817672085,0.019364436225419054,46.08694805199401,72.75246553003987,0.6985554799845344,0.07536719391782754
186.81493323819203,0.2900564419471656,0.7862520658552402,2.215356314910351,0.25026081148600776,0.1212210005892077,0.4573276911517289,0.019335242646023,48.254648655740276,67.22771631700596,0.694164292153323,0.05680527196318508
156.24753548000206,0.20829855579701909,0.6106850097290552,1.626463035060673,0.2723755749777864,0.2292639789923662,0.5392639179884883,0.016480911596592436,31.16605533814185,65.61980505219077,0.6004544006230547,0.07346477270084506
175.99649469582914,0.2612332573001424,0.7382270288162305,1.563487419322589,0.3274603132419075,0.23342810647957923,0.4715574142089616,0.008207570016642728,43.19450929837906,62.623826686666376,0.788986560974829,0.038018358578938205
183.1249646430699,0.2261527300427984,0.5863596204852767,2.29210334900432,0.26333384260986065,0.2092999071800125,0.4648300948310751,0.010674995204228559,27.182116339135714,72.96915385831213,0.7545233804483026,0.04106457869283986
199.034616431346,0.2562091975240839,0.5685251630215571,2.0003793120017956,0.3087962529132925,0.17169716765127052,0.5492352585060065,0.011115587038955238,37.00134959468186,65.05860208060653,0.702923077012418,0.08219702675933149
178.06532246098516,0.2804410559289411,0.7789654791354138,1.7103361173862321,0.3206208710090652,0.13852978689420528,0.4687012892430167,0.014330050458236609,35.24236459895818,64.49783063771748,0.7821438391944454,0.056236243053263024
150.81734278023873,0.25984969660357904,0.6476581571062136,1.520878504352607,0.4415099454476413,0.2000700332795646,0.5065589906026214,0.019164615513071147,48.44864863163269,73.44525156135289,0.6796363009484677,0.06512532097758594
159.83787539080691,0.2791353181098202,0.6611297553418736,1.9290563468802175,0.3993658664028528,0.1596481312085944,0.5436305479862295,0.016071795118477294,46.31817610761662,60.684420284365835,0.7117637939078166,0.08462098112750027
188.32254788232805,0.22446686325903903,0.7839305227095357,2.2584244771308364,0.3895202238174432,0.11033487204985454,0.484870397225244,0.014318143944114105,40.688511829153775,66.89521810748809,0.7385090190559913,0.06648572037875056
179.24764254264434,0.22990858772072076,0.7666334130565772,1.7119430391247128,0.44722108587148435,0.1590928358334436,0.4727644120574598,0.018570704315324624,29.983602835446806,63.982767539466046,0.6398471932177043,0.05690388477933084
179.66525717205428,0.25947391346806775,0.5541484311745004,2.454562013989928,0.33470627604043857,0.21594396844761313,0.528571480846789,0.019119489469006375,48.676845471485386,68.17174506666304,0.6683418048013731,0.07236390399202719
162.94728561214603,0.25287700251837053,0.5527769866791421,2.253506948292487,0.4755415567163868,0.18523742208482918,0.45636345700308195,0.018818314206923745,27.045776573163458,73.64169017720009,0.750228605193847,0.0460413822852388
151.66595021513606,0.2697208261629049,0.7311538142396785,1.6736816254470814,0.43187067494040854,0.14805688937352857,0.507228380631663,0.013072438612995315,40.113387346579046,68.6617369442096,0.7037853913585027,0.06940341363997504
180.1529628450607,0.28420990296326804,0.5831987565969083,1.87147758381538,0.34543297698990194,0.21033839398898624,0.5354505986118459,0.01720507389267068,32.83906737229173,71.4448175975391,0.7350216400373027,0.07500320143071804
167.93757446496141,0.28645457403653357,0.728159953743754,2.0270713708351114,0.3006714816689944,0.12097644930744782,0.5493874897246726,0.01936423825445886,39.958673053774845,60.23770413071984,0.7025261906880221,0.09375645741374683
189.67980190746243,0.2567300123884182,0.7622121487632788,1.763155728196368,0.2599380670141276,0.10164447330560687,0.5022662331720602,0.010130888131080032,42.09655816835821,59.634708708985755,0.7925050394791502,0.07199438001907765
184.9846000466562,0.29380679743575755,0.6040460477558577,1.94867389040044,0.39730850451476984,0.21086976698880283,0.485812589968494,0.016986998048610945,47.96246164988229,63.11920687101882,0.7565951461355453,0.053229449404625484
171.54275206597194,0.21091088239440478,0.6067801073941983,2.1660677220883024,0.3767418251386351,0.12170429545676709,0.49833876287288315,0.012068537218589047,51.475095757741606,61.090728486905185,0.6221064662099179,0.06893268352951054
188.78731525030864,0.2127763887640867,0.704981485217612,1.8581216510785845,0.2881912174238205,0.20352959897758233,0.4988378181774992,0.019455555891891133,37.45324466203999,72.13234839518333,0.6702290706977239,0.06142827671510531
152.38531235745964,0.2144157729900493,0.7807238569774438,2.2614727157992895,0.34882355729328823,0.19649311960369623,0.5173167805645826,0.005787146366454705,38.78066291120762,73.9055257325147,0.7504782136808656,0.062045978926562384
176.86583299699268,0.2783595850904173,0.6126546353602493,2.335753360026813,0.2504330209208251,0.10749208125162371,0.5012857938690057,0.01964180315517204,39.22950863568249,72.88857782738387,0.7266328039655707,0.07601851945173621
154.21440798284797,0.2752786228606993,0.7745305639876296,2.2513817153111875,0.3930163884978979,0.1111054227570682,0.48373371876497595,0.017623192071587968,44.37822582853959,64.79834670071466,0.7465474981581233,0.06764077499383347
169.17079154074233,0.2828041686189805,0.660247309287186,1.9245242672143719,0.4022235482808876,0.21851151374476724,0.451729666155122,0.01575206788758533,39.72873161486888,67.32317939211924,0.6089109317576493,0.03646987791171341
179.61156151963803,0.2620308621912083,0.6816649124520879,2.2785834394493705,0.4539982408688972,0.20677556050148604,0.5462725344782995,0.008350720612725933,30.799059618001895,71.26395412872729,0.7625070714629073,0.07429849508525876
157.92041141581853,0.241244340122916,0.6184424461722873,1.8007953045983562,0.30909702896562063,0.10890971939026195,0.5037518953925868,0.015629010149777252,38.95170332055609,61.13649035303504,0.7189559682156035,0.07464652420048878
164.81571863703368,0.28956631583091896,0.663261663490464,1.5026332738631936,0.44995674848886474,0.17169231813250113,0.4712752721883947,0.014680973358954947,35.273795126487734,61.785526374660236,0.6268563501285875,0.052308224275748216
155.46520797518218,0.29063156807523755,0.5583135425318795,2.0735045544004516,0.28753336038401645,0.17042624444380877,0.45272150983376624,0.01751410953675492,31.22064814423806,64.41876131857066,0.729135741032014,0.04638710904737309
169.78518041773012,0.2075147906581088,0.7811057173250957,1.7163275979019392,0.49481036517000326,0.13821184852333984,0.5487664175674337,0.019136266110589925,35.900065734295396,67.10354821345233,0.7988009980632308,0.09135806831045556
199.80537295411327,0.2386806502776499,0.6145313743526417,2.1735286516920596,0.2823483269357097,0.24350377241179713,0.4508734489697049,0.0158842489998966,51.714364368500355,69.21685465978122,0.7448929872085998,0.031196392747460777
185.461806678231,0.24124570718892457,0.6106756842397854,1.8437432826209665,0.3289260686027299,0.10210688827762199,0.5359236176906074,0.006581794029558475,47.72927348437065,73.72975704188268,0.7324757840934004,0.08260304343593816
184.05755964435488,0.2542291454572407,0.7966238126647245,1.6319201531930378,0.4195877016340397,0.14702548758622533,0.476133396659824,0.00858574352131806,44.923764558326035,66.05698825130946,0.6554523341887766,0.05485326045209149
167.95153092382463,0.288645490732277,0.6623384553880187,2.193506801827128,0.3823298422429078,0.238207803975286,0.5405399510179808,0.01099501331165002,43.025123557743115,72.27745935208947,0.6764580793934468,0.0689624789224581
168.51768596551574,0.25402826945884316,0.790632028656708,1.996844060157685,0.40387191196266364,0.1155169688494388,0.4767708768809888,0.01017483376138271,51.83405537468646,69.08905201869872,0.6533550872732813,0.06055146807057099
181.5279843580593,0.203621114840302,0.6728769232897398,1.891011014065389,0.35370307317585514,0.22926561724542036,0.5019492491805289,0.009444277622627844,37.45203826730664,68.469417028909,0.6955998993680392,0.05259310636165537
172.7329121692297,0.2645573660231466,0.6425138094477004,1.9881537827205158,0.47657580052977333,0.18451059257985553,0.4643628460116187,0.017073694634062185,42.41890748395958,70.8032259052417,0.796423791644472,0.048613919049330434
188.47791159852363,0.26975497594904957,0.5789813340364685,2.0702674332734348,0.33642895187425176,0.12248314521337192,0.5168353956964873,0.008145380337244285,34.68643396432814,69.36876553961292,0.6651064136453293,0.07372001868816369
191.52049326556684,0.2279198663330755,0.6495727063585548,2.2755932886877774,0.338678123139161,0.2376733443751278,0.5104523525867074,0.014104542421538482,26.446733377264053,67.41963157576403,0.6811676038012227,0.057778341640641884
164.22679717329152,0.22177707680672284,0.6691886823587369,2.0369104341955047,0.34082916988229633,0.18663417504741645,0.48900120945660347,0.014622675135752187,37.997602061385145,64.30386305453212,0.6246784873349138,0.05718288765228863
176.35348467311027,0.27060495730605283,0.6791114396771842,2.2162898986888235,0.3610976380403984,0.14895925341596497,0.5045762558230695,0.016288143745537702,26.36989422284493,63.748348368861144,0.6841395033573443,0.07003671495613162
197.8837865362322,0.2179254305411433,0.593529473331873,1.6437008669491462,0.4515452153531029,0.189291224783683,0.5450250669491723,0.010888084130296339,28.284165346834776,65.63241703021232,0.7354690490751455,0.07793137433736774
189.76839530226198,0.24632937054938286,0.5745343804698494,2.4729298488086324,0.3290056057726952,0.1651757863010065,0.541381868710592,0.013587464341654087,49.050523019886676,70.39475348698124,0.6424799861145186,0.0813757734599676
193.5015764989238,0.2462619362005263,0.7425367418760487,1.535550317978576,0.40264062463147904,0.1830947054872457,0.502933752935624,0.01179973610363679,28.576100383797854,62.832559740903775,0.7391039408440316,0.06186372929050776
190.32020389329855,0.2787830170819592,0.7457725259167015,2.208712187919035,0.31122864217320156,0.18939990363203432,0.4857112371303253,0.01830730180720912,27.09788251470875,71.01660912708489,0.6537414086222498,0.05740937022756043
160.54681847436888,0.2795305218156499,0.7098715256921744,2.11664193383258,0.49241684001166797,0.11471477088725207,0.5011760001146133,0.019504848222985472,49.31373635336434,72.2130854858819,0.6036794943370842,0.07498368721962834
188.7415038736444,0.23765996264790107,0.7618315620064119,1.9522634966241466,0.4783428731096424,0.19473109452022155,0.45107549351165266,0.0071169797496958235,29.991423099294167,65.37478378189688,0.6517971927719373,0.03608779397427497
192.6900724209446,0.21813098807519793,0.7526408939668923,1.9166010690718538,0.34026944292000283,0.18651595346754807,0.5495357178267449,0.005099040815706678,48.36239702628062,69.05695821555358,0.7305574827983666,0.07625252684147199
159.93659881245586,0.26328510345840617,0.639905895766335,1.7122232744829513,0.3533423009082337,0.10110016049420141,0.5367559112412527,0.007443791513304145,53.48122070954204,71.72174225286744,0.7199107428491566,0.0835744495839208
175.91292381936643,0.2898200827913567,0.7202857635390993,1.989214401512405,0.4577777805844565,0.24512366032716087,0.5242987017424103,0.018826974619369385,30.298610104305244,60.0834930552535,0.7730459927048945,0.06577223624071848
163.6749427314752,0.2931524489028239,0.606152756513208,2.1936313849235747,0.3037664713748832,0.2330428922808812,0.45105182311534203,0.016230127360436976,41.614920798960796,63.69219282123711,0.62362121213877,0.033585121766464
170.96739493769454,0.2229408883235738,0.7754440839653558,2.205333491487029,0.28741205784764057,0.12624961017621766,0.5184371035532218,0.012721719473616644,38.54421032241627,66.02405087924036,0.7132008989338552,0.07654376029904597
178.4976018015498,0.2831527329679266,0.7440433928199577,2.2395992233769864,0.2801915335218472,0.12618800606746358,0.48573772026813433,0.018211178776070976,37.080851053069125,68.84096543805285,0.7492390315813912,0.06667897298530079
189.01492271612972,0.2527696629100729,0.79377596802995,2.2484603889145554,0.3862986818275412,0.10992797201913695,0.5204397784750224,0.006023514546749662,36.372108117711846,61.45284207690606,0.7401432246282147,0.07543766106073235
172.69909985568816,0.2880977578613484,0.648137581634624,2.116360918209529,0.30648032907885053,0.11230897725496337,0.4951051295945086,0.009133713913255731,42.54442333323645,64.4407526072634,0.6685999486620046,0.06735006773988061
155.2189826999713,0.22499755341054747,0.5627591372316387,2.0830884305751307,0.397615723543092,0.18832989835799352,0.4645259280517607,0.0199002089150377,46.19398717927298,59.4477967981508,0.7350405859313237,0.04949911341418556
178.1726416993984,0.2593856776335153,0.7439379807103883,2.3176698030141876,0.45345358219408555,0.15390373091689996,0.4881384848877043,0.006727679125960049,54.28478004048932,61.676855891391554,0.6431121972649815,0.05744754649413153
177.43539355887947,0.24325753390222443,0.6219870115868702,1.509452611364946,0.473462189481914,0.24330099384311724,0.5173005970789506,0.011667268605422526,47.222835413656064,67.51821229237962,0.7376213003004547,0.05831077907942017
155.59339652654657,0.2993818166291099,0.6009455047200628,1.56028167038287,0.43009554665049143,0.14007320218163918,0.5256509499205786,0.005682108772560032,25.435571437013905,70.10736849205591,0.6873204925211317,0.07333255907133207
171.35371329787975,0.2850173242425701,0.7222615151850655,2.213412056129885,0.2849340437454269,0.1109256579341521,0.5055998883239278,0.010877685538221304,39.36247366230053,69.62689385945727,0.6880307010297948,0.07247949235579654
197.81912558593257,0.23613543271911597,0.7176182631549013,1.7597944372970535,0.4435420269389524,0.2048453165367077,0.4719781061525829,0.015713780712874215,26.27860495950073,69.4148861384752,0.6373172563283085,0.04763632761523695
166.59335001495677,0.248186021916876,0.758042202527111,1.752844237329485,0.33214953531873304,0.16310426639192507,0.4713161484535113,0.019235807381878658,26.4623875752373,60.36706907665547,0.7583278949662624,0.05603637132435324
199.23691850380797,0.2787333453908628,0.7963016955515926,2.149840275108785,0.46866501001482097,0.16567274720541383,0.4620835335208962,0.017611236600920455,32.32056411856728,72.82735175481265,0.7665599807299096,0.051039923886037286
195.6517845767662,0.22257242709393746,0.571261268403688,1.8567130615348237,0.3097293525774775,0.1573764910005529,0.5320130255926286,0.01750773799148989,33.276897063196564,59.98988797278722,0.7385027830407143,0.08092098806855574
154.7467457189767,0.29685737905768406,0.6703331282066809,1.8032141414867011,0.2902184822001692,0.19387705809941708,0.5200478827334104,0.01558664660027933,42.028103798005056,61.94491047520564,0.6061084840129188,0.06968854466185803
189.77639816728157,0.2763895613555234,0.7625044424589381,1.688325090755511,0.3881562174603993,0.16224072425865627,0.507679862949806,0.019556914079412874,27.522976730760785,66.47095528952067,0.6590775804628428,0.07131582581632756
165.804269094276,0.27629308476775505,0.6713381065982676,2.003186132806307,0.3563532858314763,0.19239773090500123,0.46872742438317067,0.006605363557509982,42.77979040449937,69.26642962286759,0.6998812964330865,0.04343636066687395
177.3707401655318,0.2393940109334002,0.6205534074408987,2.3620465987759953,0.3965602814497716,0.1519091536499108,0.5390290337722337,0.008585186091645335,49.634736218025196,61.36273066101801,0.6152894098091001,0.07890893359717666
167.21279447598715,0.24397322406837485,0.7226640620173437,1.9954372873299189,0.39899285134285845,0.18952841155388123,0.5308635493303134,0.01277596726640035,44.604768620781606,64.62688214379752,0.7414293332376095,0.07314347210694905
161.853062158184,0.2706150858527023,0.7390241112156712,2.083660690750377,0.35675180117507843,0.1094511234792172,0.4958925183697762,0.01300663966860864,27.3717509287374,60.48822597779215,0.6065850802942724,0.07012761894156938
172.41685319196205,0.26228043221013314,0.6765094126703337,1.608903984668228,0.3444543109653557,0.1827517797011812,0.49939131999119457,0.016680434716276667,36.30887937598268,69.10900241432425,0.75822316509476,0.06326684604255206
191.68835565260235,0.28656134870203576,0.7976982976350929,2.311697908643414,0.4389957144430596,0.1876144956371327,0.5336518996307207,0.005867507736226311,36.232908949061006,62.247446258976595,0.6663969990365487,0.0700962680534758
174.76506859819267,0.22741684234749973,0.7117447701421349,2.3013814532107633,0.37442357181516583,0.11529475272071682,0.4713973547744559,0.019460859512695845,53.04396093939998,72.36291109968931,0.6714276129984421,0.06319233688327586
151.1866230081924,0.2888176179696873,0.586050755459621,2.17778569495049,0.3160526532409801,0.21623623859319852,0.5062496177042853,0.00941534825869476,34.89497593447893,59.411984368257514,0.6612983515274096,0.05659064466044583
170.8708703777543,0.25051759706850646,0.6927234256121912,1.6578001069423403,0.32353107491142064,0.18440714807968167,0.466962101584615,0.010530494978500334,26.01377716074468,59.717889739899626,0.6310021932975611,0.046247284851688164
186.61752807958024,0.28246685178962083,0.5663967305925484,1.5527024154015487,0.31446853638135863,0.23641322346714755,0.4713838627059969,0.008390569115624389,49.77504340734307,68.60516668687515,0.6436425179583466,0.03747445255476123
173.73540227346192,0.217763142460137,0.7074325367708266,2.0783500133954202,0.4901812346652812,0.1371842964036766,0.531207334874663,0.013873573076225736,39.48825101713901,65.72755190943519,0.7444332266640102,0.08094316038796023
172.5207418235625,0.2646708310459231,0.6783116847083672,1.609895329494265,0.3044967845203942,0.18660695605930414,0.4966567526653486,0.015393126610034323,37.98379396007139,67.8881862273431,0.7182346321030333,0.060806885634974606
172.06431765093805,0.26980255288096383,0.7628987142317791,1.6696536296538498,0.25627869898225336,0.19158109314920133,0.47454523690560063,0.014960137925549559,34.06682434671283,71.81701748649074,0.7612954731777769,0.050556972195863636
184.27663677401665,0.25763717016505844,0.581795911532772,2.3988438519211694,0.3573214934801726,0.21490324326024388,0.5355195975165672,0.013784165003029727,29.429101298891563,71.90790513642162,0.7176719376837637,0.07214107529989633
183.365913221717,0.20078275407065185,0.7479558953754888,1.5695297872190017,0.2887670627174957,0.24728902589764679,0.4729440781446629,0.008084531418754955,27.33098152173907,66.47226135641922,0.7992844530539647,0.035839741256040725
194.3767926477908,0.20074915664673526,0.7194158571453884,2.1449140521207823,0.2554593220878276,0.148942045788834,0.5175286288238283,0.010104821962606798,44.96978591168017,71.34265381678544,0.7613553574841874,0.07164861394221589
150.94127966456506,0.26111936617665504,0.7163915928473858,1.5790238719085665,0.2697069752679486,0.1035788054207748,0.47338293272925736,0.015128274453131148,33.48571857945715,64.16232714654284,0.681803255568346,0.06343872955812913
184.7759513677004,0.291829431017442,0.6323955612829204,2.48904457449696,0.25446396687716866,0.2174486331164308,0.4662589844387539,0.010225377190374817,26.23705501870433,62.25370684738794,0.7295500664144424,0.0399208937401454
162.7635617191148,0.2448355764715844,0.6696321826615729,1.587230523710208,0.4201794290981993,0.17469173789265213,0.48589267817426907,0.007034823908371046,42.530689366876025,59.994555172828626,0.6966334958194734,0.05352504208212849
160.35817006386193,0.2752302090755535,0.6535165803145895,1.9818673043149788,0.2822905517424942,0.12786755352309292,0.5044813014779638,0.0138026931385365,36.491122819143,64.16460668136891,0.6482129671935608,0.07146028680426753
174.86295370544335,0.26194242679941315,0.774209889136126,2.3300530947992413,0.4328997572327656,0.22435447565998154,0.5386351895646044,0.018185206955149504,35.98372711530143,60.95794118484669,0.6182810010850573,0.07503371291795702
199.80330185386464,0.27277050906895245,0.7875256501687401,2.0249685654060054,0.4839697717239371,0.13738904511659444,0.46037856968036056,0.019410408600015784,33.439585814940806,59.507232788672944,0.6110146183658115,0.05564014687342933
194.10972066096022,0.21103796800623434,0.7936209630161819,2.263049955348401,0.2886836957473595,0.24419423088829526,0.502542499359278,0.008163024917632945,31.418839664822105,69.66745479374588,0.6823030125149112,0.04943114617390165
179.51400303819835,0.2562051780008343,0.6454917147875759,1.8101858477307506,0.41876387976271334,0.11628243109658895,0.5229252724927813,0.009124245037433677,36.05080690539865,70.97653278492284,0.789967655226319,0.07743554563467114
156.79935492123582,0.27802157853838727,0.7158779760306838,2.1621878446665312,0.4267482918565425,0.2329466849166196,0.5215186399469891,0.01996643412306418,43.19551362614133,61.836578560171574,0.6543427151687035,0.06715582386868846
192.33549350673675,0.24821158569067547,0.7274993905412271,1.7242093971927508,0.4069597001311309,0.13111969735994658,0.45888254557234787,0.007586884405999838,45.58932908855578,72.93588740369964,0.7266512094061311,0.05017060537420548
198.2045210978047,0.28218530281253956,0.6522425709130049,2.1572589537818425,0.4069033788577596,0.18148421343853455,0.5363145476138113,0.006868708835398652,46.095605968755486,68.31819031252158,0.7214958143916961,0.07271374925448981
176.65248710937908,0.29067073380313424,0.6266588459725235,2.153958619653658,0.4120475378638735,0.13127729705676175,0.4565002867165156,0.017191659743516937,49.130208991412296,59.76698736020821,0.6495436604541769,0.05396591504404569
180.6842562024744,0.27530334754614116,0.6224495021051939,2.192682066065686,0.29671818809014416,0.13312242553729345,0.5055654346729153,0.006166190260050004,40.84812029491002,71.58437187321631,0.7286231120222856,0.06682460862748485
180.01667829685027,0.25600836830045803,0.5899054326212411,1.6416875450760258,0.3261553461473059,0.229451250005948,0.5037701301292932,0.007286608055368877,47.137741953738114,64.21571938717575,0.7908027561701633,0.05199018075336426
162.0905653522229,0.2751046165012037,0.7504055301672993,2.011019948426478,0.34653723599845654,0.13488724124549747,0.5452762090287382,0.019009610776828924,37.10012563687718,65.42220065954527,0.7473325323404486,0.09019649051469969
189.85900782648136,0.2214807249521242,0.7962753063670396,1.7149769944035997,0.26339642221895077,0.1774154848323092,0.46779950678865334,0.006478066455683849,26.571594850194348,62.479149302059355,0.6087476766781706,0.04556754495160931
179.89737728762944,0.26777813533778355,0.5709126603281554,2.2826418145795295,0.27557218558054086,0.19090853549382544,0.4811619719388782,0.016424164250088566,31.398768725878313,70.61505644584737,0.6955432351680298,0.054227794865710166
163.7169557982479,0.286868364070277,0.7298929232880079,2.300431774244971,0.48104873846766294,0.24566766958282443,0.5363185827301453,0.017323015104816927,38.75370376139216,69.34638543810807,0.7664104922301446,0.0702001947761346
175.9933756945943,0.24046990254190292,0.5930998179411952,1.8901765749506605,0.39326521257895974,0.1951600870443133,0.4739789504075284,0.009781527144974359,32.29001326587148,66.47550656779374,0.6944607724050945,0.046876786353550415
150.797646617488,0.22742720330630128,0.6644571608561778,2.40454838667534,0.41086204662818676,0.13352473043814542,0.48232048257203447,0.018765942795501946,29.954227080790005,68.59280059461148,0.60281262475081,0.06459215770473747
197.41699812503836,0.2746192746101753,0.7981502612285385,1.843502631470738,0.4967425656840947,0.18069885630373783,0.46395605931271916,0.0056063354128074614,46.7626597311906,64.73701678244628,0.7115659726328356,0.04299635219877018
162.08446620221935,0.26501800660526953,0.6069493277610689,2.182631360118399,0.3084183663745491,0.18824780891066495,0.4967555559839006,0.014716277939313743,42.39379262922911,67.32125053415469,0.6593221709658705,0.0602089777898982
186.1755612757622,0.2569455966972976,0.7805365561227812,1.7275396673514785,0.264385162005385,0.2320852613881884,0.5045594347883192,0.018659054189433078,39.501954686999,60.6742780198425,0.6084358977538774,0.05888201044172092
199.77912630281307,0.27350292154658545,0.569521109340742,1.7043027136931088,0.2827931528710488,0.1454166252478453,0.5248075533521249,0.016356739551322275,38.84558112271368,59.87452750398811,0.6212991070429443,0.0787834205470972
170.42604195867548,0.24792802910243836,0.6626640551510605,1.9027668212985311,0.4311282013426595,0.23143810778994928,0.47685712257265434,0.01772443876014871,29.610227982772805,69.13960020793724,0.6139264810217353,0.04616025625500697
184.2181407290518,0.2496650446719231,0.669648990436013,2.204380783952056,0.4391586196518652,0.2255772373272351,0.523970432156829,0.009675800108329923,44.38474342655601,63.54977703885724,0.6529702050818512,0.06281395677751789
196.57140598413523,0.20050657198114055,0.6383473166965903,2.060321587707577,0.270957504703485,0.19808899548379452,0.5047237217915828,0.01885608199566776,39.61120722437658,69.56651630947852,0.6028321285386602,0.06445682061757907
167.35635389776618,0.2015165095612374,0.7871411803463154,1.5963361457473884,0.4095033752053031,0.13139272576235678,0.478145440920993,0.014247031614380757,49.84516588618551,72.82483642789325,0.6086243466368496,0.06092478458731421
178.0428985865952,0.2614117061098207,0.6366432926952459,2.0996275465391125,0.27410033112990706,0.12454617906248042,0.4898969955077302,0.011541972728199908,48.75057970983562,70.14210389203323,0.7485693678957877,0.06500816388461317
195.62686894257726,0.27466637421530715,0.6243879160082981,1.967129835772881,0.4293974412411259,0.10994505891093269,0.5200953776255222,0.012642246792893134,52.13107213358782,72.92170387719472,0.7143423801380071,0.07919493308736492
174.89824966889648,0.20426781504474523,0.7150335214244847,2.0605958800816295,0.28797560321566174,0.23962027697136076,0.5363345560885525,0.012414255635336028,51.578443779346024,61.79177446640856,0.7127993156665132,0.06784400618971631
182.07694039933324,0.2302786595839738,0.6034730930722403,2.4738297022512814,0.25166533173546235,0.19968051803573383,0.5298266071533306,0.019486130202155245,32.775359647413296,60.392167528143396,0.6762938172446072,0.07549419653832956
169.85435657174966,0.27649139920000354,0.5588161162952217,1.8492125741655827,0.4163776099058008,0.13390433126620385,0.5129848681738277,0.0071977571691055255,51.056186613831166,72.73857789703654,0.6480200718204576,0.07017084266271922
163.6823214302809,0.2298582629240074,0.705627131438765,2.226169513302889,0.26183722547650917,0.17583540518331087,0.504933493212427,0.01229332575198747,40.43930582411873,70.78952402212045,0.6768182623998256,0.06405910541752746
191.99593614369567,0.21540676287780117,0.7047231883535486,2.339718893278305,0.45285125284023714,0.12789847587595685,0.5118848959453149,0.019776491065329256,37.42890877001465,61.31235995251396,0.745521896792259,0.07773696456524704
160.37304973205127,0.2500312490151932,0.6461086055604806,1.8631565376840666,0.26151211259874957,0.10064787208858061,0.5052706737766959,0.010790160098995171,40.72949900891736,66.60722133634025,0.739635463098697,0.07362024133681189
167.64468999943534,0.2476231633521981,0.7697047024761248,2.37575838133061,0.4811792584576299,0.20634068802813185,0.4893738173896936,0.011577151992270244,35.45643587748719,63.11336332715042,0.6171956844106978,0.05240859505693152
172.8418417988443,0.2310986543314403,0.7805444680590677,1.9082694017898567,0.3487403139092732,0.11070247027050392,0.5123806743672595,0.017797942472930775,27.08839945943329,69.46402846210268,0.6582075206924044,0.07899826180300806
154.3033188287946,0.25009131260522094,0.752002086485638,2.259952575544821,0.26384114480676424,0.1852333675631618,0.4576007469002297,0.011329563994633455,28.14783447392302,72.45359796569322,0.6883086814755914,0.042706865202944755
177.9000740736702,0.2815472553502765,0.7355350751779338,1.8046729389550866,0.3835751473360747,0.11913595301370643,0.4658427642325285,0.01929022290473175,29.23253665715004,63.88473309816267,0.6950544535314129,0.06040429067115838
151.4176528846464,0.2542652876648486,0.6770952420834274,2.047735904882907,0.47673365984639315,0.11141473126463702,0.47591675603325734,0.012881380077229696,42.35980734035969,63.62420938999479,0.6015918884627934,0.06219122231004803
159.94376180642413,0.28933672926259824,0.725874510106872,1.5177133501236242,0.2951434343620196,0.18911306605389583,0.5355238499428652,0.006100471692654574,42.86634636272543,72.1383695213177,0.7543130386907807,0.07080360970076072
162.98253074230587,0.23871822525512776,0.7797309141037982,1.748005619994006,0.35979985267211756,0.15923738383626782,0.5177574773008928,0.01870208750718635,34.02450309158357,66.36820970181573,0.7811375184207561,0.07543167732319489
169.56248122911447,0.2621622531558975,0.5731027312035913,2.0378839436232408,0.48588314617768025,0.16670491335726592,0.5349577932052577,0.01787540318704658,37.212040997029526,69.73370034819087,0.7106692850377064,0.08118015223180919
195.08559740691754,0.2482852741634895,0.7838450592043851,1.5157215101638721,0.38140346751683973,0.1538192669703574,0.46432695083946257,0.014782972245504164,46.04120301490959,65.8362720552675,0.7174601557767342,0.052397311520053336
189.53051091647205,0.2363194369753467,0.7259904606769999,1.9833953508373225,0.25610134343431423,0.24687642095243928,0.5171465119226228,0.012622797375502249,47.27119108263145,64.6455206517992,0.7021376634378395,0.058260232235170406
181.94621849460444,0.21221468211151392,0.5990250126771681,1.8628691651933553,0.32481642582407855,0.17984076648108366,0.5053564080411987,0.017856579519319578,42.954729132715855,65.02807136329837,0.7860816580383707,0.06686898968700916
185.92814072552667,0.2737617294918988,0.5570259581343666,2.0969274303631873,0.4506446875818606,0.13225256030777238,0.47426774683239425,0.013464780959629984,31.038131278498867,72.73024924522753,0.795753109825715,0.05889061455809497
154.5750058113561,0.21116786403567672,0.7895061307707203,1.8740734468517084,0.4557593938472748,0.15554447094492937,0.5380507441323061,0.008347652527585828,53.7417469192881,72.16605147572173,0.6886606802909601,0.07788900048717551
169.14444423745883,0.28290667551343435,0.6752507160075706,1.519249540572123,0.30683817471620545,0.20927702338712034,0.5177670231666665,0.013298105674214099,41.75610457646306,73.40099498859003,0.6968366361380859,0.06500177711450306
182.76108305741573,0.21251254639327855,0.6343858299613987,2.2297355329796416,0.2621208796390053,0.22155188701297043,0.45412430438735113,0.01901165915393923,41.26188641683783,70.27988754918668,0.6145618360987511,0.03865071205609638
199.4196532446049,0.2510456181030859,0.6106095499335619,2.4359629936786726,0.366208380960346,0.14229881408786169,0.5096254865376415,0.005501813483025112,52.655098388542285,62.555161143617326,0.6969691350252152,0.06672372794719195
154.74847337517897,0.2397610486589916,0.6629754634450148,2.387660630787191,0.2730754268979959,0.17525044420981445,0.5231086567730996,0.00794438252575942,28.69193998533749,64.00034324973988,0.6977470764672825,0.06890635561239833
187.12874269765945,0.2970167120987996,0.6762857642124664,1.7582930894530864,0.4526010550453129,0.12199815309141045,0.5123803473692191,0.007156380581019716,42.79239928739085,68.9247448658047,0.6254897969346824,0.07149701610842385
167.55488732053232,0.21242900532748638,0.6677579566085265,1.6350716962980352,0.26167404615904,0.23824120705938898,0.48444789089457824,0.0053978962645111804,45.35854328491464,63.79468677225029,0.7913039375016181,0.04096712221098642
160.99307055635464,0.20544040062613866,0.7059009631368316,2.139013328770992,0.4796903129606912,0.1528856798565156,0.5315706773655232,0.014989363795256838,37.390813450677484,64.93466299012636,0.6044955870460375,0.07977238373723594
188.25475287183338,0.2217068717968045,0.6501719115991256,1.7289927182073712,0.4915395051557421,0.23444428343722243,0.45549850241408285,0.009768916448316699,35.32877355745683,67.28296896424688,0.6339970012202705,0.03172502348343187
152.50178115602284,0.2558498472014126,0.686108472959899,1.5381434850408375,0.2684282727447883,0.228344987818472,0.5014163854830787,0.014206578217245401,40.062312888972755,72.740598505574,0.6736529077189991,0.05543674882983396
159.0637021988822,0.25203993607627895,0.6058570751697239,2.175355888464627,0.33620526047917576,0.2465391656201606,0.5458317920947034,0.00862479389734206,37.3034514975175,67.84482970585275,0.6421101229886327,0.06835444933904
177.80869874940745,0.23916533518059038,0.5772525218382915,1.748561919014719,0.4506575481487538,0.13602896241157844,0.5302207268178568,0.013781166116101386,50.46765490487766,60.85903072722083,0.6153915158948878,0.08063356056254634
164.66415371777757,0.2564063437392586,0.7333709308867049,1.8740321206066715,0.42326199480638965,0.238578935724114,0.48860425976758187,0.014760490422620658,49.90116169155754,63.860053085175885,0.7735313919713814,0.04836373501120761
165.2708844367907,0.2028834384525624,0.7107442339586887,2.1581357078905956,0.28532474041227784,0.2325055264698852,0.49260597659322547,0.01384434464652658,35.24768259085968,65.4487535676629,0.6797573159335526,0.05065677059656082
177.8152161707719,0.2777718364763955,0.6899554591479906,1.8547688346065976,0.44750873566954363,0.13680467601074067,0.5086924227552513,0.016280279237628474,33.29736372130822,71.63320076144527,0.7538304019873848,0.07333300592244996
173.14505266197577,0.23778601857710965,0.602446027646645,1.5133534097328423,0.3334625737566721,0.23740712713379641,0.5090820627668512,0.014243435782435643,33.28571075633381,66.84321773410305,0.6359324226369021,0.05730386658296993
162.02835274987294,0.28113244308326035,0.7279770735616458,1.951527425700616,0.3195942855465241,0.11622221386252247,0.5462104637840521,0.016163900981511832,28.59079244588047,64.81773751664764,0.668697442808483,0.09097747791065558
150.55842873590896,0.236328392856248,0.7600597037875358,1.840937016209367,0.2608723621562829,0.15575362043729976,0.45637916141780394,0.018719839325007794,46.77867995882936,69.36679832150044,0.783971625307349,0.0508612257049208
152.14212239379825,0.2461946301905606,0.763181562457996,2.264534594166533,0.4930860767751999,0.10906761048618747,0.4950641674749039,0.01511161570748908,35.15788124621704,66.79294604893329,0.7825373678437891,0.07098449992054157
197.6104314705734,0.2738589827198707,0.7311310053682278,2.2061090641060956,0.3505075349435298,0.2068155457358383,0.4540945230037564,0.018322317150056024,38.17920777730305,73.61719925695854,0.7851748217232069,0.04101696297811941
184.76542949315257,0.2749955047736552,0.6268015846088857,2.0520966870681736,0.27107605786848743,0.20889785347407264,0.5396993625296675,0.009829604389482879,31.92628431277919,72.14087397098409,0.7624447617507771,0.07219445691725923
173.6501042950637,0.24059560856458712,0.5647743325132728,1.8946396075249963,0.47736409193507895,0.1466514353977221,0.5264661648208155,0.010036928010504929,37.57674080485212,61.72724744345031,0.6274906493551003,0.07547307893992183
171.48797306569273,0.22791486587994833,0.7308693645480553,2.1071532118045173,0.48250167080831563,0.2386594936978779,0.5458352691913144,0.01695715650269174,36.89761127080112,60.80482943410455,0.6296885514019179,0.0753729255552571
170.35222755269947,0.28722059324186383,0.6622608197887885,1.6930523500139025,0.4977032517151675,0.12509976967629133,0.48170634770625653,0.01564123954849351,43.926803186748515,69.01961580155499,0.6306021725209033,0.06392231522158909
165.4333997569841,0.21156695552887295,0.6313260675390865,1.6393278673814469,0.3771571966415694,0.20935413826585028,0.45345464792610596,0.005999093486013449,31.02687938395298,69.41037980012601,0.6233989755529025,0.033699989162869315
155.9240674284095,0.23246901066085876,0.7697499428721867,2.242183694811251,0.2560103769992494,0.10664624414567012,0.5435185436213147,0.01453022448145377,29.58807892649175,71.19124109691275,0.6017346420981093,0.08996706038442426
186.5994508046361,0.23236179583257344,0.6991721128759828,1.6423581419751498,0.26568779125070846,0.2045868206522128,0.4861668839556939,0.01205050737305509,37.336089144186786,59.843512944333646,0.6518162181841682,0.05162811014770341
150.04204478497832,0.2773233085689579,0.6255688205695918,1.6765716451043713,0.312666293659351,0.2355429096057817,0.47259482830417515,0.01760231414001738,33.76313577393931,68.72414525790285,0.6270250076840306,0.04344744789568722
183.4978584664844,0.28559123536022646,0.7796735353431834,2.4929466742791506,0.3435509823955375,0.24057971753868596,0.5029671856462017,0.006941238984094918,36.80374978423535,66.63985406169871,0.7931149375859687,0.04948050665325354
154.12424147374836,0.29721082713575175,0.5520067718488639,2.3786123819129243,0.2808221335675154,0.13666875049110477,0.5094111337455454,0.011032299709909226,51.85442852017108,71.8663891079053,0.7888978669290243,0.0706471032567606
194.67356267614585,0.28869792132350036,0.6610861539709209,1.6052886584808042,0.4289236038799582,0.13515486116899525,0.5162981631373497,0.009270588556440557,33.25766257335888,63.984333720560954,0.721284953933004,0.07251626723746085
188.42709361498802,0.2089338517480489,0.6545080292749185,1.6615418212782727,0.3536976535663362,0.19133425468325582,0.46174315747393035,0.01142400469725757,28.58798081788227,61.4189718302887,0.7865535925705192,0.043392469794071076
198.80013462469898,0.27184736226822115,0.5771301851922556,2.2875527084252694,0.4155971310244486,0.11989057065571983,0.5132178847348997,0.010537419441050038,29.261536612154654,68.70615872173478,0.668510360948185,0.07405636746398159
162.00628458900616,0.26006265811537427,0.7624082290819236,1.8038708434125565,0.3469942744178377,0.18889737976471083,0.546895483421184,0.009759170233410962,25.438402335437647,59.45532931100831,0.7519816429494176,0.07801602098743388
165.61206952698632,0.20048285451680287,0.6803507097080338,2.3286822506423883,0.36466277701634664,0.10161487566083371,0.46704475766037584,0.010777792279413957,37.51806076524103,67.17604413114161,0.6140174666062661,0.059173952742185065
151.54677993796108,0.22259096388617902,0.6645566256404587,1.9625845830431354,0.34357319961048516,0.22260414508770104,0.5320116500325544,0.011522528794173946,25.465577235783464,66.29264439103396,0.6975780743988904,0.06796950848774941
164.0057421699043,0.23815017198637636,0.6822115734453633,2.1235397733009393,0.4010053335498499,0.11686537196810749,0.5474523850184975,0.011620005101710938,39.483946306091084,65.02364531825052,0.6900654084282548,0.08853499043425472
159.36475711880902,0.2290025031041358,0.6921823652449228,2.2605574225057694,0.36110164199504374,0.18125747892289293,0.46212559990576996,0.006295740387897404,34.77753899560771,72.96160663034584,0.6980721730638507,0.042543695706172
185.24706756815633,0.22252554450253514,0.5675261039534871,2.251307777151792,0.4070993686314919,0.12796334462473813,0.48212924656819334,0.013285975978376866,51.16839358390498,62.041333123145286,0.6907225229967898,0.06245977691060034
150.9779885893701,0.28339225862826856,0.6526111389140753,1.929768969482636,0.42291896950029884,0.16431415360614804,0.5030830933879059,0.00822936875031144,31.22115510385626,66.76366774140499,0.6999927149941658,0.06263053255270279
196.9193537442513,0.21185473891377732,0.6102337763788793,2.2013737327285927,0.39296414860793466,0.2086725092070403,0.4656810146125522,0.012431214047335158,44.44006440467317,61.81896984167405,0.6168651086837179,0.0425021580072098
186.95509767599088,0.2540146744315313,0.5991931619092588,1.968667412846833,0.28823524934667333,0.19260368288773363,0.4691258981651966,0.017583991719712058,41.7923886674347,67.77993208244565,0.7345647328159965,0.0495166729065204
197.60043722422577,0.2675305262859371,0.790237945081073,1.587763982411428,0.30607100898893097,0.23308119381358566,0.4518705137658681,0.009587389576401784,25.164953925727048,65.59563799184697,0.6641233630467233,0.030309649805985828
185.62354001039776,0.22896309035280982,0.5566355803085034,2.043899070987669,0.4511773737272963,0.11462233909455359,0.466123198975316,0.01726033074173163,44.39213430532102,61.380312932668865,0.6617745134802325,0.06017200037194925
196.3343448153506,0.21956084565268072,0.6367748019713712,1.8867467371457607,0.37717231317304967,0.14219477612765893,0.4555118667121797,0.010558732280236618,25.722117533011588,64.12909530067826,0.6031293591666127,0.04864252048037088
162.82613985679123,0.2918200645077938,0.6849797888678568,1.7364724625102121,0.38813259108289855,0.16367985940122043,0.4785326306553412,0.012128528357620759,39.89760219270614,67.74988524132736,0.6264792083005472,0.05513983098217068
174.59907051657197,0.2941358624558712,0.7672303114129234,2.356611377533449,0.3996944842833967,0.24529637691932074,0.45990035741560076,0.013097896805064324,53.93322298309292,63.145528509832616,0.6913882149037858,0.03335498902060863
176.10513206326135,0.2274794322745832,0.7433566426932943,1.9009904342853126,0.33106381250368855,0.16615449567487436,0.4778632450538695,0.019827779506281177,41.58136119269425,59.29105546845356,0.7347327253119471,0.05855997453227246
161.19389450170252,0.22104433067129453,0.774436770526919,1.540383081107337,0.39862133913021236,0.15219948545517764,0.5068133240190271,0.017182087188339506,25.08508330993401,73.07005228454223,0.7610151457277471,0.07100337339716134
182.50420648991874,0.23881184966530747,0.7066226424598421,1.6642170982101316,0.2713736223489977,0.12524684553407306,0.5408983137866289,0.011603506952320273,54.691068682076356,66.99887986970673,0.6859740683333663,0.08490823575311879
182.25336382045853,0.2949627738407845,0.5891513339542023,1.8713132928285119,0.35538658374640586,0.14575463364773714,0.5225002086902909,0.013795588143044749,43.61885387621875,60.870877040782474,0.7974091443028277,0.07627305706819243
152.11863049394668,0.21003353448078216,0.75063169245512,2.035904347254716,0.3858636290609296,0.22367013882062253,0.46217923193909943,0.012700853109449862,53.69889146911418,59.197677660694595,0.7668530976735799,0.038379069769234775
170.39895379419244,0.23395693656661787,0.6196585859122268,2.4391129728977763,0.3500182254524745,0.1386560101926555,0.4899968887350815,0.007039080767139616,28.595446342152133,73.84726674691896,0.6977902944678167,0.060587878208480106
186.33462855371465,0.29908050297532435,0.7532535952110534,1.8684969829748779,0.4766111885090074,0.1590468974889511,0.4672279882550044,0.01037491720351122,42.39203607261834,73.2383741435032,0.6926634344745125,0.050446686265331664
175.50388369673036,0.25124466439799237,0.7264337540989402,2.086892948911839,0.3666262745820601,0.1728771105856783,0.5064806488168732,0.005684231596750855,46.81667729115296,68.35256560379963,0.607751449472857,0.061192701987693
198.6899253797758,0.25398488670062735,0.7840651744795426,1.639574064030295,0.42848194260408906,0.20484340792864775,0.5373654364465515,0.012114126201503709,35.749387027376805,68.12441821524062,0.7860290494514653,0.07330198831505186
173.13538145419992,0.20713737169446705,0.7097469226379854,2.2488839709816713,0.4077823845906796,0.11599910846154125,0.4735041553710731,0.005278769626140672,49.98695209185349,64.49510354944032,0.7716233750001958,0.056707668258695776
156.77563120897105,0.28748794375485454,0.7548403547361398,1.6571683450223618,0.47676431585403867,0.14527103056765642,0.4651457825195389,0.019897660541946492,39.83890996120811,67.15688135101084,0.7469798486171074,0.05659256668013768
191.74194433182296,0.2311550806346364,0.7874488375764563,2.4535044584686156,0.2901274510713243,0.17815506593451477,0.46940101064109396,0.018172523492353217,53.43282667827265,62.83066729743371,0.7618095560958674,0.05232067766564796
179.20956730724046,0.2363901767720825,0.6025805179335774,1.8173639973442262,0.45732292487955617,0.11672825259296468,0.5058210989072984,0.015243355361530648,45.949193844407255,60.523859045012045,0.6318362354463781,0.07424127512649648
154.1462893446168,0.28703209602269875,0.6198086336611904,1.5844635772512388,0.4050167450430909,0.10027049874081906,0.45299030886578306,0.006439219321027845,36.33630015299759,66.0594423073557,0.639820995621558,0.052066199863929796
189.67074051515698,0.2742745087982335,0.6039784431270839,1.7217611469395193,0.47705481259024896,0.16742928510427965,0.45219035242804767,0.014759092240363864,47.00004727957866,67.84758157824659,0.7606112415619796,0.04530667430071844
177.1334617830139,0.23485226751587873,0.6238377055639204,2.0384999627720415,0.47187488287841806,0.15555462004230317,0.5328313929899323,0.007883611701630627,54.36202398429687,67.16009250578003,0.73475283738816,0.07549407079977755
158.62637630348368,0.2069270747562485,0.6734459290592297,1.9499925372603188,0.4649730681878695,0.14497788825796581,0.4602366696622358,0.013120545123656374,26.21182163498048,68.34674029702936,0.6558580148939938,0.05132729458136964
